,0,1,2,3,4,5,6
0,java开发工程师,成都,150-500人,本科,200,250,12
1,java开发工程师,北京,15-50人,本科,150,200,12
2,java开发工程师,成都,150-500人,本科,150,200,12
3,java开发工程师,北京,150-500人,本科,150,200,12
4,java开发工程师,西安,150-500人,不限,120,200,12
5,java开发工程师,深圳,2000人以上,本科,200,250,12
6,java开发工程师,北京,2000人以上,本科,150,180,12
7,java开发工程师,上海,2000人以上,本科,120,180,12
8,java开发工程师,上海,2000人以上,本科,120,150,12
9,java开发工程师,上海,15-50人,本科,150,200,12
10,java开发工程师,北京,2000人以上,本科,200,300,12
11,java开发工程师,北京,2000人以上,本科,200,250,12
12,java开发工程师,杭州,15-50人,本科,150,180,12
13,java开发工程师,上海,2000人以上,本科,200,250,12
14,java开发工程师,石家庄,15-50人,本科,250,300,12
15,java开发工程师,深圳,500-2000人,本科,200,250,12
16,java开发工程师,北京,2000人以上,本科,200,250,12
17,java开发工程师,上海,2000人以上,本科,150,200,12
18,java开发工程师,上海,2000人以上,不限,0,0,12
19,java开发工程师,上海,500-2000人,本科,150,180,12
20,java开发工程师,北京,2000人以上,本科,136,181,12
21,java开发工程师,长沙,150-500人,本科,180,300,12
22,java开发工程师,上海,少于15人,本科,200,200,12
23,java开发工程师,上海,2000人以上,不限,200,250,12
24,java开发工程师,北京,2000人以上,本科,200,300,12
25,java开发工程师,西安,150-500人,本科,120,200,12
26,java开发工程师,上海,2000人以上,本科,180,200,12
27,java开发工程师,深圳,500-2000人,本科,150,200,12
28,java开发工程师,上海,2000人以上,本科,150,150,12
29,java开发工程师,上海,2000人以上,本科,150,150,12
30,java开发工程师,无锡,2000人以上,本科,150,250,12
31,java开发工程师,宁波,150-500人,本科,100,150,12
32,java开发工程师,上海,500-2000人,本科,120,180,12
33,java开发工程师,天津,15-50人,不限,150,300,12
34,java开发工程师,广州,150-500人,本科,150,250,12
35,java开发工程师,南京,2000人以上,本科,180,180,12
36,java开发工程师,广州,2000人以上,不限,150,150,12
37,java开发工程师,北京,2000人以上,本科,250,300,12
38,java开发工程师,北京,2000人以上,本科,120,150,12
39,java开发工程师,北京,2000人以上,本科,150,200,12
40,java开发工程师,上海,500-2000人,本科,120,180,12
41,java开发工程师,上海,2000人以上,本科,200,200,12
42,java开发工程师,上海,500-2000人,大专,120,200,12
