,0,1,2,3,4,5,6
0,java开发工程师,广州,50-150人,大专,200,400,12
1,java开发工程师,天津,150-500人,本科,150,300,12
2,java开发工程师,南京,15-50人,不限,180,200,12
3,java开发工程师,上海,50-150人,本科,120,150,12
4,java开发工程师,南京,15-50人,本科,180,200,12
5,java开发工程师,成都,15-50人,不限,100,180,12
6,java开发工程师,深圳,少于15人,本科,180,300,12
7,java开发工程师,北京,500-2000人,本科,120,180,12
8,java开发工程师,广州,150-500人,不限,120,200,12
9,java开发工程师,北京,15-50人,本科,150,200,12
10,java开发工程师,佛山,50-150人,不限,150,300,12
11,java开发工程师,广州,2000人以上,本科,25,50,12
12,java开发工程师,杭州,15-50人,大专,100,150,12
13,java开发工程师,北京,2000人以上,不限,250,400,12
14,java开发工程师,广州,少于15人,大专,150,200,12
15,java开发工程师,深圳,150-500人,本科,200,300,12
16,java开发工程师,苏州,15-50人,本科,150,250,12
17,java开发工程师,北京,少于15人,不限,100,200,12
18,java开发工程师,广州,少于15人,本科,100,200,12
19,java开发工程师,广州,15-50人,大专,100,150,12
20,java开发工程师,上海,少于15人,本科,200,250,12
21,java开发工程师,北京,500-2000人,不限,120,150,12
22,java开发工程师,广州,15-50人,本科,150,200,12
23,java开发工程师,南昌,150-500人,大专,100,150,12
