,0,1,2,3,4,5,6
0,java开发工程师,北京,150-500人,本科,250,400,12
1,java开发工程师,上海,15人以下,本科,0,0,12
2,java开发工程师,广州,500-2000人,本科,150,200,12
3,java开发工程师,上海,50-150人,本科,200,400,12
4,java开发工程师,北京,50-150人,本科,150,250,12
5,java开发工程师,深圳,2000人以上,本科,200,250,12
6,java开发工程师,成都,2000人以上,不限,120,200,12
7,java开发工程师,深圳,15-50人,本科,200,300,12
8,java开发工程师,杭州,500-2000人,本科,180,200,12
9,java开发工程师,上海,15人以下,本科,150,200,12
10,java开发工程师,北京,2000人以上,本科,150,200,12
11,java开发工程师,上海,150-500人,本科,200,400,12
12,java开发工程师,上海,50-150人,本科,150,200,12
13,java开发工程师,广州,少于15人,本科,100,180,12
14,java开发工程师,全国,少于15人,大专,150,250,12
15,java开发工程师,广州,15-50人,本科,100,150,12
16,java开发工程师,上海,2000人以上,本科,200,250,12
17,java开发工程师,上海,15-50人,本科,120,120,12
18,java开发工程师,全国,150-500人,本科,200,300,12
19,java开发工程师,上海,15-50人,硕士,150,200,12
20,java开发工程师,成都,15-50人,大专,100,150,12
21,java开发工程师,南京,50-150人,不限,300,500,12
22,java开发工程师,上海,15-50人,硕士,0,0,12
23,java开发工程师,苏州,500-2000人,硕士,400,400,12
24,java开发工程师,上海,15-50人,本科,300,300,12
25,java开发工程师,上海,50-150人,本科,200,400,12
26,java开发工程师,北京,2000人以上,本科,200,250,12
27,java开发工程师,北京,2000人以上,本科,400,400,12
28,java开发工程师,广州,15-50人,本科,150,200,12
29,java开发工程师,成都,15-50人,本科,100,150,12
30,java开发工程师,北京,150-500人,大专,400,800,12
31,java开发工程师,北京,150-500人,本科,250,400,12
32,java开发工程师,上海,15-50人,本科,150,150,12
33,java开发工程师,北京,150-500人,本科,200,400,12
34,java开发工程师,上海,500-2000人,本科,200,300,12
35,java开发工程师,深圳,2000人以上,本科,200,300,12
36,java开发工程师,北京,2000人以上,本科,250,300,12
37,java开发工程师,上海,2000人以上,本科,200,200,12
38,java开发工程师,青岛,50-150人,大专,150,250,12
39,java开发工程师,青岛,150-500人,大专,200,300,12
40,java开发工程师,北京,150-500人,本科,250,300,12
41,java开发工程师,北京,2000人以上,本科,300,400,12
42,java开发工程师,北京,15人以下,不限,0,0,12
43,java开发工程师,上海,15-50人,不限,100,200,12
44,java开发工程师,厦门,2000人以上,本科,100,200,12
45,java开发工程师,杭州,500-2000人,本科,150,200,12
46,java开发工程师,上海,15-50人,本科,150,200,12
47,java开发工程师,上海,150-500人,大专,150,180,12
48,java开发工程师,昆明,150-500人,本科,150,200,12
49,java开发工程师,深圳,15-50人,本科,180,300,12
50,java开发工程师,深圳,150-500人,本科,200,300,12
51,java开发工程师,西安,500-2000人,本科,180,250,12
52,java开发工程师,深圳,15-50人,本科,150,200,12
53,java开发工程师,南京,2000人以上,本科,120,200,12
54,java开发工程师,上海,150-500人,本科,200,300,12
55,java开发工程师,深圳,500-2000人,本科,180,250,12
56,java开发工程师,北京,150-500人,本科,200,300,12
57,java开发工程师,厦门,150-500人,本科,150,200,12
58,java开发工程师,惠州,15-50人,大专,100,150,12
59,java开发工程师,广州,15-50人,本科,200,300,12
60,java开发工程师,成都,15-50人,不限,150,200,12
61,java开发工程师,北京,150-500人,硕士,200,300,12
62,java开发工程师,上海,少于15人,本科,200,400,12
63,java开发工程师,上海,50-150人,本科,200,250,12
64,java开发工程师,上海,15-50人,本科,250,400,12
65,java开发工程师,上海,50-150人,不限,200,400,12
66,java开发工程师,北京,2000人以上,本科,200,300,12
67,java开发工程师,上海,15-50人,本科,150,250,12
68,java开发工程师,上海,150-500人,本科,200,250,12
69,java开发工程师,北京,50-150人,本科,300,500,12
70,java开发工程师,南京,15-50人,不限,180,200,12
71,java开发工程师,惠州,15-50人,大专,100,150,12
72,java开发工程师,武汉,150-500人,本科,100,120,12
73,java开发工程师,北京,少于15人,不限,200,250,12
74,java开发工程师,苏州,2000人以上,本科,180,200,12
75,java开发工程师,北京,150-500人,硕士,150,150,12
76,java开发工程师,北京,150-500人,本科,200,300,12
77,java开发工程师,南京,500-2000人,硕士,120,150,12
78,java开发工程师,北京,少于15人,本科,200,400,12
79,java开发工程师,北京,少于15人,本科,200,400,12
80,java开发工程师,沈阳,15-50人,不限,100,150,12
81,java开发工程师,武汉,少于15人,本科,100,150,12
82,java开发工程师,北京,15-50人,不限,100,150,12
83,java开发工程师,上海,50-150人,本科,300,500,12
84,java开发工程师,上海,少于15人,本科,150,300,12
85,java开发工程师,上海,150-500人,本科,120,200,12
86,java开发工程师,深圳,50-150人,不限,120,150,12
87,java开发工程师,北京,15-50人,本科,200,300,12
88,java开发工程师,上海,2000人以上,本科,250,400,12
89,java开发工程师,广州,2000人以上,本科,100,150,12
90,java开发工程师,厦门,50-150人,本科,120,150,12
91,java开发工程师,杭州,2000人以上,本科,120,180,12
92,java开发工程师,北京,500-2000人,本科,300,400,12
93,java开发工程师,上海,50-150人,本科,800,1000,12
94,java开发工程师,深圳,15-50人,本科,120,200,12
95,java开发工程师,杭州,500-2000人,硕士,200,250,12
96,java开发工程师,杭州,2000人以上,本科,250,300,12
97,java开发工程师,长沙,50-150人,本科,200,300,12
98,java开发工程师,北京,500-2000人,硕士,300,500,12
99,java开发工程师,上海,2000人以上,本科,250,300,12
100,java开发工程师,杭州,500-2000人,本科,150,200,12
101,java开发工程师,上海,2000人以上,不限,300,400,12
102,java开发工程师,杭州,50-150人,本科,300,400,12
103,java开发工程师,北京,2000人以上,本科,150,180,12
104,java开发工程师,北京,150-500人,本科,200,300,12
105,java开发工程师,广州,50-150人,本科,100,200,12
106,java开发工程师,上海,15-50人,本科,150,300,12
107,java开发工程师,杭州,500-2000人,硕士,150,200,12
108,java开发工程师,上海,15-50人,本科,400,500,12
109,java开发工程师,上海,50-150人,本科,150,250,12
110,java开发工程师,北京,15-50人,不限,100,150,12
111,java开发工程师,南京,500-2000人,本科,200,250,12
112,java开发工程师,杭州,500-2000人,硕士,200,300,12
113,java开发工程师,北京,15-50人,本科,150,250,12
114,java开发工程师,上海,15-50人,本科,200,400,12
115,java开发工程师,沈阳,15-50人,不限,100,150,12
116,java开发工程师,上海,150-500人,硕士,300,300,12
117,java开发工程师,合肥,150-500人,本科,100,200,12
118,java开发工程师,上海,少于15人,本科,200,250,12
119,java开发工程师,北京,500-2000人,本科,300,400,12
120,java开发工程师,成都,2000人以上,本科,120,200,12
121,java开发工程师,北京,2000人以上,本科,200,300,12
122,java开发工程师,重庆,2000人以上,本科,300,400,12
123,java开发工程师,北京,2000人以上,本科,400,400,12
124,java开发工程师,北京,50-150人,不限,150,300,12
125,java开发工程师,广州,15人以下,本科,300,500,12
126,java开发工程师,北京,2000人以上,本科,150,300,12
127,java开发工程师,上海,2000人以上,本科,300,300,12
128,java开发工程师,北京,2000人以上,本科,200,300,12
129,java开发工程师,北京,2000人以上,本科,200,300,12
130,java开发工程师,杭州,500-2000人,本科,180,250,12
131,java开发工程师,杭州,500-2000人,本科,180,250,12
132,java开发工程师,南京,少于15人,不限,150,300,12
133,java开发工程师,广州,少于15人,大专,150,200,12
134,java开发工程师,杭州,2000人以上,本科,180,200,12
135,java开发工程师,上海,15-50人,本科,200,400,12
136,java开发工程师,武汉,2000人以上,本科,150,200,12
137,java开发工程师,北京,2000人以上,本科,200,300,12
138,java开发工程师,北京,15-50人,不限,200,300,12
139,java开发工程师,宁波,50-150人,本科,400,500,12
140,java开发工程师,宁波,15-50人,本科,150,300,12
141,java开发工程师,上海,2000人以上,本科,250,300,12
142,java开发工程师,上海,500-2000人,本科,200,300,12
143,java开发工程师,上海,15-50人,本科,300,300,12
144,java开发工程师,北京,2000人以上,不限,300,300,12
145,java开发工程师,长沙,2000人以上,本科,120,150,12
146,java开发工程师,上海,15-50人,硕士,180,250,12
147,java开发工程师,北京,2000人以上,本科,250,300,12
148,java开发工程师,上海,2000人以上,本科,300,300,12
149,java开发工程师,北京,2000人以上,本科,200,300,12
150,java开发工程师,广州,500-2000人,本科,180,250,12
151,java开发工程师,南京,少于15人,本科,150,300,12
152,java开发工程师,北京,500-2000人,本科,180,250,12
153,java开发工程师,北京,2000人以上,本科,0,50,12
154,java开发工程师,上海,2000人以上,本科,300,300,12
155,java开发工程师,上海,500-2000人,本科,200,400,12
156,java开发工程师,上海,2000人以上,本科,50,80,12
157,java开发工程师,北京,2000人以上,本科,250,300,12
158,java开发工程师,北京,2000人以上,本科,200,300,12
159,java开发工程师,上海,150-500人,不限,150,200,12
160,java开发工程师,北京,2000人以上,本科,200,300,12
161,java开发工程师,北京,2000人以上,本科,200,300,12
162,java开发工程师,成都,2000人以上,本科,200,250,12
