,0,1,2,3,4,5,6
0,java开发工程师,北京,2000人以上,本科,200,300,12
1,java开发工程师,南京,50-150人,不限,200,400,12
2,java开发工程师,成都,15-50人,大专,150,200,12
3,java开发工程师,重庆,150-500人,本科,120,180,12
4,java开发工程师,上海,15-50人,大专,80,150,12
5,java开发工程师,深圳,50-150人,本科,150,250,12
6,java开发工程师,深圳,50-150人,本科,150,150,12
7,java开发工程师,上海,15人以下,大专,0,0,12
8,java开发工程师,北京,500-2000人,本科,150,300,12
9,java开发工程师,深圳,15-50人,本科,150,300,12
10,java开发工程师,北京,50-150人,本科,150,200,12
11,java开发工程师,深圳,50-150人,本科,150,250,12
12,java开发工程师,广州,500-2000人,本科,150,200,12
13,java开发工程师,北京,2000人以上,不限,300,400,12
14,java开发工程师,成都,15-50人,本科,120,150,12
15,java开发工程师,青岛,150-500人,大专,0,0,12
16,java开发工程师,南京,15-50人,本科,180,200,12
17,java开发工程师,上海,500-2000人,本科,180,250,12
18,java开发工程师,苏州,150-500人,本科,120,180,12
19,java开发工程师,重庆,2000人以上,本科,100,200,12
20,java开发工程师,上海,2000人以上,本科,200,200,12
21,java开发工程师,杭州,15-50人,本科,50,100,12
22,java开发工程师,北京,2000人以上,本科,100,200,12
23,java开发工程师,北京,少于15人,本科,200,250,12
24,java开发工程师,厦门,50-150人,本科,300,500,12
25,java开发工程师,全国,150-500人,本科,200,300,12
26,java开发工程师,全国,少于15人,不限,150,300,12
27,java开发工程师,深圳,少于15人,本科,250,300,12
28,java开发工程师,杭州,150-500人,本科,180,300,12
29,java开发工程师,昆明,150-500人,本科,100,200,12
30,java开发工程师,北京,150-500人,本科,200,250,12
31,java开发工程师,深圳,150-500人,不限,800,1000,12
32,java开发工程师,北京,150-500人,不限,200,300,12
33,java开发工程师,北京,少于15人,本科,300,400,12
34,java开发工程师,天津,150-500人,本科,250,300,12
35,java开发工程师,北京,少于15人,本科,150,300,12
36,java开发工程师,成都,15-50人,不限,180,200,12
37,java开发工程师,北京,50-150人,本科,200,400,12
38,java开发工程师,北京,15-50人,本科,150,180,12
39,java开发工程师,成都,15-50人,不限,180,200,12
40,java开发工程师,成都,150-500人,本科,150,250,12
41,java开发工程师,上海,50-150人,本科,120,150,12
42,java开发工程师,上海,15-50人,不限,120,150,12
43,java开发工程师,成都,15-50人,本科,500,800,12
44,java开发工程师,北京,2000人以上,硕士,200,300,12
45,java开发工程师,北京,2000人以上,本科,200,300,12
46,java开发工程师,成都,50-150人,本科,180,300,12
47,java开发工程师,成都,15-50人,大专,120,150,12
48,java开发工程师,广州,2000人以上,本科,150,200,12
49,java开发工程师,深圳,150-500人,大专,180,250,12
50,java开发工程师,长沙,150-500人,本科,120,180,12
51,java开发工程师,上海,15-50人,本科,150,300,12
52,java开发工程师,广州,15-50人,本科,120,150,12
53,java开发工程师,杭州,500-2000人,硕士,200,250,12
54,java开发工程师,深圳,2000人以上,本科,300,400,12
55,java开发工程师,成都,少于15人,不限,100,180,12
56,java开发工程师,深圳,2000人以上,本科,200,250,12
57,java开发工程师,北京,50-150人,本科,250,300,12
58,java开发工程师,广州,2000人以上,本科,80,100,12
59,java开发工程师,深圳,50-150人,本科,200,400,12
60,java开发工程师,深圳,50-150人,本科,200,400,12
61,java开发工程师,福州,15-50人,本科,50,50,12
62,java开发工程师,北京,150-500人,本科,250,400,12
63,java开发工程师,北京,15-50人,本科,100,200,12
64,java开发工程师,北京,2000人以上,本科,400,400,12
65,java开发工程师,南宁,15-50人,本科,150,200,12
66,java开发工程师,深圳,150-500人,本科,100,200,12
67,java开发工程师,北京,2000人以上,本科,250,300,12
68,java开发工程师,杭州,500-2000人,本科,180,200,12
69,java开发工程师,北京,2000人以上,本科,300,400,12
70,java开发工程师,天津,150-500人,本科,150,300,12
71,java开发工程师,青岛,50-150人,大专,200,300,12
72,java开发工程师,上海,2000人以上,本科,300,400,12
73,java开发工程师,上海,15-50人,本科,180,200,12
74,java开发工程师,北京,500-2000人,本科,300,400,12
75,java开发工程师,成都,50-150人,本科,200,400,12
76,java开发工程师,深圳,500-2000人,本科,200,200,12
77,java开发工程师,北京,500-2000人,本科,300,400,12
78,java开发工程师,武汉,500-2000人,本科,150,150,12
79,java开发工程师,上海,15-50人,本科,300,300,12
80,java开发工程师,北京,500-2000人,本科,80,150,12
81,java开发工程师,上海,2000人以上,本科,300,400,12
82,java开发工程师,上海,2000人以上,本科,200,250,12
83,java开发工程师,北京,15-50人,本科,400,500,12
84,java开发工程师,上海,15人以下,本科,200,250,12
85,java开发工程师,上海,2000人以上,本科,200,400,12
86,java开发工程师,上海,少于15人,本科,200,300,12
87,java开发工程师,无锡,2000人以上,本科,150,200,12
88,java开发工程师,北京,2000人以上,本科,150,200,12
89,java开发工程师,北京,2000人以上,本科,100,150,12
90,java开发工程师,上海,2000人以上,本科,200,300,12
91,java开发工程师,上海,150-500人,本科,200,250,12
92,java开发工程师,北京,2000人以上,本科,300,400,12
93,java开发工程师,上海,150-500人,本科,100,200,12
94,java开发工程师,南京,150-500人,本科,100,180,12
95,java开发工程师,上海,2000人以上,本科,250,300,12
96,java开发工程师,成都,50-150人,本科,150,200,12
97,java开发工程师,上海,150-500人,本科,150,250,12
98,java开发工程师,上海,2000人以上,本科,200,300,12
99,java开发工程师,北京,500-2000人,不限,300,500,12
100,java开发工程师,上海,2000人以上,本科,200,200,12
101,java开发工程师,北京,2000人以上,本科,300,400,12
102,java开发工程师,合肥,2000人以上,本科,80,100,12
103,java开发工程师,北京,2000人以上,本科,0,0,12
104,java开发工程师,成都,150-500人,本科,100,200,12
105,java开发工程师,广州,50-150人,本科,80,120,12
106,java开发工程师,广州,50-150人,本科,100,200,12
107,java开发工程师,广州,15-50人,本科,150,300,12
108,java开发工程师,重庆,50-150人,本科,100,200,12
109,java开发工程师,广州,150-500人,不限,120,200,12
110,java开发工程师,广州,50-150人,大专,150,200,12
111,java开发工程师,深圳,500-2000人,本科,180,250,12
112,java开发工程师,成都,少于15人,大专,80,100,12
113,java开发工程师,深圳,15人以下,硕士,0,0,12
114,java开发工程师,深圳,150-500人,本科,120,200,12
115,java开发工程师,广州,15-50人,大专,100,150,12
116,java开发工程师,南京,2000人以上,本科,150,200,12
117,java开发工程师,惠州,15-50人,大专,100,150,12
118,java开发工程师,广州,15-50人,本科,300,500,12
119,java开发工程师,北京,15-50人,大专,100,180,12
120,java开发工程师,杭州,15-50人,本科,200,200,12
121,java开发工程师,广州,15-50人,本科,250,400,12
122,java开发工程师,广州,15-50人,本科,120,180,12
123,java开发工程师,南京,少于15人,本科,150,300,12
124,java开发工程师,深圳,2000人以上,本科,100,200,12
125,java开发工程师,上海,150-500人,大专,100,200,12
126,java开发工程师,全国,15-50人,不限,150,250,12
127,java开发工程师,成都,15-50人,大专,180,200,12
128,java开发工程师,西安,500-2000人,本科,180,250,12
129,java开发工程师,济南,2000人以上,本科,80,120,12
130,java开发工程师,西安,2000人以上,本科,150,180,12
131,java开发工程师,北京,2000人以上,本科,180,200,12
132,java开发工程师,青岛,50-150人,不限,50,100,12
133,java开发工程师,杭州,15-50人,本科,150,200,12
134,java开发工程师,成都,15-50人,大专,150,200,12
135,java开发工程师,南京,2000人以上,本科,200,200,12
136,java开发工程师,北京,15-50人,本科,300,400,12
137,java开发工程师,北京,500-2000人,本科,300,500,12
138,java开发工程师,北京,2000人以上,本科,180,200,12
139,java开发工程师,成都,15-50人,大专,100,150,12
140,java开发工程师,上海,2000人以上,本科,800,1000,12
141,java开发工程师,北京,15-50人,本科,150,180,12
142,java开发工程师,深圳,少于15人,不限,0,20,12
143,java开发工程师,北京,15-50人,本科,200,200,12
144,java开发工程师,上海,少于15人,本科,150,300,12
145,java开发工程师,北京,2000人以上,本科,150,200,12
146,java开发工程师,杭州,500-2000人,本科,150,300,12
147,java开发工程师,上海,50-150人,本科,120,200,12
148,java开发工程师,北京,15-50人,本科,100,200,12
149,java开发工程师,成都,15-50人,本科,180,200,12
150,java开发工程师,北京,少于15人,本科,200,400,12
151,java开发工程师,北京,500-2000人,不限,120,150,12
152,java开发工程师,北京,2000人以上,本科,150,200,12
153,java开发工程师,北京,15-50人,本科,0,0,12
154,java开发工程师,北京,150-500人,不限,180,300,12
155,java开发工程师,南京,15-50人,不限,180,200,12
156,java开发工程师,成都,50-150人,大专,80,150,12
157,java开发工程师,上海,150-500人,本科,200,250,12
158,java开发工程师,上海,2000人以上,本科,150,200,12
159,java开发工程师,北京,500-2000人,本科,200,400,12
160,java开发工程师,苏州,15-50人,不限,120,150,12
161,java开发工程师,上海,50-150人,本科,150,150,12
162,java开发工程师,杭州,500-2000人,硕士,150,200,12
163,java开发工程师,南京,500-2000人,硕士,120,150,12
164,java开发工程师,成都,150-500人,本科,100,150,12
165,java开发工程师,苏州,50-150人,不限,100,150,12
166,java开发工程师,南京,15-50人,本科,150,200,12
167,java开发工程师,北京,50-150人,本科,150,200,12
168,java开发工程师,上海,2000人以上,本科,200,200,12
169,java开发工程师,济南,500-2000人,本科,120,150,12
170,java开发工程师,上海,50-150人,本科,300,500,12
171,java开发工程师,青岛,15-50人,不限,120,150,12
172,java开发工程师,北京,2000人以上,本科,250,300,12
173,java开发工程师,北京,2000人以上,本科,200,400,12
174,java开发工程师,成都市,2000人以上,本科,200,400,12
175,java开发工程师,深圳市,2000人以上,本科,200,400,12
176,java开发工程师,上海市,2000人以上,本科,200,400,12
177,java开发工程师,武汉市,2000人以上,本科,200,400,12
178,java开发工程师,广州,少于15人,不限,100,200,12
179,java开发工程师,上海,150-500人,本科,120,200,12
180,java开发工程师,全国,150-500人,本科,500,800,12
181,java开发工程师,北京,50-150人,本科,150,250,12
182,java开发工程师,石家庄,15-50人,大专,0,0,12
183,java开发工程师,北京,2000人以上,本科,400,400,12
184,java开发工程师,北京,2000人以上,本科,250,300,12
185,java开发工程师,广州,15-50人,本科,100,150,12
186,java开发工程师,北京,500-2000人,本科,180,200,12
187,java开发工程师,广州,15-50人,大专,150,200,12
188,java开发工程师,北京,2000人以上,本科,250,400,12
189,java开发工程师,北京,2000人以上,本科,250,400,12
190,java开发工程师,北京,50-150人,本科,200,250,12
191,java开发工程师,长沙,2000人以上,本科,100,150,12
192,java开发工程师,北京,150-500人,本科,200,400,12
193,java开发工程师,厦门,15-50人,本科,100,150,12
194,java开发工程师,北京,2000人以上,本科,200,400,12
195,java开发工程师,上海,150-500人,本科,200,300,12
196,java开发工程师,北京,2000人以上,本科,300,500,12
197,java开发工程师,合肥,2000人以上,本科,100,150,12
198,java开发工程师,广州,15-50人,不限,120,200,12
199,java开发工程师,广州,15-50人,不限,150,250,12
200,java开发工程师,北京,150-500人,不限,50,100,12
201,java开发工程师,广州,15-50人,不限,120,200,12
202,java开发工程师,广州,150-500人,本科,150,250,12
203,java开发工程师,衢州,500-2000人,不限,80,150,12
204,java开发工程师,广州,50-150人,不限,100,200,12
205,java开发工程师,上海,15-50人,大专,150,300,12
206,java开发工程师,深圳,50-150人,本科,100,180,12
207,java开发工程师,北京,15-50人,大专,50,100,12
208,java开发工程师,深圳,少于15人,本科,180,250,12
209,java开发工程师,北京,2000人以上,本科,150,200,12
210,java开发工程师,北京,15-50人,本科,150,250,12
211,java开发工程师,日照,15-50人,大专,80,120,12
212,java开发工程师,青岛,50-150人,大专,150,180,12
213,java开发工程师,北京,15-50人,本科,150,200,12
214,java开发工程师,北京,15-50人,本科,250,300,12
215,java开发工程师,北京,15-50人,本科,120,200,12
216,java开发工程师,北京,15-50人,本科,200,250,12
217,java开发工程师,广州,少于15人,本科,120,180,12
218,java开发工程师,西安,150-500人,本科,150,250,12
219,java开发工程师,北京,少于15人,不限,150,250,12
220,java开发工程师,福州,2000人以上,本科,120,180,12
221,java开发工程师,成都,15-50人,不限,180,250,12
222,java开发工程师,南京,150-500人,本科,200,300,12
223,java开发工程师,深圳,15-50人,本科,180,200,12
224,java开发工程师,上海,2000人以上,本科,300,400,12
225,java开发工程师,上海,150-500人,本科,200,300,12
226,java开发工程师,北京,15-50人,硕士,200,400,12
227,java开发工程师,南京,50-150人,不限,150,200,12
228,java开发工程师,北京,2000人以上,本科,250,300,12
229,java开发工程师,北京,少于15人,本科,200,200,12
230,java开发工程师,杭州,15-50人,本科,180,250,12
231,java开发工程师,成都,2000人以上,不限,100,100,12
232,java开发工程师,成都,15-50人,不限,180,200,12
233,java开发工程师,北京,2000人以上,本科,200,250,12
234,java开发工程师,北京,15-50人,本科,150,250,12
235,java开发工程师,成都,15-50人,不限,120,180,12
236,java开发工程师,成都,150-500人,本科,150,250,12
237,java开发工程师,上海,150-500人,硕士,100,100,12
238,java开发工程师,上海,15-50人,大专,100,120,12
239,java开发工程师,成都,少于15人,不限,50,80,12
240,java开发工程师,北京,50-150人,硕士,200,250,12
241,java开发工程师,南京,150-500人,本科,200,300,12
242,java开发工程师,上海,150-500人,本科,150,250,12
243,java开发工程师,上海,50-150人,本科,150,250,12
244,java开发工程师,广州,15-50人,本科,150,200,12
245,java开发工程师,杭州,2000人以上,本科,400,400,12
246,java开发工程师,重庆,2000人以上,本科,300,400,12
247,java开发工程师,北京,500-2000人,本科,300,400,12
248,java开发工程师,上海,500-2000人,本科,120,150,12
249,java开发工程师,北京,2000人以上,本科,300,400,12
250,java开发工程师,北京,2000人以上,本科,250,300,12
251,java开发工程师,北京,2000人以上,本科,400,400,12
252,java开发工程师,成都,500-2000人,不限,150,180,12
253,java开发工程师,上海,15-50人,不限,100,120,12
254,java开发工程师,上海,2000人以上,硕士,180,250,12
255,java开发工程师,武汉,2000人以上,本科,200,200,12
256,java开发工程师,北京,2000人以上,本科,150,200,12
257,java开发工程师,杭州,50-150人,本科,100,200,12
258,java开发工程师,上海,15-50人,不限,300,400,12
259,java开发工程师,广州,少于15人,不限,80,130,12
260,java开发工程师,郑州,150-500人,大专,180,200,12
261,java开发工程师,杭州,15-50人,本科,120,180,12
262,java开发工程师,西安,2000人以上,本科,150,180,12
263,java开发工程师,上海,15-50人,本科,100,200,12
264,java开发工程师,北京,150-500人,本科,180,250,12
265,java开发工程师,宁波,15-50人,本科,150,200,12
266,java开发工程师,成都,15-50人,本科,150,200,12
267,java开发工程师,苏州,15人以下,本科,200,300,12
268,java开发工程师,成都,15-50人,不限,180,250,12
269,java开发工程师,北京,150-500人,本科,0,0,12
270,java开发工程师,上海,15-50人,本科,300,300,12
271,java开发工程师,广州,500-2000人,本科,200,250,12
272,java开发工程师,北京,150-500人,本科,0,0,12
273,java开发工程师,全国,2000人以上,本科,0,0,12
274,java开发工程师,上海,15-50人,硕士,180,250,12
275,java开发工程师,北京,2000人以上,本科,200,300,12
276,java开发工程师,武汉,2000人以上,本科,250,400,12
277,java开发工程师,上海,2000人以上,本科,200,300,12
278,java开发工程师,上海,500-2000人,本科,200,250,12
279,java开发工程师,杭州,500-2000人,本科,120,200,12
280,java开发工程师,郑州,150-500人,大专,150,200,12
281,java开发工程师,北京,2000人以上,本科,180,200,12
282,java开发工程师,北京,2000人以上,本科,0,20,12
283,java开发工程师,成都,15-50人,不限,180,300,12
284,java开发工程师,北京,15-50人,本科,250,400,12
285,java开发工程师,济南,2000人以上,不限,100,120,12
286,java开发工程师,上海,2000人以上,本科,200,300,12
287,java开发工程师,西安,500-2000人,不限,150,200,12
288,java开发工程师,南京,500-2000人,大专,100,150,12
289,java开发工程师,深圳,500-2000人,大专,120,180,12
290,java开发工程师,上海,500-2000人,不限,150,200,12
291,java开发工程师,天津,150-500人,不限,150,200,12
292,java开发工程师,深圳,2000人以上,本科,200,300,12
293,java开发工程师,郑州,500-2000人,大专,100,150,12
294,java开发工程师,济南,2000人以上,大专,100,150,12
295,java开发工程师,广州,500-2000人,大专,150,200,12
296,java开发工程师,苏州,500-2000人,不限,150,200,12
297,java开发工程师,成都,500-2000人,大专,100,150,12
298,java开发工程师,上海,2000人以上,本科,200,300,12
299,java开发工程师,重庆,500-2000人,大专,120,200,12
300,java开发工程师,北京,2000人以上,本科,250,500,12
301,java开发工程师,南昌,150-500人,大专,100,150,12
302,java开发工程师,青岛,500-2000人,大专,150,300,12
303,java开发工程师,北京,150-500人,大专,120,200,12
304,java开发工程师,石家庄,500-2000人,大专,150,300,12
305,java开发工程师,长沙,500-2000人,大专,120,200,12
306,java开发工程师,杭州,500-2000人,大专,100,150,12
307,java开发工程师,重庆,500-2000人,大专,120,200,12
308,java开发工程师,天津,15-50人,大专,200,300,12
309,java开发工程师,北京,2000人以上,本科,150,250,12
310,java开发工程师,上海,2000人以上,本科,50,80,12
311,java开发工程师,上海,2000人以上,本科,200,300,12
312,java开发工程师,武汉,500-2000人,大专,150,300,12
313,java开发工程师,济南,2000人以上,大专,120,150,12
314,java开发工程师,上海,2000人以上,本科,200,300,12
315,java开发工程师,上海,2000人以上,本科,300,300,12
316,java开发工程师,北京,2000人以上,本科,250,300,12
317,java开发工程师,北京,2000人以上,本科,318,363,12
318,java开发工程师,北京,15-50人,硕士,200,400,12
319,java开发工程师,北京,150-500人,硕士,200,300,12
320,java开发工程师,北京,15-50人,本科,400,500,12
