,0,1,2,3,4,5,6
0,java开发工程师,深圳,2000人以上,本科,200,300,12
1,java开发工程师,南京,500-2000人,本科,200,300,12
2,java开发工程师,深圳,2000人以上,本科,200,300,12
3,java开发工程师,成都,15-50人,不限,120,150,12
4,java开发工程师,广州,150-500人,本科,180,200,12
5,java开发工程师,广州,2000人以上,本科,160,200,12
6,java开发工程师,重庆,150-500人,本科,120,180,12
7,java开发工程师,深圳,150-500人,本科,120,150,12
8,java开发工程师,上海,150-500人,大专,150,200,12
9,java开发工程师,深圳,2000人以上,本科,100,200,12
10,java开发工程师,广州,500-2000人,本科,150,200,12
11,java开发工程师,武汉,2000人以上,本科,80,150,12
12,java开发工程师,上海,15人以下,不限,150,200,12
13,java开发工程师,北京,2000人以上,本科,150,250,12
14,java开发工程师,武汉,2000人以上,不限,100,150,12
15,java开发工程师,北京,150-500人,本科,200,400,12
16,java开发工程师,杭州,500-2000人,本科,120,180,12
17,java开发工程师,北京,500-2000人,本科,150,200,12
18,java开发工程师,天津,500-2000人,本科,150,200,12
19,java开发工程师,深圳,500-2000人,本科,100,150,12
20,java开发工程师,长沙,2000人以上,本科,120,150,12
21,java开发工程师,成都,500-2000人,本科,120,150,12
22,java开发工程师,苏州,2000人以上,本科,150,180,12
23,java开发工程师,苏州,2000人以上,不限,150,180,12
24,java开发工程师,深圳,500-2000人,本科,180,250,12
25,java开发工程师,上海,2000人以上,本科,200,200,12
26,java开发工程师,成都,500-2000人,不限,100,120,12
27,java开发工程师,上海,2000人以上,本科,120,150,12
28,java开发工程师,合肥,2000人以上,本科,100,150,12
29,java开发工程师,上海,2000人以上,本科,200,200,12
30,java开发工程师,上海,2000人以上,本科,150,180,12
31,java开发工程师,深圳,500-2000人,本科,150,150,12
32,java开发工程师,福州,150-500人,不限,100,150,12
33,java开发工程师,广州,50-150人,本科,100,150,12
34,java开发工程师,北京,150-500人,本科,150,180,12
35,java开发工程师,北京,2000人以上,本科,100,150,12
36,java开发工程师,武汉,500-2000人,不限,180,300,12
37,java开发工程师,深圳,15-50人,本科,200,400,12
38,java开发工程师,北京,50-150人,本科,150,180,12
39,java开发工程师,北京,15-50人,不限,100,150,12
40,java开发工程师,成都,150-500人,本科,200,300,12
41,java开发工程师,广州,15-50人,本科,250,400,12
42,java开发工程师,上海,15-50人,本科,200,300,12
43,java开发工程师,深圳,150-500人,本科,120,200,12
44,java开发工程师,天津,50-150人,大专,80,120,12
45,java开发工程师,济南,500-2000人,本科,100,150,12
46,java开发工程师,北京,2000人以上,不限,150,200,12
47,java开发工程师,北京,150-500人,本科,200,250,12
48,java开发工程师,福州,2000人以上,本科,100,100,12
49,java开发工程师,北京,150-500人,本科,150,250,12
50,java开发工程师,北京,500-2000人,本科,200,300,12
51,java开发工程师,深圳,150-500人,大专,100,150,12
52,java开发工程师,北京,2000人以上,本科,150,200,12
53,java开发工程师,杭州,500-2000人,本科,180,200,12
54,java开发工程师,北京,2000人以上,本科,150,200,12
55,java开发工程师,武汉,50-150人,本科,120,150,12
56,java开发工程师,天津,150-500人,本科,120,200,12
57,java开发工程师,南京,2000人以上,本科,200,200,12
58,java开发工程师,深圳,150-500人,本科,800,1000,12
59,java开发工程师,杭州,15-50人,本科,80,120,12
60,java开发工程师,成都,15-50人,本科,100,120,12
61,java开发工程师,深圳,15-50人,不限,100,150,12
62,java开发工程师,上海,15-50人,本科,100,200,12
63,java开发工程师,成都,2000人以上,本科,120,150,12
64,java开发工程师,天津,50-150人,不限,100,150,12
65,java开发工程师,北京,150-500人,本科,180,300,12
66,java开发工程师,北京,150-500人,本科,100,100,12
67,java开发工程师,上海,15-50人,不限,200,300,12
68,java开发工程师,扬州,15-50人,大专,80,100,12
69,java开发工程师,上海,15-50人,本科,300,300,12
70,java开发工程师,上海,50-150人,本科,200,200,12
71,java开发工程师,上海,50-150人,本科,150,150,12
72,java开发工程师,上海,150-500人,本科,100,120,12
73,java开发工程师,上海,150-500人,不限,200,250,12
74,java开发工程师,上海,50-150人,本科,150,300,12
75,java开发工程师,杭州,150-500人,大专,150,200,12
76,java开发工程师,上海,150-500人,本科,200,250,12
77,java开发工程师,合肥,150-500人,本科,120,150,12
78,java开发工程师,上海,2000人以上,本科,200,250,12
79,java开发工程师,杭州,2000人以上,本科,100,200,12
80,java开发工程师,上海,50-150人,本科,300,500,12
81,java开发工程师,武汉,500-2000人,本科,150,150,12
82,java开发工程师,北京,2000人以上,本科,200,300,12
83,java开发工程师,成都市,2000人以上,本科,200,400,12
84,java开发工程师,上海,500-2000人,本科,150,200,12
85,java开发工程师,杭州,50-150人,本科,150,180,12
86,java开发工程师,广州,50-150人,本科,150,150,12
87,java开发工程师,成都,150-500人,本科,100,150,12
88,java开发工程师,深圳,500-2000人,本科,200,200,12
89,java开发工程师,广州,500-2000人,本科,120,150,12
90,java开发工程师,杭州,2000人以上,本科,150,200,12
91,java开发工程师,上海,150-500人,本科,200,400,12
92,java开发工程师,北京,150-500人,本科,200,300,12
93,java开发工程师,杭州,2000人以上,本科,200,200,12
94,java开发工程师,上海,2000人以上,本科,150,200,12
95,java开发工程师,合肥,2000人以上,本科,100,150,12
96,java开发工程师,北京,150-500人,本科,250,300,12
97,java开发工程师,深圳,500-2000人,本科,100,180,12
98,java开发工程师,北京,15-50人,本科,80,150,12
99,java开发工程师,上海,2000人以上,本科,200,250,12
100,java开发工程师,上海,2000人以上,本科,150,180,12
101,java开发工程师,上海,2000人以上,本科,120,200,12
102,java开发工程师,成都,500-2000人,本科,120,150,12
103,java开发工程师,上海,500-2000人,本科,250,300,12
104,java开发工程师,苏州,150-500人,本科,120,180,12
105,java开发工程师,上海,500-2000人,本科,150,180,12
106,java开发工程师,北京,500-2000人,本科,150,180,12
107,java开发工程师,上海,2000人以上,本科,300,400,12
108,java开发工程师,北京,2000人以上,本科,250,300,12
109,java开发工程师,上海,2000人以上,本科,150,180,12
110,java开发工程师,南京,2000人以上,本科,0,0,12
111,java开发工程师,上海,50-150人,本科,200,250,12
112,java开发工程师,上海,2000人以上,硕士,300,300,12
113,java开发工程师,南京,500-2000人,本科,100,150,12
114,java开发工程师,上海,2000人以上,本科,250,300,12
115,java开发工程师,广州,15-50人,不限,100,120,12
116,java开发工程师,重庆,50-150人,本科,100,150,12
117,java开发工程师,杭州,50-150人,本科,200,300,12
118,java开发工程师,北京,2000人以上,本科,150,180,12
119,java开发工程师,成都,500-2000人,本科,120,160,12
120,java开发工程师,深圳,500-2000人,不限,180,200,12
121,java开发工程师,北京,2000人以上,本科,150,200,12
122,java开发工程师,重庆,500-2000人,大专,100,180,12
123,java开发工程师,上海,150-500人,本科,180,250,12
124,java开发工程师,衢州,500-2000人,本科,80,150,12
125,java开发工程师,成都,150-500人,本科,100,150,12
126,java开发工程师,北京,150-500人,本科,165,195,12
127,java开发工程师,深圳,500-2000人,本科,200,300,12
128,java开发工程师,北京,2000人以上,本科,150,200,12
129,java开发工程师,北京,150-500人,本科,150,200,12
130,java开发工程师,杭州,500-2000人,不限,120,180,12
131,java开发工程师,杭州,500-2000人,本科,150,200,12
132,java开发工程师,广州,150-500人,本科,200,400,12
133,java开发工程师,北京,15-50人,本科,150,300,12
134,java开发工程师,北京,150-500人,不限,200,250,12
135,java开发工程师,杭州,15-50人,本科,150,180,12
136,java开发工程师,上海,500-2000人,本科,150,150,12
137,java开发工程师,上海,少于15人,本科,200,300,12
138,java开发工程师,上海,少于15人,本科,150,200,12
139,java开发工程师,上海,500-2000人,本科,200,200,12
140,java开发工程师,北京,2000人以上,本科,150,200,12
141,java开发工程师,杭州,15-50人,本科,150,150,12
142,java开发工程师,北京,150-500人,本科,200,300,12
143,java开发工程师,西安,150-500人,本科,150,250,12
144,java开发工程师,西安,15-50人,本科,150,250,12
145,java开发工程师,北京,2000人以上,本科,250,300,12
146,java开发工程师,北京,2000人以上,本科,250,300,12
147,java开发工程师,上海,150-500人,本科,150,180,12
148,java开发工程师,深圳,500-2000人,不限,120,180,12
149,java开发工程师,北京,50-150人,本科,150,180,12
150,java开发工程师,天津,150-500人,本科,100,120,12
151,java开发工程师,南京,2000人以上,本科,200,200,12
152,java开发工程师,上海,2000人以上,本科,150,200,12
153,java开发工程师,成都,15-50人,大专,100,150,12
154,java开发工程师,上海,50-150人,本科,180,200,12
155,java开发工程师,上海,15-50人,不限,200,250,12
156,java开发工程师,北京,150-500人,本科,180,200,12
157,java开发工程师,北京,2000人以上,本科,200,300,12
158,java开发工程师,苏州,50-150人,本科,150,200,12
159,java开发工程师,上海,少于15人,本科,120,150,12
160,java开发工程师,杭州,15-50人,本科,120,200,12
161,java开发工程师,成都,150-500人,本科,150,250,12
162,java开发工程师,北京,15-50人,本科,100,200,12
163,java开发工程师,上海,50-150人,不限,150,150,12
164,java开发工程师,上海,500-2000人,不限,300,400,12
165,java开发工程师,苏州,50-150人,本科,150,180,12
166,java开发工程师,上海,150-500人,本科,100,120,12
167,java开发工程师,北京,150-500人,本科,300,300,12
168,java开发工程师,郑州,2000人以上,本科,120,150,12
169,java开发工程师,杭州,150-500人,本科,120,150,12
170,java开发工程师,杭州,2000人以上,本科,120,200,12
171,java开发工程师,上海,150-500人,本科,150,200,12
172,java开发工程师,上海,50-150人,大专,180,200,12
173,java开发工程师,珠海,2000人以上,不限,150,150,12
174,java开发工程师,上海,150-500人,本科,200,250,12
175,java开发工程师,上海,少于15人,本科,150,250,12
176,java开发工程师,成都,15-50人,不限,100,200,12
177,java开发工程师,上海,15-50人,不限,160,200,12
178,java开发工程师,上海,500-2000人,本科,150,180,12
179,java开发工程师,上海,2000人以上,大专,120,180,12
180,java开发工程师,上海,50-150人,大专,120,180,12
181,java开发工程师,成都,15-50人,本科,100,150,12
182,java开发工程师,日照,15-50人,大专,80,120,12
183,java开发工程师,上海市,2000人以上,本科,200,400,12
184,java开发工程师,深圳,15-50人,本科,250,300,12
185,java开发工程师,合肥,2000人以上,本科,100,150,12
186,java开发工程师,北京,2000人以上,本科,150,200,12
187,java开发工程师,广州,2000人以上,本科,100,150,12
188,java开发工程师,重庆,2000人以上,本科,300,400,12
189,java开发工程师,无锡,150-500人,大专,80,120,12
190,java开发工程师,杭州,2000人以上,本科,400,400,12
191,java开发工程师,北京,2000人以上,本科,250,400,12
192,java开发工程师,北京,150-500人,本科,200,250,12
193,java开发工程师,北京,2000人以上,本科,250,400,12
194,java开发工程师,北京,2000人以上,大专,250,400,12
195,java开发工程师,北京,500-2000人,本科,200,300,12
196,java开发工程师,北京,150-500人,本科,150,180,12
197,java开发工程师,北京,2000人以上,本科,100,120,12
198,java开发工程师,上海,500-2000人,本科,200,250,12
199,java开发工程师,深圳,150-500人,本科,180,200,12
200,java开发工程师,北京,500-2000人,本科,200,250,12
201,java开发工程师,上海,500-2000人,本科,250,300,12
202,java开发工程师,成都,500-2000人,本科,100,120,12
203,java开发工程师,合肥,2000人以上,本科,100,150,12
204,java开发工程师,苏州,2000人以上,本科,150,180,12
205,java开发工程师,全国,15-50人,本科,200,400,12
206,java开发工程师,广州,50-150人,本科,100,180,12
207,java开发工程师,广州,150-500人,本科,120,200,12
208,java开发工程师,深圳,150-500人,本科,180,200,12
209,java开发工程师,北京,2000人以上,本科,150,200,12
210,java开发工程师,北京,2000人以上,本科,250,300,12
211,java开发工程师,上海,150-500人,本科,200,250,12
212,java开发工程师,上海,150-500人,本科,150,180,12
213,java开发工程师,天津,15-50人,大专,100,150,12
214,java开发工程师,成都,500-2000人,本科,120,150,12
215,java开发工程师,北京,2000人以上,本科,250,300,12
216,java开发工程师,武汉,150-500人,本科,120,200,12
217,java开发工程师,上海,150-500人,不限,150,250,12
218,java开发工程师,上海,2000人以上,本科,50,80,12
219,java开发工程师,上海,500-2000人,本科,150,150,12
220,java开发工程师,北京,500-2000人,本科,150,300,12
221,java开发工程师,福州,15-50人,本科,100,180,12
222,java开发工程师,苏州,15人以下,本科,200,300,12
223,java开发工程师,上海,15-50人,本科,200,400,12
224,java开发工程师,上海,150-500人,不限,150,200,12
225,java开发工程师,北京,少于15人,本科,100,200,12
226,java开发工程师,长沙,50-150人,不限,100,150,12
227,java开发工程师,上海,2000人以上,不限,250,300,12
228,java开发工程师,苏州,少于15人,本科,100,200,12
229,java开发工程师,上海,15-50人,硕士,180,200,12
230,java开发工程师,杭州,500-2000人,本科,200,300,12
231,java开发工程师,上海,500-2000人,本科,180,250,12
232,java开发工程师,上海,50-150人,本科,200,250,12
233,java开发工程师,武汉,2000人以上,不限,120,150,12
234,java开发工程师,杭州,15-50人,本科,100,180,12
235,java开发工程师,苏州,2000人以上,本科,150,180,12
236,java开发工程师,上海,15-50人,本科,150,180,12
237,java开发工程师,南京,2000人以上,本科,120,150,12
238,java开发工程师,成都,15-50人,大专,100,150,12
239,java开发工程师,苏州,500-2000人,本科,150,200,12
240,java开发工程师,北京,15-50人,硕士,150,200,12
241,java开发工程师,北京,150-500人,本科,200,250,12
242,java开发工程师,深圳,2000人以上,本科,250,400,12
243,java开发工程师,沈阳,2000人以上,本科,80,100,12
244,java开发工程师,北京,2000人以上,本科,200,300,12
245,java开发工程师,重庆,150-500人,本科,80,100,12
246,java开发工程师,北京,500-2000人,本科,300,400,12
247,java开发工程师,无锡,150-500人,大专,180,200,12
248,java开发工程师,北京,2000人以上,本科,200,300,12
249,java开发工程师,合肥,2000人以上,本科,100,150,12
250,java开发工程师,杭州,500-2000人,本科,200,250,12
251,java开发工程师,北京,2000人以上,本科,200,300,12
252,java开发工程师,北京,2000人以上,本科,250,300,12
253,java开发工程师,杭州,500-2000人,本科,120,200,12
254,java开发工程师,杭州,500-2000人,本科,120,200,12
255,java开发工程师,杭州,500-2000人,本科,120,200,12
256,java开发工程师,北京,2000人以上,本科,250,300,12
257,java开发工程师,北京,2000人以上,本科,250,300,12
258,java开发工程师,上海,150-500人,本科,150,180,12
259,java开发工程师,无锡,2000人以上,本科,100,200,12
260,java开发工程师,上海,50-150人,本科,120,200,12
261,java开发工程师,上海,2000人以上,本科,250,300,12
262,java开发工程师,武汉,150-500人,本科,120,200,12
263,java开发工程师,郑州,150-500人,大专,150,200,12
264,java开发工程师,上海,150-500人,本科,150,180,12
265,java开发工程师,上海,15-50人,本科,150,180,12
266,java开发工程师,上海,500-2000人,不限,150,200,12
267,java开发工程师,北京,2000人以上,本科,250,300,12
268,java开发工程师,深圳,500-2000人,大专,120,150,12
269,java开发工程师,南京,2000人以上,本科,250,400,12
270,java开发工程师,成都,2000人以上,本科,120,150,12
271,java开发工程师,重庆,2000人以上,本科,100,150,12
272,java开发工程师,长春,2000人以上,本科,100,150,12
273,java开发工程师,北京,2000人以上,本科,200,300,12
274,java开发工程师,广州,2000人以上,本科,100,150,12
275,java开发工程师,重庆,2000人以上,本科,100,150,12
276,java开发工程师,北京,2000人以上,本科,200,300,12
277,java开发工程师,郑州,150-500人,大专,150,200,12
278,java开发工程师,北京,2000人以上,本科,250,400,12
279,java开发工程师,北京,2000人以上,本科,250,400,12
280,java开发工程师,北京,2000人以上,本科,250,400,12
281,java开发工程师,上海,2000人以上,本科,300,300,12
282,java开发工程师,广州,500-2000人,本科,150,150,12
283,java开发工程师,上海,15-50人,本科,120,150,12
284,java开发工程师,北京,150-500人,硕士,200,300,12
285,java开发工程师,深圳,2000人以上,本科,200,300,12
286,java开发工程师,北京,2000人以上,本科,200,400,12
287,java开发工程师,北京,150-500人,本科,200,250,12
288,java开发工程师,西安,500-2000人,不限,150,200,12
289,java开发工程师,上海,50-150人,本科,200,300,12
290,java开发工程师,深圳,2000人以上,本科,150,250,12
291,java开发工程师,成都,150-500人,本科,150,200,12
292,java开发工程师,成都,2000人以上,本科,150,250,12
293,java开发工程师,北京,50-150人,本科,200,400,12
294,java开发工程师,杭州,2000人以上,本科,200,250,12
295,java开发工程师,厦门,500-2000人,本科,150,200,12
296,java开发工程师,上海,15-50人,本科,180,200,12
297,java开发工程师,北京,2000人以上,硕士,180,200,12
298,java开发工程师,上海,150-500人,大专,150,250,12
299,java开发工程师,深圳,150-500人,本科,200,300,12
300,java开发工程师,惠州,2000人以上,本科,120,150,12
301,java开发工程师,上海,15-50人,大专,150,200,12
302,java开发工程师,北京,150-500人,本科,100,200,12
303,java开发工程师,北京,150-500人,大专,120,200,12
304,java开发工程师,合肥,2000人以上,大专,100,150,12
305,java开发工程师,南京,2000人以上,本科,250,400,12
306,java开发工程师,南京,2000人以上,本科,250,400,12
307,java开发工程师,北京,2000人以上,本科,300,400,12
308,java开发工程师,北京,150-500人,不限,120,150,12
309,java开发工程师,广州,150-500人,本科,100,200,12
310,java开发工程师,深圳,2000人以上,大专,100,150,12
311,java开发工程师,北京,15-50人,本科,120,180,12
312,java开发工程师,天津,150-500人,本科,120,200,12
313,java开发工程师,珠海,500-2000人,本科,100,150,12
314,java开发工程师,上海,150-500人,本科,180,250,12
315,java开发工程师,北京,150-500人,大专,120,150,12
316,java开发工程师,上海,150-500人,不限,150,200,12
317,java开发工程师,成都,50-150人,大专,120,200,12
318,java开发工程师,哈尔滨,2000人以上,本科,150,180,12
319,java开发工程师,上海,500-2000人,硕士,180,250,12
320,java开发工程师,上海,50-150人,本科,150,200,12
321,java开发工程师,珠海,500-2000人,本科,100,150,12
322,java开发工程师,阳江,500-2000人,本科,80,120,12
323,java开发工程师,上海,150-500人,本科,150,180,12
324,java开发工程师,上海,2000人以上,本科,200,300,12
325,java开发工程师,武汉,500-2000人,大专,150,300,12
326,java开发工程师,北京,2000人以上,不限,250,400,12
327,java开发工程师,北京,2000人以上,本科,200,300,12
328,java开发工程师,上海,2000人以上,不限,300,300,12
329,java开发工程师,重庆,150-500人,本科,120,180,12
330,java开发工程师,广州,2000人以上,本科,150,150,12
331,java开发工程师,大连,150-500人,本科,50,80,12
332,java开发工程师,上海,150-500人,本科,150,150,12
333,java开发工程师,北京,2000人以上,本科,200,250,12
334,java开发工程师,广州,2000人以上,本科,100,150,12
335,java开发工程师,广州,2000人以上,本科,100,150,12
336,java开发工程师,北京,150-500人,硕士,200,300,12
337,java开发工程师,珠海,500-2000人,本科,100,200,12
338,java开发工程师,西安,2000人以上,大专,100,100,12
339,java开发工程师,北京,2000人以上,不限,136,181,12
340,java开发工程师,北京,2000人以上,不限,136,181,12
341,java开发工程师,成都,15-50人,大专,120,150,12
342,java开发工程师,济南,150-500人,本科,120,150,12
343,java开发工程师,深圳,50-150人,不限,200,250,12
344,java开发工程师,上海,500-2000人,本科,150,250,12
345,java开发工程师,深圳,500-2000人,不限,400,500,12
346,java开发工程师,杭州,150-500人,本科,100,150,12
347,java开发工程师,苏州,500-2000人,大专,120,200,12
348,java开发工程师,上海,150-500人,大专,150,180,12
349,java开发工程师,北京,50-150人,本科,180,200,12
350,java开发工程师,无锡,500-2000人,不限,180,250,12
351,java开发工程师,深圳,2000人以上,本科,200,250,12
352,java开发工程师,北京,2000人以上,本科,200,250,12
353,java开发工程师,重庆,150-500人,本科,120,180,12
354,java开发工程师,深圳,2000人以上,不限,200,260,12
355,java开发工程师,合肥,2000人以上,本科,80,120,12
356,java开发工程师,石家庄,500-2000人,不限,150,300,12
357,java开发工程师,珠海,15-50人,大专,150,200,12
358,java开发工程师,上海,2000人以上,本科,150,200,12
359,java开发工程师,上海,2000人以上,大专,150,150,12
360,java开发工程师,西安,500-2000人,不限,150,200,12
361,java开发工程师,天津,150-500人,不限,150,200,12
362,java开发工程师,南京,500-2000人,大专,100,150,12
363,java开发工程师,上海,500-2000人,不限,150,200,12
364,java开发工程师,西安,500-2000人,不限,150,200,12
365,java开发工程师,苏州,500-2000人,不限,150,200,12
366,java开发工程师,北京,2000人以上,本科,250,400,12
367,java开发工程师,深圳,2000人以上,本科,200,300,12
368,java开发工程师,东莞,2000人以上,本科,150,250,12
369,java开发工程师,上海,500-2000人,本科,300,300,12
370,java开发工程师,上海,2000人以上,本科,250,300,12
371,java开发工程师,北京,少于15人,本科,200,200,12
372,java开发工程师,北京,15-50人,本科,100,200,12
373,java开发工程师,杭州,2000人以上,本科,120,180,12
374,java开发工程师,长沙,150-500人,本科,120,180,12
375,java开发工程师,北京,150-500人,本科,0,0,12
376,java开发工程师,北京,2000人以上,本科,300,500,12
377,java开发工程师,北京,500-2000人,本科,0,0,12
378,java开发工程师,上海,15-50人,本科,150,150,12
379,java开发工程师,北京,150-500人,本科,200,400,12
380,java开发工程师,深圳,2000人以上,硕士,200,200,12
381,java开发工程师,上海,150-500人,本科,180,200,12
382,java开发工程师,深圳,500-2000人,本科,200,200,12
383,java开发工程师,武汉,500-2000人,本科,150,300,12
384,java开发工程师,杭州,2000人以上,本科,120,180,12
385,java开发工程师,杭州,2000人以上,本科,120,180,12
386,java开发工程师,上海,50-150人,本科,300,400,12
387,java开发工程师,深圳,150-500人,本科,200,300,12
388,java开发工程师,全国,15-50人,本科,800,1000,12
389,java开发工程师,深圳,500-2000人,本科,120,150,12
390,java开发工程师,上海,50-150人,大专,150,200,12
391,java开发工程师,上海,少于15人,大专,120,150,12
392,java开发工程师,北京,150-500人,硕士,180,300,12
393,java开发工程师,大连,150-500人,本科,150,180,12
394,java开发工程师,深圳,15-50人,本科,200,300,12
395,java开发工程师,上海,2000人以上,本科,150,180,12
396,java开发工程师,杭州,150-500人,本科,50,100,12
397,java开发工程师,济南,15-50人,本科,150,180,12
398,java开发工程师,南京,2000人以上,硕士,300,300,12
399,java开发工程师,天津,150-500人,本科,120,200,12
400,java开发工程师,杭州,500-2000人,硕士,150,200,12
401,java开发工程师,上海,50-150人,大专,150,200,12
402,java开发工程师,西安,150-500人,本科,100,150,12
403,java开发工程师,南京,50-150人,本科,100,150,12
404,java开发工程师,北京,500-2000人,本科,400,500,12
405,java开发工程师,上海,150-500人,本科,120,200,12
406,java开发工程师,上海,500-2000人,本科,180,180,12
407,java开发工程师,上海,50-150人,本科,150,300,12
408,java开发工程师,武汉,50-150人,本科,80,150,12
409,java开发工程师,北京,50-150人,不限,100,200,12
410,java开发工程师,济南,15-50人,本科,150,250,12
411,java开发工程师,上海,500-2000人,本科,150,250,12
412,java开发工程师,东莞,15-50人,大专,150,180,12
413,java开发工程师,上海,150-500人,本科,120,150,12
414,java开发工程师,无锡,150-500人,本科,180,180,12
415,java开发工程师,福州,150-500人,本科,120,150,12
416,java开发工程师,上海,500-2000人,不限,150,200,12
417,java开发工程师,南京,500-2000人,大专,100,150,12
418,java开发工程师,上海,500-2000人,不限,150,200,12
419,java开发工程师,天津,150-500人,不限,150,200,12
420,java开发工程师,西安,500-2000人,不限,150,200,12
421,java开发工程师,济南,2000人以上,大专,120,180,12
422,java开发工程师,广州,500-2000人,大专,150,200,12
423,java开发工程师,武汉,500-2000人,大专,150,300,12
424,java开发工程师,郑州,500-2000人,大专,120,180,12
425,java开发工程师,北京,2000人以上,本科,250,400,12
426,java开发工程师,郑州,500-2000人,不限,120,180,12
427,java开发工程师,上海,2000人以上,本科,120,200,12
428,java开发工程师,济南,2000人以上,大专,100,150,12
429,java开发工程师,苏州,2000人以上,本科,100,150,12
430,java开发工程师,苏州,500-2000人,不限,150,200,12
431,java开发工程师,重庆,150-500人,本科,120,180,12
432,java开发工程师,杭州,500-2000人,大专,100,150,12
433,java开发工程师,南昌,150-500人,大专,100,150,12
434,java开发工程师,上海,2000人以上,本科,180,300,12
435,java开发工程师,天津,150-500人,不限,150,200,12
436,java开发工程师,上海,500-2000人,不限,150,200,12
437,java开发工程师,苏州,500-2000人,不限,150,200,12
438,java开发工程师,西安,500-2000人,不限,150,200,12
439,java开发工程师,成都,2000人以上,不限,170,220,12
440,java开发工程师,合肥,2000人以上,本科,200,300,12
441,java开发工程师,上海,2000人以上,大专,150,300,12
442,java开发工程师,上海,2000人以上,本科,200,300,12
443,java开发工程师,上海,2000人以上,本科,200,300,12
444,java开发工程师,上海,2000人以上,本科,200,200,12
445,java开发工程师,珠海,500-2000人,本科,100,200,12
446,java开发工程师,成都,500-2000人,本科,150,250,12
447,java开发工程师,广州,500-2000人,本科,150,180,12
448,java开发工程师,青岛,2000人以上,本科,100,150,12
449,java开发工程师,上海,2000人以上,本科,120,150,12
450,java开发工程师,上海,150-500人,本科,200,250,12
451,java开发工程师,上海,2000人以上,本科,180,300,12
452,java开发工程师,重庆,150-500人,本科,100,150,12
453,java开发工程师,上海,2000人以上,本科,180,300,12
454,java开发工程师,苏州,15-50人,本科,200,250,12
455,java开发工程师,上海,150-500人,本科,250,300,12
456,java开发工程师,苏州,2000人以上,本科,150,300,12
457,java开发工程师,苏州,15-50人,本科,200,400,12
458,java开发工程师,上海,500-2000人,不限,120,200,12
459,java开发工程师,上海,2000人以上,硕士,150,200,12
460,java开发工程师,广州,2000人以上,硕士,100,150,12
461,java开发工程师,广州,50-150人,大专,50,100,12
462,java开发工程师,上海,2000人以上,硕士,180,300,12
463,java开发工程师,苏州,2000人以上,硕士,100,150,12
464,java开发工程师,上海,2000人以上,硕士,150,300,12
465,java开发工程师,上海,150-500人,大专,100,120,12
466,java开发工程师,广州,15-50人,不限,100,120,12
467,java开发工程师,上海,2000人以上,本科,150,300,12
468,java开发工程师,全国,50-150人,本科,100,150,12
469,java开发工程师,深圳,2000人以上,本科,120,150,12
470,java开发工程师,上海,2000人以上,本科,200,200,12
471,java开发工程师,上海,2000人以上,大专,200,200,12
472,java开发工程师,无锡,2000人以上,硕士,180,200,12
473,java开发工程师,常州,50-150人,本科,100,150,12
474,java开发工程师,深圳,500-2000人,不限,200,250,12
475,java开发工程师,北京,少于15人,不限,120,150,12
476,java开发工程师,上海,2000人以上,硕士,150,300,12
477,java开发工程师,上海,500-2000人,本科,150,150,12
478,java开发工程师,保定,2000人以上,本科,100,200,12
479,java开发工程师,杭州,2000人以上,本科,180,200,12
480,java开发工程师,上海,2000人以上,本科,180,200,12
481,java开发工程师,西安,500-2000人,不限,150,200,12
482,java开发工程师,上海,500-2000人,不限,150,200,12
483,java开发工程师,天津,150-500人,不限,150,200,12
484,java开发工程师,深圳,500-2000人,大专,150,200,12
485,java开发工程师,苏州,500-2000人,不限,150,200,12
486,java开发工程师,苏州,500-2000人,不限,150,200,12
487,java开发工程师,郑州,2000人以上,本科,100,120,12
488,java开发工程师,无锡,2000人以上,硕士,150,200,12
489,java开发工程师,北京,2000人以上,本科,150,180,12
490,java开发工程师,南昌,150-500人,大专,100,150,12
491,java开发工程师,长沙,500-2000人,大专,120,200,12
492,java开发工程师,北京,150-500人,大专,120,200,12
493,java开发工程师,上海,2000人以上,本科,250,400,12
494,java开发工程师,成都,500-2000人,大专,100,150,12
495,java开发工程师,广州,500-2000人,大专,150,200,12
496,java开发工程师,重庆,500-2000人,大专,120,200,12
497,java开发工程师,杭州,500-2000人,大专,100,150,12
498,java开发工程师,合肥,2000人以上,不限,100,150,12
499,java开发工程师,厦门,2000人以上,硕士,150,180,12
500,java开发工程师,合肥,500-2000人,大专,100,200,12
501,java开发工程师,北京,500-2000人,不限,150,300,12
502,java开发工程师,重庆,500-2000人,不限,120,200,12
503,java开发工程师,苏州,500-2000人,不限,150,200,12
504,java开发工程师,深圳,500-2000人,大专,120,180,12
505,java开发工程师,深圳,500-2000人,大专,150,200,12
506,java开发工程师,深圳,500-2000人,大专,120,180,12
507,java开发工程师,济南,2000人以上,大专,100,150,12
508,java开发工程师,南京,500-2000人,大专,100,150,12
509,java开发工程师,南京,500-2000人,大专,100,150,12
510,java开发工程师,南京,500-2000人,大专,100,150,12
511,java开发工程师,济南,2000人以上,大专,100,150,12
512,java开发工程师,武汉,500-2000人,大专,150,300,12
513,java开发工程师,重庆,500-2000人,大专,120,200,12
514,java开发工程师,长沙,500-2000人,大专,120,200,12
515,java开发工程师,广州,500-2000人,本科,80,100,12
516,java开发工程师,合肥,2000人以上,大专,100,150,12
517,java开发工程师,北京,150-500人,大专,120,200,12
518,java开发工程师,青岛,500-2000人,不限,150,300,12
519,java开发工程师,石家庄,500-2000人,不限,150,300,12
520,java开发工程师,重庆,500-2000人,大专,120,200,12
521,java开发工程师,石家庄,500-2000人,不限,150,300,12
522,java开发工程师,青岛,500-2000人,不限,150,300,12
523,java开发工程师,重庆,500-2000人,大专,120,200,12
524,java开发工程师,重庆,500-2000人,大专,120,200,12
525,java开发工程师,重庆,500-2000人,不限,120,200,12
526,java开发工程师,成都,500-2000人,大专,100,150,12
527,java开发工程师,成都,500-2000人,大专,100,150,12
528,java开发工程师,苏州,2000人以上,硕士,120,200,12
529,java开发工程师,成都,500-2000人,大专,100,150,12
530,java开发工程师,杭州,500-2000人,不限,100,150,12
531,java开发工程师,重庆,500-2000人,大专,120,200,12
532,java开发工程师,长沙,500-2000人,大专,120,200,12
533,java开发工程师,广州,500-2000人,大专,150,200,12
534,java开发工程师,重庆,500-2000人,大专,120,200,12
535,java开发工程师,杭州,500-2000人,大专,100,150,12
536,java开发工程师,广州,500-2000人,大专,150,200,12
537,java开发工程师,上海,2000人以上,本科,150,300,12
538,java开发工程师,上海,2000人以上,硕士,180,300,12
539,java开发工程师,北京,150-500人,大专,120,200,12
540,java开发工程师,石家庄,500-2000人,大专,150,300,12
541,java开发工程师,青岛,500-2000人,大专,150,300,12
542,java开发工程师,南昌,150-500人,大专,100,150,12
543,java开发工程师,重庆,500-2000人,大专,120,200,12
544,java开发工程师,北京,150-500人,大专,120,200,12
545,java开发工程师,长沙,500-2000人,大专,120,200,12
546,java开发工程师,南京,500-2000人,大专,100,150,12
547,java开发工程师,济南,2000人以上,大专,150,180,12
548,java开发工程师,广州,500-2000人,大专,150,200,12
549,java开发工程师,长沙,500-2000人,大专,120,200,12
550,java开发工程师,长沙,500-2000人,大专,120,200,12
551,java开发工程师,长沙,500-2000人,大专,120,200,12
552,java开发工程师,长沙,500-2000人,大专,120,200,12
553,java开发工程师,石家庄,500-2000人,不限,150,300,12
554,java开发工程师,成都,500-2000人,大专,100,150,12
555,java开发工程师,合肥,2000人以上,大专,100,150,12
556,java开发工程师,北京,150-500人,大专,120,200,12
557,java开发工程师,上海,2000人以上,硕士,150,300,12
558,java开发工程师,南昌,150-500人,大专,100,150,12
559,java开发工程师,青岛,500-2000人,大专,150,300,12
560,java开发工程师,石家庄,500-2000人,大专,150,300,12
561,java开发工程师,武汉,500-2000人,不限,150,300,12
562,java开发工程师,重庆,500-2000人,大专,120,200,12
563,java开发工程师,长沙,500-2000人,不限,120,200,12
564,java开发工程师,北京,2000人以上,本科,150,150,12
565,java开发工程师,北京,2000人以上,本科,150,200,12
566,java开发工程师,苏州,2000人以上,不限,150,180,12
567,java开发工程师,北京,2000人以上,本科,150,200,12
568,java开发工程师,北京,2000人以上,本科,150,200,12
569,java开发工程师,深圳,500-2000人,本科,100,150,12
570,java开发工程师,上海,2000人以上,本科,200,200,12
571,java开发工程师,上海,2000人以上,本科,100,150,12
572,java开发工程师,上海,2000人以上,不限,100,120,12
573,java开发工程师,北京,500-2000人,不限,150,150,12
574,java开发工程师,长沙,500-2000人,大专,120,200,12
575,java开发工程师,北京,2000人以上,本科,120,150,12
576,java开发工程师,北京,2000人以上,本科,120,150,12
577,java开发工程师,上海,2000人以上,本科,200,300,12
578,java开发工程师,佛山,2000人以上,本科,150,200,12
579,java开发工程师,无锡,2000人以上,本科,150,200,12
580,java开发工程师,上海,2000人以上,本科,180,300,12
581,java开发工程师,上海,2000人以上,不限,120,150,12
582,java开发工程师,重庆,500-2000人,大专,120,200,12
583,java开发工程师,上海,50-150人,本科,100,150,12
584,java开发工程师,上海,2000人以上,本科,200,200,12
585,java开发工程师,无锡,2000人以上,硕士,150,200,12
586,java开发工程师,上海,2000人以上,本科,100,120,12
587,java开发工程师,长沙,2000人以上,本科,250,300,12
588,java开发工程师,北京,2000人以上,本科,150,180,12
589,java开发工程师,北京,150-500人,硕士,200,250,12
590,java开发工程师,上海,2000人以上,本科,150,200,12
591,java开发工程师,上海,2000人以上,本科,150,150,12
592,java开发工程师,北京,2000人以上,本科,200,400,12
593,java开发工程师,北京,2000人以上,本科,150,200,12
594,java开发工程师,上海,2000人以上,本科,180,300,12
595,java开发工程师,成都,15-50人,不限,100,150,12
596,java开发工程师,天津,50-150人,大专,100,150,12
597,java开发工程师,北京,2000人以上,本科,150,200,12
598,java开发工程师,北京,2000人以上,本科,150,150,12
599,java开发工程师,北京,2000人以上,不限,150,200,12
600,java开发工程师,重庆,2000人以上,大专,100,100,12
601,java开发工程师,北京,2000人以上,不限,250,300,12
602,java开发工程师,北京,2000人以上,本科,150,150,12
603,java开发工程师,北京,2000人以上,本科,120,150,12
604,java开发工程师,苏州,500-2000人,本科,200,300,12
605,java开发工程师,上海,2000人以上,本科,180,200,12
606,java开发工程师,杭州,500-2000人,本科,120,200,12
607,java开发工程师,深圳,500-2000人,大专,120,150,12
608,java开发工程师,烟台,150-500人,本科,100,150,12
609,java开发工程师,广州,50-150人,大专,120,150,12
610,java开发工程师,北京,50-150人,本科,180,250,12
611,java开发工程师,深圳,150-500人,本科,120,180,12
612,java开发工程师,杭州,50-150人,大专,120,150,12
613,java开发工程师,苏州,50-150人,不限,120,150,12
614,java开发工程师,郑州,150-500人,大专,150,200,12
615,java开发工程师,烟台,150-500人,本科,100,150,12
616,java开发工程师,上海,2000人以上,不限,120,150,12
617,java开发工程师,上海,2000人以上,本科,180,250,12
618,java开发工程师,上海,2000人以上,本科,120,180,12
619,java开发工程师,苏州,500-2000人,本科,150,180,12
620,java开发工程师,上海,50-150人,本科,150,200,12
621,java开发工程师,上海,2000人以上,本科,200,250,12
622,java开发工程师,深圳,150-500人,硕士,150,180,12
623,java开发工程师,北京,15-50人,本科,120,150,12
624,java开发工程师,武汉,50-150人,本科,120,150,12
625,java开发工程师,深圳,500-2000人,本科,200,300,12
626,java开发工程师,苏州,500-2000人,本科,150,180,12
627,java开发工程师,上海,50-150人,不限,150,180,12
628,java开发工程师,青岛,15-50人,不限,120,150,12
629,java开发工程师,上海,50-150人,本科,150,250,12
630,java开发工程师,上海,500-2000人,本科,180,200,12
631,java开发工程师,上海,2000人以上,本科,250,300,12
632,java开发工程师,北京,2000人以上,本科,150,180,12
633,java开发工程师,上海,2000人以上,本科,150,200,12
634,java开发工程师,杭州,500-2000人,本科,180,200,12
635,java开发工程师,郑州,500-2000人,大专,100,180,12
636,java开发工程师,上海,500-2000人,本科,150,180,12
637,java开发工程师,合肥,2000人以上,本科,80,150,12
638,java开发工程师,石家庄,500-2000人,不限,150,300,12
639,java开发工程师,杭州,2000人以上,本科,120,180,12
640,java开发工程师,西安,2000人以上,本科,150,180,12
641,java开发工程师,天津,2000人以上,本科,80,150,12
642,java开发工程师,天津,500-2000人,不限,100,150,12
643,java开发工程师,上海,50-150人,本科,150,180,12
644,java开发工程师,北京,2000人以上,本科,250,400,12
645,java开发工程师,北京,2000人以上,本科,150,300,12
646,java开发工程师,镇江,少于15人,大专,120,180,12
647,java开发工程师,上海,500-2000人,硕士,120,180,12
648,java开发工程师,上海,2000人以上,本科,180,300,12
649,java开发工程师,上海,2000人以上,本科,180,300,12
650,java开发工程师,苏州,500-2000人,本科,200,250,12
651,java开发工程师,北京,2000人以上,不限,250,300,12
652,java开发工程师,北京,2000人以上,不限,250,300,12
653,java开发工程师,上海,2000人以上,本科,150,200,12
654,java开发工程师,上海,2000人以上,本科,150,200,12
655,java开发工程师,上海,15-50人,本科,120,150,12
656,java开发工程师,上海,2000人以上,本科,150,180,12
657,java开发工程师,上海,2000人以上,本科,150,180,12
658,java开发工程师,杭州,500-2000人,硕士,250,250,12
659,java开发工程师,上海,500-2000人,硕士,200,400,12
660,java开发工程师,上海,2000人以上,本科,180,200,12
661,java开发工程师,上海,2000人以上,本科,150,180,12
662,java开发工程师,上海,500-2000人,本科,120,180,12
663,java开发工程师,上海,500-2000人,本科,120,150,12
664,java开发工程师,深圳,500-2000人,本科,150,180,12
665,java开发工程师,上海,500-2000人,大专,150,150,12
666,java开发工程师,深圳,500-2000人,本科,150,180,12
667,java开发工程师,成都,150-500人,不限,120,150,12
668,java开发工程师,天津,150-500人,本科,120,150,12
669,java开发工程师,成都,50-150人,大专,250,300,12
670,java开发工程师,杭州,150-500人,本科,120,200,12
671,java开发工程师,北京,150-500人,不限,180,200,12
672,java开发工程师,北京,15-50人,本科,150,250,12
