,0,1,2,3,4,5,6
0,算法工程师,香港,10000人以上,学历不限,20,50,14
1,算法工程师,北京,10000人以上,硕士,0,9999999,12
2,游戏ai算法工程师（2024）,北京,1000-9999人,硕士,25,35,14
3,AI研究算法工程师工程师,合肥,10000人以上,本科,0,9999999,12
4,自动驾驶感知工程师（校招）,北京,10000人以上,硕士,0,9999999,12
5,算法工程师,北京,10000人以上,硕士,0,9999999,12
6,AI工程师,杭州,1000-9999人,学历不限,20,35,15
7,规划控制算法工程师,北京,100-499人,硕士,25,35,14
8,算法工程师,上海,10000人以上,学历不限,0,9999999,12
9,AI基础软件设计工程师（杭州）,杭州,100-499人,硕士,0,9999999,12
10,算法工程师工程师、安全工程师、数据库工程师、运维工程师、算法工程师（南京、广州）-2024届-提前批,南京,10000人以上,硕士,20,30,14
11,【2024校招】自动驾驶算法/软件/硬件工程师（感知/规划/控制/仿真/预测/标定/高性能）,北京,100-499人,本科,20,50,16
12,影像算法工程师,上海,10000人以上,硕士,0,9999999,0
13,3D视觉博士后研究员,北京,10000人以上,硕士,0,9999999,12
14,算法工程师/Java/C++,北京,20-99人,本科,25,40,15
15,【24届校招】水下声纳算法工程师,无锡,100-499人,硕士,15,30,14
16,2024届校招-深度学习推理算法工程师,北京,500-999人,硕士,20,35,15
17,算法工程师工程师（深圳）-2024届-提前批,深圳,500-999人,硕士,20,30,14
18,通信算法工程师,上海,10000人以上,本科,20,40,16
19,【2024校招】算法工程师,北京,1000-9999人,本科,24,30,15
20,【24届校招】AI软件开发工程师,北京,10000人以上,本科,15,30,16
21,京东-广告-算法应用工程师,北京,10000人以上,硕士,0,9999999,12
22,机器学习算法工程师（2024）,北京,1000-9999人,硕士,25,35,14
23,算法研究员,北京,1000-9999人,硕士,26,35,14
24,算法工程师,北京,10000人以上,本科,25,35,16
25,3D算法工程师【2024】,合肥,100-499人,硕士,18,30,15
26,搜索推荐-算法工程师,上海,1000-9999人,本科,0,9999999,12
27,计算机视觉算法工程师,深圳,100-499人,本科,20,40,12
28,2024届校招-视觉算法工程师工程师,北京,500-999人,学历不限,0,9999999,12
29,AI基础软件设计工程师（长沙）,长沙,100-499人,硕士,0,9999999,12
30,算法工程师（深圳）-2024届-提前批,深圳,10000人以上,硕士,30,35,14
31,【2024校招】自动驾驶算法/软件/硬件工程师（感知/规划/控制/仿真/预测/标定/高性能计算）,深圳,100-499人,本科,20,50,16
32,模型压缩算法工程师,北京,10000人以上,本科,0,9999999,0
33,应用软件算法工程师,南京,1000-9999人,本科,20,30,12
34,宽带资本被投企业,北京,20-99人,硕士,18,28,12
35,【24届校招】组合导航定位算法工程师,无锡,100-499人,硕士,15,30,14
36,【MegEagle】视觉/语言大模型算法研究员,北京,1000-9999人,硕士,20,40,14
37,视觉算法工程师,深圳,100-499人,硕士,20,25,13
38,算法工程师,济南,1000-9999人,学历不限,18,24,14
39,24届校招--AI算法博士招聘,杭州,500-999人,硕士,0,9999999,12
40,【24届校招】软件算法工程师,北京,10000人以上,本科,18,35,16
41,2024届校招—路径规划算法工程师,深圳,100-499人,硕士,15,30,16
42,算法专家,杭州,1000-9999人,硕士,0,9999999,0
43,算法工程师,成都,1000-9999人,硕士,13,18,14
44,机器学习/自然语言处理岗位内推,北京,10000人以上,学历不限,0,9999999,12
45,图像算法工程师【2024】,合肥,100-499人,硕士,18,30,15
46,算法工程师(2024届),深圳,100-499人,本科,20,40,14
47,算法工程师【2024届正式批专场】,北京,1000-9999人,学历不限,0,9999999,12
48,2024届校招-主动安全算法工程师工程师,上海,500-999人,本科,0,9999999,12
49,技术研究,南京,1000-9999人,硕士,23,35,12
50,算法工程师,上海,10000人以上,学历不限,0,9999999,12
51,【2024校招】规划算法工程师,深圳,100-499人,本科,0,9999999,12
52,算法工程师,上海,1000-9999人,学历不限,0,9999999,12
53,提前批-图像算法研究员(J12294),上海,1000-9999人,硕士,0,9999999,12
54,技术管培生,北京,20-99人,本科,28,38,15
55,【24届校招】惯性导航算法工程师,无锡,100-499人,硕士,15,30,14
56,【MegEagle】自动驾驶大模型算法研究员,北京,1000-9999人,硕士,20,40,14
57,24届校招-AI算法工程师,上海,1000-9999人,硕士,0,9999999,12
58,SL02 激光SLAM工程师（实习）,深圳,20-99人,硕士,20,30,12
59,24届博士招聘(J10900),杭州,500-999人,硕士,0,9999999,12
60,AI产品工程师,深圳,10000人以上,硕士,20,30,16
61,2024届校招—感知算法工程师,上海,100-499人,硕士,15,30,16
62,算法工程师,北京,100-499人,学历不限,20,40,14
63,图像算法工程师工程师,杭州,1000-9999人,硕士,15,24,12
64,算法工程师,北京,10000人以上,本科,20,29,16
65,（2024应届生）算法工程师(J11084),上海,1000-9999人,硕士,15,30,14
66,算法工程师(2024届),深圳,100-499人,本科,20,40,14
67,算法工程师.,上海,100-499人,硕士,12,16,12
68,2024届校招-深度学习算法工程师框架工程师,北京,500-999人,本科,0,9999999,12
69,总体论证,南京,1000-9999人,硕士,25,35,24
70,算法工程师,北京,20-99人,本科,20,35,14
71,算法工程师,北京,10000人以上,学历不限,24,32,12
72,算法工程师（软件架构方向）,上海,1000-9999人,学历不限,23,35,16
73,研究科学家-机器学习（for23届应届生）,杭州,10000人以上,本科,25,40,16
74,定位算法工程师,合肥,500-999人,学历不限,15,25,12
75,【24届校招】激光SLAM算法工程师,无锡,100-499人,硕士,15,30,14
76,【MegEagle】大模型算法研究员,北京,1000-9999人,硕士,20,40,14
77,24届校招-三维图形算法工程师,上海,1000-9999人,硕士,0,9999999,12
78,算法工程师,深圳,20-99人,学历不限,20,35,12
79,24届校招--AIGC算法工程师(J10885),杭州,500-999人,硕士,20,35,13
80,AI应用研究员,上海,10000人以上,硕士,50,80,16
81,2024届校招—运动控制算法（机械臂）,上海,100-499人,本科,15,30,16
82,图像生成算法工程师 （可实习，提供转正机会）,合肥,100-499人,硕士,20,40,14
83,算法工程师工程师,长沙,500-999人,本科,10,20,13
84,百度商业研发部凤巢团队广告算法提前批,北京,10000人以上,硕士,25,37,16
85,【2024秋招】算法工程师,北京,500-999人,本科,25,30,15
86,信号处理算法工程师,南京,1000-9999人,硕士,0,9999999,12
87,终端GNSS算法工程师,南京,1000-9999人,硕士,20,30,12
88,2024届校招-深度学习算法工程师框架工程师,南京,500-999人,本科,0,9999999,12
89,AI算法工程师-24届,上海,1000-9999人,硕士,0,9999999,12
90,算法工程师,烟台,20-99人,学历不限,8,10,12
91,算法工程师&&C++工程师,北京,10000人以上,本科,0,9999999,12
92,京东广告算法工程师,北京,10000人以上,本科,0,9999999,12
93,24届提前批-算法工程师(J11295),西安,1000-9999人,本科,0,9999999,12
94,算法工程师,上海,20-99人,学历不限,13,20,15
95,【24届校招】规划控制算法工程师,无锡,100-499人,硕士,15,30,14
96,【MegEagle】规控算法研究员,北京,1000-9999人,硕士,20,40,14
97,24届校招-几何算法工程师,北京,1000-9999人,硕士,0,9999999,12
98,数字人算法工程师,杭州,20-99人,硕士,10,20,12
99,24届校招--图像处理算法工程师(J10886),杭州,500-999人,硕士,20,35,13
100,AI算法工程师,深圳,10000人以上,硕士,20,40,16
101,2024届校招—Slam算法工程师,上海,100-499人,本科,15,30,16
102,算法工程师,杭州,100-499人,本科,6,15,12
103,lazada搜索广告算法工程师,北京,10000人以上,学历不限,20,40,16
104,百度信息流广告算法工程师,北京,10000人以上,学历不限,0,9999999,12
105,计算机视觉＆多模态算法工程师工程师,北京,1000-9999人,本科,0,9999999,12
106, 高级算法工程师 PET,北京,500-999人,硕士,15,25,14
107,服务端GNSS算法工程师,武汉,1000-9999人,硕士,20,30,12
108,2024届校招-SLAM/3D算法工程师工程师,北京,500-999人,硕士,0,9999999,12
109,AI测试工程师-24届,上海,1000-9999人,本科,0,9999999,12
110,算法工程师,成都,1000-9999人,本科,15,25,12
111,算法工程师,厦门,100-499人,学历不限,25,45,15
112,24届-AI算法工程师,上海,500-999人,学历不限,0,9999999,12
113,“数据-知识”驱动人工智能系统团队博士后,杭州,1000-9999人,学历不限,0,9999999,12
114,系统算法工程师,上海,1000-9999人,硕士,20,40,12
115,【24届校招】图像算法工程师,无锡,100-499人,硕士,15,30,14
116,【MegEagle】感知算法研究员,上海,1000-9999人,硕士,20,40,14
117,AI 算法实习生（LLM方向）,上海,20-99人,本科,0,9999999,12
118,算法工程师,深圳,20-99人,硕士,15,25,13
119,24届校招--智能驾驶感知算法工程师(J10887),杭州,500-999人,硕士,20,35,13
120,ARVR算法工程师,东莞,10000人以上,本科,0,9999999,12
121,2024届校招—AI大模型算法工程师,深圳,100-499人,硕士,15,30,16
122,自动驾驶算法工程师-复睿微2023校招,上海,100-499人,硕士,25,35,16
123,算法工程师,杭州,10000人以上,硕士,0,9999999,12
124,算法工程师,北京,10000人以上,学历不限,0,9999999,12
125,算法工程师,北京,100-499人,本科,25,40,16
126,医学影像算法工程师（BJ2003012）,北京,500-999人,硕士,15,20,14
127,图像算法工程师,深圳,1000-9999人,硕士,20,30,12
128,2024届校招-预测算法工程师工程师,北京,500-999人,硕士,0,9999999,12
129,博士后研究员,北京,10000人以上,硕士,30,35,12
130,算法工程师-仿真算法,上海,10000人以上,本科,0,9999999,12
131,算法工程师,上海,100-499人,本科,8,20,14
132,音频AI算法工程师（视界星）,杭州,1000-9999人,学历不限,0,9999999,12
133,算法工程师,杭州,10000人以上,本科,0,9999999,12
134,算法工程师,北京,1000-9999人,学历不限,0,9999999,12
135,【24届校招】多传感器融合算法工程师,无锡,100-499人,硕士,15,30,14
136,【MegEagle】Learning-based V-SLAM,上海,1000-9999人,硕士,20,40,14
137,【24届校招】视频算法工程师,无锡,100-499人,硕士,15,30,14
138,【24届校招】决策规划算法工程师,无锡,100-499人,硕士,15,30,14
139,24届校招--图形算法工程师(J10897),杭州,500-999人,硕士,20,35,13
140,高级AI算法工程师（博士）,深圳,10000人以上,硕士,30,70,12
141,2024届校招—运动控制算法工程师,上海,100-499人,本科,15,30,16
142,【24届校招】感知融合算法工程师,无锡,100-499人,硕士,15,30,14
143,算法工程师,深圳,10000人以上,学历不限,0,9999999,12
144,算法工程师,北京,10000人以上,学历不限,0,9999999,12
145,【24届校招】图像感知算法工程师,无锡,100-499人,硕士,15,30,14
146,算法工程师（YJ202205）,北京,500-999人,本科,15,30,14
147,SLAM算法工程师,西安,1000-9999人,硕士,20,30,12
148,2024届校招-规划控制算法工程师工程师,上海,500-999人,本科,0,9999999,12
149,航天宏图-InSAR算法研发工程师,北京,10000人以上,硕士,10,25,12
150,【24届校招】激光雷达感知算法工程师,无锡,100-499人,硕士,15,30,14
151,算法工程师,北京,10000人以上,本科,25,35,16
152,音频算法工程师（视界星）,杭州,1000-9999人,学历不限,0,9999999,12
153,2024届校招-感知算法工程师工程师(lidar方向）,北京,500-999人,本科,0,9999999,12
154,2024届校招-视觉算法工程师工程师,北京,500-999人,本科,0,9999999,12
155,2024届校招—路径规划算法（机械臂）,上海,100-499人,硕士,15,30,16
156,【MegEagle】计算摄影方向算法研究员,北京,1000-9999人,硕士,20,40,14
157,【MegEagle】多模态算法应用研究员,北京,1000-9999人,硕士,20,40,14
158,2024届校招-机器人算法工程师,上海,100-499人,本科,15,30,16
159,算法工程师工程师,北京,10000人以上,本科,0,9999999,12
160,AI算法工程师,杭州,10000人以上,本科,18,55,14
161,百度2024提前批-语音技术工程师,北京,10000人以上,硕士,20,35,16
162,算法工程师,北京,10000人以上,学历不限,25,40,16
163,NLP算法工程师,北京,10000人以上,硕士,0,9999999,12
164,算法工程师,北京,10000人以上,学历不限,0,9999999,12
165,算法工程师（提前批）,杭州,10000人以上,本科,20,35,12
166,2024届-机器人算法工程师,上海,100-499人,本科,15,30,12
167,【华为博士招聘】,上海,10000人以上,硕士,35,60,16
168,航天宏图-空间物理算法工程师,北京,10000人以上,硕士,10,25,12
169,航天宏图-海洋算法工程师,北京,10000人以上,硕士,10,25,12
170,航天宏图-气象算法工程师,北京,10000人以上,硕士,10,25,12
171,航天宏图-AI算法工程师,北京,10000人以上,硕士,10,25,12
172,语音识别算法工程师（视界星）,杭州,1000-9999人,学历不限,0,9999999,12
173,航天宏图-遥感算法工程师,北京,10000人以上,硕士,10,25,12
174,语音合成算法工程师（视界星）,杭州,1000-9999人,学历不限,0,9999999,12
175,自然语言处理算法工程师（视界星）,杭州,1000-9999人,学历不限,0,9999999,12
176,视频处理算法工程师（视界星）,杭州,1000-9999人,学历不限,0,9999999,12
177,计算机视觉算法工程师（视界星）,杭州,1000-9999人,学历不限,0,9999999,12
178,视频编解码算法工程师（视界星）,杭州,1000-9999人,学历不限,0,9999999,12
179,算法工程师（实习）,北京,10000人以上,硕士,300,500,12
180,分布式机器学习研究实习,北京,10000人以上,学历不限,0,9999999,0
181,计算机视觉实习生,杭州,1000-9999人,本科,200,350,0
182,自动驾驶预测决策算法实习生-北京,北京,1000-9999人,本科,200,300,0
183,算法工程师,上海,10000人以上,学历不限,10,1040,0
184,c++开发实习生,北京,1000-9999人,本科,300,400,0
185,系统方案工程师-算法,上海,100-499人,硕士,300,350,0
186,24届应届生-AI工程师,杭州,10000人以上,本科,200,350,0
187,广告召回模型算法工程师（实习）,北京,1000-9999人,学历不限,200,500,0
188,规划控制算法工程师（实习）,北京,100-499人,硕士,200,400,14
189,图像算法工程师,深圳,10000人以上,学历不限,200,250,0
190,【算法实习】阿里巴巴 计算机视觉方向 cv算法,北京,10000人以上,学历不限,0,9999999,0
191,算法工程师,北京,10000人以上,本科,200,300,0
192,平台算法实习生,北京,1000-9999人,硕士,400,450,0
193,算法工程师,北京,1000-9999人,硕士,300,310,0
194,基于资源池化的硬件虚拟化技术研究-MSRA,北京,10000人以上,本科,250,400,0
195,算法开发暑期实习&秋招（24届内推）,上海,100-499人,硕士,150,300,0
196,推荐算法工程师,北京,1000-9999人,学历不限,200,250,0
197,AI算法工程师实习生,深圳,20-99人,本科,200,250,0
198,【2024届实习】NLP/CV实习生,成都,20-99人,硕士,300,400,0
199,算法实习工程师,深圳,20-99人,本科,250,500,0
200,AI算法实习生,北京,10000人以上,本科,250,400,0
201,AIGC多模态模型算法实习生,北京,10000人以上,硕士,300,500,0
202,算法工程师-实习,上海,1000-9999人,本科,250,300,0
203,算法实习生-模型压缩方向,北京,10000人以上,硕士,300,400,0
204,算法实习生,北京,1000-9999人,本科,390,410,0
205,NLP算法实习生,北京,100-499人,本科,200,350,0
206,24届应届生-AI工程师,深圳,10000人以上,本科,200,350,0
207,广告召回模型算法工程师（实习）,上海,1000-9999人,学历不限,200,500,0
208,图形开发工程师,杭州,100-499人,本科,200,400,0
209,图像算法工程师,上海,10000人以上,学历不限,200,250,0
210,【阿里巴巴】【算法实习】计算时视觉方向 CV算法,北京,10000人以上,学历不限,0,9999999,0
211,算法实习生（智能视觉方向）,深圳,500-999人,硕士,200,500,0
212,脑机接口、芯片、算法、嵌入式实习生,北京,20-99人,本科,100,200,0
213,算法研究员,北京,1000-9999人,硕士,300,350,0
214,【日常实习】低空物流算法工程师,北京,10000人以上,本科,0,9999999,0
215,算法开发暑期实习&秋招（24届内推）,上海,100-499人,硕士,150,300,0
216,推荐算法工程师,深圳,1000-9999人,学历不限,200,250,0
217,算法工程师,北京,1000-9999人,硕士,300,400,0
218,【2024校招】自动驾驶算法/软件/硬件工程师（感知/规划/控制/仿真/预测/标定/高性能）（实习）,北京,100-499人,本科,200,500,16
219,决策和运动规划算法实习生,北京,100-499人,硕士,420,550,0
220,计算机视觉算法实习生,北京,10000人以上,硕士,250,300,0
221,AIGC多模态数据算法实习生,北京,10000人以上,硕士,300,500,0
222,小红书电商-智能供应链物流算法实习生,上海,1000-9999人,学历不限,300,310,0
223,算法实习生,长沙,10000人以上,本科,150,200,0
224,视觉算法实习生,杭州,10000人以上,硕士,260,500,0
225,上海人工智能实验室-数字人研究中心-算法实习生,北京,1000-9999人,本科,300,400,0
226,算法工程师,上海,10000人以上,硕士,300,500,0
227,广告召回模型算法工程师（实习）,广州,1000-9999人,学历不限,200,500,0
228,AIGC算法实习生,北京,500-999人,硕士,350,500,0
229,图像算法工程师,南京,10000人以上,学历不限,200,250,0
230,【实习】【阿里 达摩院】 计算机视觉算法,北京,10000人以上,学历不限,0,9999999,0
231,算法实习生（智能视觉方向）,上海,500-999人,硕士,200,500,0
232,算法工程师,北京,暂无,学历不限,200,300,0
233,算法工程师实习生,上海,1000-9999人,硕士,300,310,0
234,感知算法实习生,南京,500-999人,硕士,200,300,0
235,算法工程师工程师（实习）,深圳,20-99人,本科,200,500,12
236,推荐算法工程师,西安,1000-9999人,学历不限,200,250,0
237,宽带资本被投企业（实习）,北京,20-99人,硕士,200,500,12
238,【2024校招】自动驾驶算法/软件/硬件工程师（感知/规划/控制/仿真/预测/标定/高性能）（实习）,深圳,100-499人,本科,200,500,16
239,模型量化实习生,北京,100-499人,本科,420,550,0
240,计算机视觉算法实习生,上海,10000人以上,硕士,250,300,0
241,算法工程师,北京,10000人以上,学历不限,300,400,0
242,小红书电商-多模态/自然语言处理/计算机视觉 算法工程师 ,上海,1000-9999人,学历不限,300,310,0
243,推荐算法工程师,北京,10000人以上,硕士,240,500,0
244,搜索与推荐算法工程师实习生(D5515),北京,10000人以上,硕士,250,400,0
245,上海人工智能实验室-数字人研究中心-算法实习生,上海,1000-9999人,本科,300,400,0
246,智能无线通信研究员,上海,10000人以上,硕士,350,460,0
247,广告召回模型算法工程师（实习）,深圳,1000-9999人,学历不限,200,500,0
248,算法工程师,杭州,10000人以上,学历不限,220,400,0
249,图像算法工程师,杭州,10000人以上,学历不限,200,250,0
250,【阿里 达摩院】计算机视觉算法 实习生,北京,10000人以上,学历不限,500,550,0
251,算法实习生（机器视觉方向）,深圳,500-999人,硕士,200,500,0
252,算法工程师（实习）-厦/深,深圳,20-99人,硕士,180,350,0
253,算法工程师实习生,北京,1000-9999人,本科,200,300,0
254,AI模型实习生（推理/训练）,上海,100-499人,本科,160,240,0
255,量化研究实习生,上海,20-99人,本科,200,500,0
256,自动驾驶感知算法实习生,北京,10000人以上,本科,200,250,0
257,仿真算法实习生,杭州,100-499人,硕士,300,500,0
258,算法工程实习生,深圳,1000-9999人,本科,200,250,0
259,视觉感知实习生,北京,100-499人,本科,420,550,0
260,实习算法工程师,上海,20-99人,硕士,200,250,0
261,视频编解码算法工程师,深圳,10000人以上,学历不限,390,400,0
262,算法工程师实习（实习）,上海,100-499人,硕士,300,400,13
263,算法工程师/Java/C++（实习）,北京,20-99人,本科,200,500,15
264,搜索算法工程师实习生(J2095),北京,10000人以上,本科,250,400,0
265,视觉生成研究员-上海人工智能实验室,北京,1000-9999人,本科,200,250,0
266,华为云计算算法工程师（实习生）,西安,10000人以上,本科,200,300,0
267,广告模型高级算法工程师,深圳,1000-9999人,学历不限,200,400,0
268,感知算法实习生,北京,100-499人,硕士,400,500,0
269,算法实习生,北京,100-499人,硕士,200,400,0
270,【阿里巴巴】【算法】【实习内推】【计算机视觉】,北京,10000人以上,学历不限,0,9999999,0
271,算法工程师,北京,10000人以上,本科,260,300,0
272,AI绘画算法实习生——深圳,深圳,20-99人,硕士,200,300,0
273,算法工程师实习生,上海,1000-9999人,本科,200,300,0
274,AI大模型推理实习生(J10444),深圳,100-499人,本科,200,300,0
275,感知算法工程师（实习）,北京,20-99人,学历不限,200,500,12
276,算法工程师实习生,北京,100-499人,本科,200,250,0
277,蔚领时代 AILab-视觉算法工程师（北京）,北京,100-499人,本科,200,400,0
278,自动驾驶仿真算法研究员,上海,100-499人,硕士,300,400,0
279,Research实习生-NeRF方向,北京,100-499人,硕士,420,550,0
280,集群决策算法实习生,杭州,1000-9999人,硕士,180,220,0
281,算法工程师,北京,10000人以上,学历不限,150,200,0
282,AI算法实习生,宁德,10000人以上,本科,200,250,0
283,生成类AI算法实习生,深圳,暂无,本科,220,400,0
284,多模态算法工程师,上海,1000-9999人,学历不限,290,300,0
285,深度学习视觉方向实习生（深圳）,深圳,10000人以上,硕士,200,500,0
286,算法工程师（24届秋招正式岗）,上海,10000人以上,本科,250,300,0
287,广告模型高级算法工程师,上海,1000-9999人,学历不限,200,400,0
288,自动驾驶视觉感知模型实习生,北京,100-499人,硕士,400,500,0
289,计算机视觉算法工程师,北京,10000人以上,硕士,300,500,0
290,【阿里巴巴-达摩院】计算机视觉算法/图像算法,北京,10000人以上,学历不限,0,9999999,0
291,腾讯AI LAB -多模态算法实习生,深圳,10000人以上,硕士,10,1000,0
292,AIGC算法实习生——深圳,厦门,20-99人,硕士,200,300,0
293,算法工程师实习生,深圳,1000-9999人,本科,200,300,0
294,几何/约束算法实习工程师(J10178),上海,100-499人,本科,200,450,0
295,后端开发工程师（AI算法工程师工程化）,上海,1000-9999人,本科,280,500,0
296,算法工程师,上海,10000人以上,本科,0,9999999,0
297,SLAM算法工程师实习生,深圳,100-499人,硕士,250,300,0
298,算法工程师工程师--感知融合方向--实习生,北京,500-999人,硕士,200,400,0
299,算法工程师,北京,1000-9999人,本科,200,300,0
300,NLP算法实习生（文本生成方向）,北京,20-99人,硕士,300,400,0
301,NLP实习生-今日头条/番茄小说/剪映,北京,10000人以上,本科,220,270,0
302,算法实习生（智能制造）,宁德,10000人以上,本科,200,250,0
303,NLP算法实习生,深圳,暂无,本科,220,400,0
304,人体+手部3D数据架构师集构建实习生（请24年毕业同学绕行，非校园招聘）,北京,1000-9999人,硕士,220,230,0
305,【实习】【滴滴出行-国际化】算法工程师,北京,10000人以上,硕士,290,300,0
306,算法工程师（24届秋招正式岗）,长沙,10000人以上,本科,250,300,0
307,广告模型高级算法工程师,南京,1000-9999人,学历不限,200,400,0
308,技术管培生（实习）,北京,20-99人,本科,200,500,15
309,AI算法工程师工程师-实习,深圳,10000人以上,硕士,250,350,0
310,【阿里巴巴达摩院】【城市大脑实验室】算法实习,北京,10000人以上,学历不限,0,9999999,0
311,百度研究院-商业智能实验室-大模型方向算法实习生岗位,北京,10000人以上,本科,250,300,0
312,算法实习生,北京,100-499人,硕士,200,300,0
313,算法工程师实习生【深圳】,深圳,1000-9999人,硕士,200,300,0
314,几何图形算法实习生,上海,100-499人,本科,200,600,0
315,算法实习生(A204045),杭州,暂无,硕士,200,250,0
316,计算机视觉-AIGC-文生图方向,上海,10000人以上,学历不限,300,500,0
317,算法工程师,北京,1000-9999人,学历不限,400,450,0
318,算法工程师工程师--感知融合方向--实习生,南京,500-999人,硕士,200,400,0
319,同花顺人工智能专场招聘(23届或24届毕业可投),杭州,1000-9999人,硕士,800,1000,0
320,大模型数据算法实习生,北京,20-99人,硕士,250,350,0
321,算法工程师实习,上海,10000人以上,硕士,0,9999999,0
322,预测算法工程师实习生-电商业务,上海,10000人以上,硕士,10,500,0
323,算法工程师-实习(LLM方向，无转正名额),北京,10000人以上,学历不限,0,9999999,0
324,计算机视觉算法工程师实习生,北京,500-999人,硕士,300,400,0
325,起终点引擎-算法实习生,北京,10000人以上,硕士,240,300,0
326,算法工程师,北京,10000人以上,硕士,300,500,0
327,广告模型高级算法工程师,武汉,1000-9999人,学历不限,200,400,0
328,算法工程师,北京,1000-9999人,学历不限,200,250,0
329,AI算法工程师工程师（多模态方向）,深圳,10000人以上,硕士,250,350,0
330,【阿里研究型实习生】计算机视觉算法,北京,10000人以上,硕士,300,500,0
331,百度研究院商业智能实验室地理信息系统算法实习生招聘,北京,10000人以上,本科,200,300,0
332,算法工程师,天津,100-499人,硕士,260,500,0
333,算法研究员【上海】,上海,1000-9999人,硕士,200,300,0
334,NL2SQL/Vis算法实习生(J10441),深圳,100-499人,本科,200,300,0
335,分布式训练算法工程师工程师（实习）,合肥,100-499人,硕士,200,500,14
336,图像算法工程师工程师（实习）,杭州,1000-9999人,硕士,200,230,0
337,高德视觉技术中心实习生,北京,1000-9999人,硕士,400,450,0
338,算法工程师工程师--感知融合方向--实习生,上海,500-999人,硕士,200,400,0
339,搜索推荐广告算法科研实习生,北京,10000人以上,硕士,300,500,0
340,算法工程师,上海,10000人以上,本科,250,500,0
341,运筹优化算法工程师,杭州,10000人以上,本科,150,160,0
342,预测算法工程师实习生-电商业务,杭州,10000人以上,硕士,10,500,0
343,AI视觉算法工程师工程师/实习生（实习）,北京,20-99人,本科,200,1000,12
344,NLP算法工程师【AIME计划】,杭州,1000-9999人,硕士,800,1000,0
345,3D算法见习研究员,北京,1000-9999人,本科,300,400,0
346,算法工程师（24届秋招正式岗）,东莞,10000人以上,本科,250,300,0
347,数字信号处理算法实习生(J10899),南京,500-999人,硕士,200,300,0
348,GPT算法实习兼职,北京,100-499人,硕士,180,230,0
349,影像算法工程师研究实习生（大模型或3D方向）,深圳,10000人以上,硕士,250,350,0
350,【阿里研究型实习生】计算机视觉算法,杭州,10000人以上,硕士,300,500,0
351,NLP算法工程师（实习）,北京,10000人以上,硕士,200,500,12
352,GPT算法工程师,北京,100-499人,硕士,260,500,0
353,算法工程师（实习）,北京,20-99人,本科,200,500,14
354,AI算法研究实习生(J10339),深圳,100-499人,本科,200,400,0
355,图像生成算法工程师 （可实习，提供转正机会）（实习）,合肥,100-499人,硕士,200,400,14
356,量化研究员（实习）,武汉,暂无,本科,300,400,0
357,研究实习生,北京,100-499人,本科,180,260,0
358,自动驾驶视觉算法实习生（北京）,北京,500-999人,硕士,200,400,0
359,算法工程师,北京,10000人以上,学历不限,10,300,0
360,数据及智能决策（保险&支付）-算法实习生,北京,10000人以上,硕士,240,300,0
361,【实习生】算法工程师,上海,1000-9999人,本科,300,350,0
362,科研算法实习生,深圳,100-499人,硕士,210,270,0
363,算法工程师工程师（暑期实习）(L5729),上海,1000-9999人,硕士,300,450,0
364,3d 内容 aigc 方向实习生,杭州,1000-9999人,硕士,300,350,0
365,3D算法见习研究员,深圳,1000-9999人,本科,300,400,0
366,深度学习算法实习生,北京,100-499人,学历不限,200,250,0
367,算法工程师实习生(F0640),北京,10000人以上,本科,250,400,0
368,图像算法实习,上海,20-99人,本科,180,230,0
369,影像算法工程师研究实习生（大模型或3D方向）,杭州,10000人以上,硕士,250,350,0
370,算法工程师,北京,10000人以上,学历不限,400,450,0
371,智驾规控深度强化学习算法实习生,深圳,10000人以上,本科,200,250,0
372,研发部实习,北京,20-99人,硕士,200,600,0
373,图像/视频/ISP算法实习生-25届(J10805),上海,1000-9999人,硕士,200,250,0
374,隐私计算算法实习生(J10175),深圳,100-499人,硕士,200,400,0
375,大语言模型算法工程师（实习）,杭州,100-499人,硕士,300,500,0
376,计算机视觉算法实习生（杭州）,杭州,1000-9999人,硕士,230,280,0
377,算法实习生（兼职实习）,北京,100-499人,硕士,260,350,0
378,自动驾驶视觉算法实习生（上海）,上海,500-999人,硕士,200,400,0
379,算法工程师,北京,10000人以上,本科,15,30,14
380,策略算法工程师,北京,10000人以上,硕士,30,35,16
381,计算机视觉工程师（AIGC方向）,杭州,1000-9999人,硕士,0,9999999,12
382,算法工程师工程师,上海,1000-9999人,本科,15,35,16
383,阿里巴巴-国际数字商业集团-Lazada用户增长高级算法工程师,广州,10000人以上,本科,0,9999999,12
384,算法工程师/专家,上海,10000人以上,本科,25,50,16
385,资深/高级算法工程师,北京,1000-9999人,硕士,0,9999999,12
386,算法工程师工程师,武汉,1000-9999人,本科,15,35,12
387,高级/资深算法工程师,北京,10000人以上,本科,0,9999999,12
388,AI算法工程师,深圳,20-99人,硕士,25,50,14
389,【拼多多】搜索算法工程师,上海,1000-9999人,本科,35,80,16
390,音频算法工程师,济南,20-99人,本科,10,16,12
391,算法专家/工程师---T009,北京,1000-9999人,本科,0,9999999,12
392,算法工程师,杭州,10000人以上,本科,40,80,16
393,视觉算法工程师\专家,杭州,10000人以上,硕士,0,9999999,12
394,AIGC应用算法工程师,北京,10000人以上,硕士,0,9999999,12
395,研究院-3D视觉高级算法开发工程师（C++）,北京,1000-9999人,硕士,30,60,12
396,算法工程师,北京,10000人以上,学历不限,0,9999999,12
397,NLP算法工程师,上海,100-499人,硕士,20,30,13
398,无人机智能集群协同算法开发,深圳,100-499人,硕士,15,25,12
399,算法工程师,北京,10000人以上,本科,14,30,16
400,电商推荐算法工程师,北京,10000人以上,本科,30,70,16
401,算法工程师,杭州,10000人以上,本科,0,9999999,12
402,感知算法专家-点云感知方向,苏州,20-99人,硕士,0,9999999,12
403,阿里巴巴高级算法工程师火热招聘中,杭州,10000人以上,硕士,0,9999999,12
404,算法工程师/专家,杭州,10000人以上,本科,25,50,16
405,算法工程师,北京,1000-9999人,硕士,0,9999999,12
406,运筹优化_算法工程师,杭州,10000人以上,硕士,20,50,12
407,深度学习算法工程师,上海,20-99人,硕士,20,40,13
408,算法工程师,广州,20-99人,本科,15,30,15
409,算法工程师工程师-拼多多DMP方向,上海,1000-9999人,本科,30,60,12
410,算法工程师,上海,500-999人,硕士,25,40,15
411,算法工程师工程师,大连,100-499人,学历不限,0,9999999,12
412,算法工程师（正式),北京,1000-9999人,本科,25,50,12
413,隐私安全计算算法工程师(J10288),深圳,100-499人,硕士,30,40,12
414,AIGC应用算法工程师,上海,10000人以上,硕士,0,9999999,12
415,研究院-3D视觉高级算法开发工程师（C++）,上海,1000-9999人,硕士,30,60,12
416,计算机视觉算法工程师-多模态方向,北京,10000人以上,硕士,30,40,16
417,环境感知算法工程师,北京,100-499人,硕士,0,9999999,12
418,雷达算法实习生,上海,1000-9999人,硕士,4,6,12
419,AI软件开发工程师,深圳,10000人以上,本科,12,40,15
420,电商推荐算法工程师,杭州,10000人以上,本科,30,70,16
421,Java开发工程师(J14019),北京,1000-9999人,本科,15,25,15
422,感知算法工程师- 目标跟踪方向,苏州,20-99人,硕士,0,9999999,12
423,搜索/推荐/广告/商品/价格/营销算法工程师,杭州,10000人以上,本科,0,9999999,12
424,算法工程师/专家,北京,10000人以上,本科,25,50,16
425,算法工程师工程师,上海,1000-9999人,硕士,20,40,17
426,视频平台算法工程师,北京,10000人以上,硕士,0,9999999,12
427,博士后(J10137),深圳,100-499人,硕士,15,25,15
428,软件服务端开发工程师（算法方向）,广州,20-99人,本科,12,24,14
429,AI算法高级专家,南京,1000-9999人,本科,30,50,12
430,AI算法工程师,杭州,1000-9999人,硕士,40,85,15
431,算法工程师,西安,500-999人,学历不限,0,9999999,12
432,算法工程师,广州,20-99人,学历不限,15,20,12
433,资深视觉算法工程师(J10419),深圳,100-499人,硕士,30,50,12
434,AIGC应用算法工程师,杭州,10000人以上,硕士,0,9999999,12
435,高级融合算法工程师工程师2-上海深圳,深圳,1000-9999人,本科,0,9999999,12
436,风控策略算法工程师（商业广告方向）,北京,10000人以上,硕士,22,60,16
437,信动力计划-算法开发类(J32155),青岛,10000人以上,硕士,0,9999999,12
438,算法工程师工程师,北京,1000-9999人,本科,18,25,13
439,AI算法工程师,杭州,10000人以上,本科,15,40,12
440,算法工程师,北京,暂无,本科,20,40,15
441,高级图像算法工程师,杭州,暂无,硕士,35,50,12
442,感知算法工程师- 目标跟踪方向,北京,20-99人,硕士,0,9999999,12
443,算法工程师,杭州,10000人以上,学历不限,0,9999999,12
444,广告高级算法工程师,杭州,10000人以上,硕士,0,9999999,12
445,算法工程师工程师,北京,1000-9999人,硕士,20,40,17
446,[快手急招]多模态大模型算法工程师,北京,10000人以上,硕士,30,60,16
447,算法工程师,上海,20-99人,学历不限,0,9999999,12
448,机器人算法工程师(J10135),深圳,100-499人,本科,15,30,13
449,算法工程师--SLAM ,北京,20-99人,硕士,25,45,12
450,搜索推荐算法工程师,北京,10000人以上,本科,25,50,15
451,prompt工程师,北京,20-99人,本科,15,25,14
452,社招--智能驾驶融合算法工程师(J10815),南京,500-999人,硕士,20,40,13
453,算法工程师工程师,上海,1000-9999人,本科,15,40,16
454,AIGC基础算法工程师,杭州,10000人以上,硕士,0,9999999,12
455,高级规划控制算法工程师工程师2-北京上海,上海,1000-9999人,本科,0,9999999,12
456,风控策略算法工程师（商业广告）,北京,10000人以上,硕士,22,60,16
457,深度强化学习算法工程师,南京,20-99人,本科,25,50,15
458,【部门直招】【可23应届】【社招】滴滴-智能中台-视觉算法工程师,北京,10000人以上,本科,23,33,15
459,AI算法工程师,深圳,10000人以上,本科,0,9999999,12
460,推荐系统/机器学习/广告算法工程师,北京,10000人以上,硕士,30,60,16
461,算法工程师,杭州,20-99人,学历不限,4,25,13
462,【急招】算法工程师,北京,10000人以上,本科,0,9999999,12
463,lazada/AIGC/权益定价/推荐系统,广州,10000人以上,本科,0,9999999,0
464,【社招】蚂蚁集团-广告高级算法工程师工程师/专家-杭州/上海,杭州,10000人以上,硕士,20,50,13
465,算法工程师工程师,深圳,1000-9999人,硕士,20,40,17
466,[快手急招]多模态大模型专家,北京,10000人以上,硕士,40,70,16
467,大语言模型资深算法工程师,杭州,100-499人,硕士,25,50,16
468,C++算法教师,广州,20-99人,本科,8,20,12
469,高级算法工程师-北京,北京,20-99人,本科,15,35,15
470,算法工程师研发工程师（消息营销方向）,上海,1000-9999人,本科,0,9999999,12
471,算法工程师,上海,1000-9999人,本科,15,25,16
472,AI研发工程师,合肥,20-99人,本科,12,20,14
473,AIGC算法工程师,杭州,100-499人,硕士,20,40,12
474,AIGC基础算法工程师,上海,10000人以上,硕士,0,9999999,12
475,3D算法研究员,北京,1000-9999人,硕士,0,9999999,12
476,算法工程师,北京,10000人以上,学历不限,22,40,16
477,量化算法研究员,上海,100-499人,硕士,20,40,12
478,算法工程师（增长方向）,北京,10000人以上,本科,0,9999999,12
479,算法工程师工程师,深圳,10000人以上,本科,14,29,14
480,SLAM算法工程师,北京,20-99人,本科,22,35,15
481,GPU计算架构工程师,上海,1000-9999人,硕士,0,9999999,12
482,【急招】推荐算法工程师,北京,10000人以上,本科,0,9999999,12
483,算法工程师,广州,10000人以上,本科,0,9999999,12
484,广告算法工程师,上海,10000人以上,硕士,0,9999999,12
485,算法工程师,北京,1000-9999人,本科,15,21,12
486,小红书电商搜索算法工程师,上海,1000-9999人,硕士,0,9999999,12
487,音频算法工程师,杭州,1000-9999人,本科,0,9999999,12
488,无人机智能集群协同算法开发(J10130),深圳,100-499人,本科,10,15,14
489,（深圳）算法工程师,深圳,1000-9999人,本科,20,35,12
490,自然语言处理算法工程师,武汉,暂无,硕士,20,40,14
491,算法工程师工程师 - 拼多多DMP方向,上海,1000-9999人,本科,30,60,12
492,算法工程师,杭州,暂无,学历不限,30,60,13
493,深度学习CV/NLP多模态算法工程师,北京,1000-9999人,硕士,20,30,16
494,AIGC基础算法工程师,北京,10000人以上,硕士,0,9999999,12
495,工业视觉研发高级工程师1-深圳上海,深圳,1000-9999人,硕士,0,9999999,12
496,NLP算法工程师（对话机器人方向）,深圳,10000人以上,学历不限,30,60,16
497,感知融合算法工程师工程师,上海,20-99人,硕士,30,60,15
498,交易策略资深算法工程师,北京,10000人以上,本科,0,9999999,12
499,AI算法工程师,深圳,10000人以上,本科,15,30,14
500,CAD算法工程师,厦门,20-99人,本科,10,20,12
501,GPU计算架构工程师,北京,1000-9999人,硕士,0,9999999,12
502,算法工程师,成都,暂无,学历不限,26,36,12
503,算法工程师,广州,10000人以上,本科,30,50,16
504,【社招3年工作经验】算法-技术专家-广告大模型应用,上海,10000人以上,硕士,0,9999999,12
505,算法工程师,济南,20-99人,硕士,15,25,13
506,小红书电商搜索算法工程师,北京,1000-9999人,硕士,0,9999999,12
507,图像算法工程师,杭州,1000-9999人,本科,0,9999999,12
508,计算机视觉副研究员/助理研究员(J10124),深圳,100-499人,硕士,0,9999999,12
509,AI算法工程师(J10333),广州,500-999人,硕士,0,9999999,12
510,高级算法工程师工程师（AIGC方向）,北京,1000-9999人,本科,30,60,16
511,算法工程师（社招）,杭州,100-499人,本科,13,25,12
512,资深算法工程师（图像）,深圳,10000人以上,学历不限,0,9999999,12
513,应用算法工程师,武汉,500-999人,硕士,15,25,12
514,字节跳动-商业化技术-搜索广告算法工程师(应届&社招均可),北京,10000人以上,本科,0,9999999,12
515,"研究院-资深算法研究员（3D模型生成）1-深圳市,北京市,上海市",北京,1000-9999人,硕士,0,9999999,12
516,语音合成算法工程师（TTS）,深圳,10000人以上,硕士,20,40,16
517,Slam算法工程师,上海,20-99人,硕士,30,60,15
518,高级算法工程师,北京,10000人以上,本科,0,9999999,12
519,AI算法工程师,南京,10000人以上,本科,0,9999999,12
520,图形算法工程师,厦门,20-99人,本科,10,20,12
521,Developer Technology Engineer-AI,北京,1000-9999人,硕士,0,9999999,12
522,图像处理算法工程师（超分）,南京,500-999人,硕士,22,35,12
523,算法工程师工程师,北京,10000人以上,本科,0,9999999,12
524,【社招3年工作经验】算法-技术专家-广告大模型应用,杭州,10000人以上,硕士,0,9999999,12
525,虚拟数字人算法工程师,杭州,20-99人,硕士,10,20,12
526,感知算法工程师,北京,100-499人,硕士,0,9999999,12
527,视频算法工程师,杭州,1000-9999人,本科,0,9999999,12
528,AF算法工程师,深圳,500-999人,本科,18,30,13
529, 【美团】短视频商业化、激励算法专家,北京,10000人以上,本科,0,9999999,12
530,高级算法工程师（机械臂/机器人）,北京,1000-9999人,本科,30,60,16
531,分布式开发工程师,杭州,1000-9999人,硕士,0,9999999,0
532,机器学习算法工程师高级工程师（社区技术）,上海,1000-9999人,本科,0,9999999,12
533,电机控制工程师,武汉,500-999人,硕士,15,25,12
534,字节跳动-商业化技术-搜索广告算法工程师(应届&社招均可),上海,10000人以上,本科,0,9999999,12
535,3D算法研究员,深圳,1000-9999人,硕士,0,9999999,12
536,自然语言处理算法工程师（人才管理计算方向）,北京,10000人以上,硕士,20,35,16
537,资深视觉算法工程师,北京,20-99人,硕士,40,70,15
538,算法工程师,上海,10000人以上,学历不限,25,40,12
539,AI算法工程师,西安,10000人以上,本科,0,9999999,12
540,高级算法工程师工程师 急急急,杭州,100-499人,硕士,30,60,15
541,Developer Technology Engineer-AI,深圳,1000-9999人,硕士,0,9999999,12
542,图像处理算法工程师（超分）,杭州,500-999人,硕士,22,35,12
543,算法工程师工程师,杭州,10000人以上,本科,0,9999999,12
544,算法工程师,上海,10000人以上,硕士,40,70,16
545,视觉算法工程师,北京,500-999人,本科,20,35,12
546,决策规划算法工程师,北京,20-99人,硕士,30,60,15
547,算法工程师,杭州,1000-9999人,硕士,0,9999999,12
548,运动控制工程师岗,重庆,20-99人,学历不限,15,35,12
549,算法工程师,北京,500-999人,学历不限,30,45,15
550,算法工程师,成都,10000人以上,本科,0,9999999,0
551,医学影像算法工程师（科研合作主管）,北京,500-999人,硕士,15,18,14
552,AGV任务调度算法工程师,深圳,500-999人,硕士,15,40,14
553,算法工程师(社招),成都,暂无,大专,13,26,15
554,算法工程师,上海,10000人以上,本科,0,9999999,12
555,EIG-计算机视觉算法工程师1-深圳,深圳,1000-9999人,硕士,0,9999999,12
556,算法工程师,北京,10000人以上,学历不限,0,9999999,12
557,资深视觉算法工程师,上海,20-99人,硕士,40,70,15
558,生物组学深度学习高级工程专员,杭州,1000-9999人,硕士,0,9999999,12
559,算法工程师（AI/CV/NLP/语音/视频/搜索推荐/控制等）,深圳,10000人以上,本科,15,30,16
560,高级算法工程师工程师,杭州,100-499人,硕士,30,50,15
561,Developer Technology Engineer-AI,上海,1000-9999人,硕士,0,9999999,12
562,算法工程师,武汉,500-999人,本科,11,16,12
563,阿里巴巴高级风控算法工程师/专家,杭州,10000人以上,本科,0,9999999,12
564,技术-算法工程师-应用算法,杭州,10000人以上,硕士,0,9999999,12
565,算法工程师工程师 - 感知(A168786),北京,1000-9999人,本科,22,40,16
566,定位地图算法工程师,北京,20-99人,硕士,30,60,15
567,算法工程师,杭州,1000-9999人,学历不限,0,9999999,12
568,算法工程师,重庆,20-99人,学历不限,15,35,12
569,「社招」推荐算法工程师工程师,广州,1000-9999人,本科,0,9999999,12
570,阿里云智能-弹性计算-数据&算法专家/高级专家（P7～P8）杭州/北京,杭州,10000人以上,硕士,20,70,16
571,PET系统软件工程师,北京,500-999人,硕士,15,25,14
572,算法工程师工程师,福州,10000人以上,硕士,15,25,18
573,算法工程师,深圳,500-999人,本科,20,40,12
574,广告算法工程师,北京,10000人以上,本科,0,9999999,12
575,IRDC-算法研究员（智慧体育）3-北京上海深圳,深圳,1000-9999人,硕士,0,9999999,12
576,算法工程师,北京,10000人以上,学历不限,0,9999999,12
577,NLP大模型算法工程师专家,上海,20-99人,硕士,40,80,15
578,高性能图计算算法工程师,杭州,1000-9999人,硕士,2,3,12
579,算法工程师,西安,10000人以上,学历不限,10,30,12
580,算法工程师,广州,1000-9999人,学历不限,0,9999999,12
581,算法加速工程师,深圳,0-20人,硕士,20,40,12
582,算法优化工程师,深圳,20-99人,本科,20,40,12
583,算法工程师,杭州,10000人以上,学历不限,25,45,16
584,技术-算法工程师-应用算法,上海,10000人以上,硕士,0,9999999,12
585,算法工程师,长沙,20-99人,学历不限,9,15,12
586,感知算法工程师,北京,20-99人,硕士,30,60,15
587,高级算法工程师,上海,20-99人,硕士,30,70,13
588,NLP自然语言,杭州,100-499人,硕士,30,65,16
589,高性能计算工程师,广州,1000-9999人,本科,0,9999999,12
590,阿里云智能-弹性计算-数据&算法专家/高级专家（P7～P8）杭州/北京,北京,10000人以上,硕士,20,70,16
591,3D点云算法工程师,深圳,20-99人,本科,25,50,12
592,算法工程师工程师,深圳,10000人以上,硕士,15,25,18
593,高级算法工程师专家,西安,20-99人,本科,15,30,12
594,算法工程师,南京,1000-9999人,本科,18,40,15
595,"高级融合算法工程师2-上海市,深圳市",深圳,1000-9999人,硕士,0,9999999,12
596,百度-算法工程师,北京,10000人以上,本科,2,40,16
597,NLP大模型算法工程师专家,北京,20-99人,硕士,40,80,15
598,大规模图计算算法工程师,杭州,1000-9999人,硕士,2,3,12
599,ARVR渲染算法专家,东莞,10000人以上,硕士,0,9999999,12
600,算法工程师,上海,20-99人,学历不限,40,70,15
601,算法工程师工程师,深圳,0-20人,硕士,0,9999999,12
602,算法工程师（视觉/多模态放心）,深圳,20-99人,硕士,30,60,15
603,数据科学,杭州,10000人以上,硕士,0,9999999,0
604,高级算法工程师,上海,0-20人,本科,20,40,14
605,3D视觉算法专家,深圳,100-499人,硕士,40,80,15
606,算法工程师,全国,1000-9999人,本科,0,9999999,0
607,企业信息中心NLP算法工程师,深圳,暂无,硕士,10,15,12
608,算法工程师,北京,100-499人,硕士,18,35,13
609,算法SDK开发工程师,广州,1000-9999人,本科,0,9999999,12
610,规划控制算法工程师,北京,100-499人,硕士,30,60,14
611,高级规划控制算法工程师,深圳,20-99人,本科,25,50,12
612,算法工程师工程师,上海,10000人以上,硕士,15,25,18
613,自动驾驶控制算法工程师,上海,20-99人,本科,35,65,15
614,雷达信号处理（应届硕士毕业生）,上海,100-499人,硕士,15,25,14
615,"数字人算法研究员4-北京市,上海市,深圳市",上海,1000-9999人,硕士,0,9999999,12
616,AIGC算法工程师工程师,北京,10000人以上,学历不限,0,9999999,12
617,大模型/深度学习算法工程师,上海,20-99人,本科,40,80,15
618,分布式学习算法工程师,杭州,1000-9999人,硕士,2,3,13
619,视觉研发工程师,深圳,10000人以上,本科,12,35,14
620,机器学习算法工程师,北京,1000-9999人,学历不限,20,35,14
621,算法专家/高级算法工程师,杭州,10000人以上,本科,35,55,16
622,算法工程师,杭州,10000人以上,学历不限,45,70,12
623,搜索算法工程师,杭州,10000人以上,硕士,0,9999999,0
624,算法工程师,上海,0-20人,本科,20,40,14
625,3D视觉算法专家,上海,100-499人,硕士,40,80,15
626,通信算法工程师,重庆,20-99人,本科,10,25,12
627,激光雷达感知算法工程师工程师,北京,100-499人,硕士,35,55,15
628,高级算法工程师,北京,10000人以上,硕士,30,35,15
629,算法工程师,成都,10000人以上,本科,16,26,15
630,算法工程师,青岛,20-99人,本科,0,9999999,12
631,高级感知算法工程师,深圳,20-99人,本科,25,50,12
632,图像算法工程师,南昌,100-499人,硕士,10,15,14
633,Chat-GPT大模型（NLP/CV）,北京,20-99人,硕士,0,9999999,12
634,雷达算法工程师（应届生）,上海,100-499人,硕士,20,25,14
635,算法工程师,杭州,1000-9999人,本科,20,45,12
636,算法工程师,深圳,500-999人,本科,20,40,12
637,大模型/深度学习算法工程师,上海,20-99人,本科,30,60,16
638,博士研究员,杭州,1000-9999人,硕士,45,55,14
639,算法工程师,深圳,10000人以上,本科,12,35,14
640,算法推荐工程师,北京,20-99人,学历不限,0,9999999,0
641,阿里云智能-弹性计算-算法专家（P6~P8）,杭州,10000人以上,硕士,35,60,12
642,AI部署工程师,深圳,10000人以上,学历不限,0,9999999,0
643,搜索广告算法专家,杭州,10000人以上,硕士,0,9999999,0
644,推荐算法工程师工程,上海,1000-9999人,学历不限,30,95,12
645,量化策略研究员,上海,100-499人,本科,30,60,18
646,GNSS算法工程师,重庆,20-99人,本科,10,25,12
647,预训练算法工程师,北京,100-499人,硕士,30,50,15
648,深度学习算法工程师,苏州,100-499人,本科,12,18,15
649,R语言(远程兼职),广州,20-99人,学历不限,6,16,12
650,图像算法工程师,北京,暂无,硕士,20,40,15
651,规划决策算法工程师,深圳,20-99人,本科,20,40,12
652,【加急】自动驾驶算法专家-感知方向(T8180),北京,暂无,本科,30,60,15
653,nlp算法工程师,上海,20-99人,本科,30,70,15
654,算法工程师(J10100),深圳,100-499人,硕士,0,9999999,12
655,AI算法工程师 （优化加速方向）,杭州,1000-9999人,本科,16,30,14
656,算法工程师（语音、NLP、CV）,合肥,10000人以上,本科,20,30,12
657,图像算法工程师专家,上海,20-99人,学历不限,30,65,15
658,策略算法工程师工程师--电商内容治理方向,北京,10000人以上,本科,20,40,16
659,ML/DL/RL/CV/NLP/运筹优化/推荐搜索算法工程师,深圳,10000人以上,本科,12,35,14
660,雷达算法工程师,成都,20-99人,本科,25,50,12
661,机器人算法工程师工程师,宁波,20-99人,硕士,15,25,13
662,算法工程师（北京）,北京,500-999人,硕士,20,40,14
663,高级算法工程师,杭州,10000人以上,硕士,0,9999999,0
664,模型压缩算法研究员,深圳,10000人以上,硕士,20,40,12
665,算法工程师,上海,1000-9999人,本科,30,60,16
666,算法工程师,重庆,20-99人,本科,10,25,12
667,算法工程师工程,深圳,10000人以上,本科,15,35,14
668,雷达算法工程师（目标跟踪算法）,杭州,1000-9999人,本科,25,50,15
669,运动控制算法工程师,苏州,100-499人,硕士,30,60,14
670,平台架构设计专家,杭州,100-499人,本科,20,50,16
671,高级建图与定位算法工程师,深圳,20-99人,学历不限,20,40,12
672,自动驾驶算法工程师专家-定位建图方向(D8982),北京,暂无,学历不限,25,60,15
673,算法工程师,上海,20-99人,硕士,25,50,14
674,机器视觉算法工程师（工业检测）(J10094),深圳,100-499人,本科,15,20,12
675,算法 工程师,成都,10000人以上,本科,10,30,16
676,算法工程师-自驾感知,合肥,10000人以上,硕士,18,25,12
677,控制算法工程师(J10101),济南,100-499人,本科,12,16,13
678,PVT算法工程师/专家,北京,1000-9999人,硕士,20,50,16
679,高级AI算法工程师（社招）,深圳,10000人以上,硕士,30,70,12
680,（深圳）高级算法订单工程师,深圳,1000-9999人,本科,20,30,13
681,小红书电商算法团队-算法工程师,北京,1000-9999人,硕士,0,9999999,12
682,基金算法工程师工程师,北京,20-99人,硕士,20,30,12
683,自动驾驶定位算法工程师,北京,10000人以上,硕士,35,60,12
684,高性能计算工程师,深圳,10000人以上,本科,20,30,12
685,SLAM算法工程师,广州,100-499人,硕士,20,40,13
686,算法工程师,杭州,1000-9999人,硕士,40,70,15
687,TikTok电商计算机视觉及多模态算法工程师,北京,10000人以上,本科,0,9999999,12
688,激光SLAM算法工程师,北京,20-99人,学历不限,0,9999999,12
689,算法工程师（急招聘）,上海,20-99人,硕士,15,30,14
690,AI算法工程师,上海,500-999人,本科,11,18,20
691,感知算法工程师工程师,深圳,20-99人,本科,20,40,12
692,AI编译器工程师、专家(Q2560),上海,暂无,本科,30,60,15
693,自动驾驶决策规划算法工程师,上海,20-99人,本科,40,70,15
694,算法工程师,杭州,10000人以上,硕士,0,9999999,12
695,算法 工程师,上海,10000人以上,本科,10,30,16
696,算法工程师-视觉,合肥,10000人以上,硕士,18,25,14
697,算法工程师,深圳,0-20人,本科,60,260,16
698,算法工程师,北京,10000人以上,本科,30,50,16
699,【华为OD】AI算法工程师,杭州,10000人以上,本科,15,40,14
700,融合定位算法专家/资深工程师,上海,1000-9999人,硕士,30,55,16
701,机器学习算法实习生,北京,500-999人,本科,6,10,12
702,机器人路径规划、运动控制工程师(J10074),深圳,100-499人,本科,20,35,12
703,图像处理算法工程师,北京,100-499人,硕士,0,9999999,12
704,高级深度学习算法研究员,深圳,10000人以上,硕士,25,40,12
705,资深图像处理算法工程师,上海,100-499人,硕士,25,50,13
706,百度自然语言处理部急招机器学习/自然语言处理算法研发工程师,北京,10000人以上,本科,0,9999999,12
707,增长算法工程师,北京,10000人以上,本科,30,60,15
708,算法实习生（自动驾驶）,上海,100-499人,本科,5,6,12
709,算法工程师,深圳,10000人以上,本科,12,30,12
710,融合感知算法工程师（环境感知\目标融合\传感器标定等方向）,广州,100-499人,本科,16,40,14
711,高级slam算法工程师,深圳,20-99人,本科,25,50,12
712,运动控制算法工程师,杭州,20-99人,硕士,20,40,15
713,自动驾驶决策规划算法工程师,上海,20-99人,硕士,30,55,12
714,算法工程师-预测,上海,100-499人,本科,30,60,15
715,算法 工程师,深圳,10000人以上,本科,10,30,16
716,算法实习生,北京,100-499人,硕士,8,12,12
717,密码学专家,杭州,100-499人,本科,20,40,12
718,算法工程师,北京,10000人以上,本科,15,30,15
719,算法工程师（AIGC/多模态/预训练）,杭州,10000人以上,本科,18,35,16
720,RTK/PPP 算法工程师/算法专家,上海,1000-9999人,硕士,30,55,16
721,仿真环境算法实习生,北京,500-999人,学历不限,6,10,12
722,机器视觉研究员/副研究员(J10066),深圳,100-499人,硕士,24,40,14
723,ADAS视觉算法工程师,北京,100-499人,硕士,0,9999999,12
724,计算机视觉研究员,深圳,10000人以上,本科,15,30,12
725,AI算法工程师,北京,10000人以上,本科,25,55,16
726,自动化控制工程师,东莞,10000人以上,本科,18,35,12
727,增长算法工程师,深圳,10000人以上,本科,30,60,15
728,算法/深度学习-实习生,上海,100-499人,本科,5,6,12
729,自动化控制工程师,北京,10000人以上,本科,18,35,12
730,自动化控制工程师,成都,10000人以上,本科,18,35,12
731,自动化控制工程师,西安,10000人以上,本科,18,35,12
732,自动化控制工程师,深圳,10000人以上,本科,18,35,12
733,图形学算法,上海,20-99人,本科,30,55,14
734,算法工程师-决策规划,上海,100-499人,本科,30,60,15
735,算法 工程师,西安,10000人以上,本科,10,30,16
736,算法工程师开发工程师,深圳,10000人以上,本科,15,35,13
737,软件开发工程师,东莞,10000人以上,本科,10,40,14
738,软件开发工程师,上海,10000人以上,本科,10,40,14
739,测试工程师,杭州,10000人以上,本科,20,40,14
740,RTK芯片算法工程师 ,北京,1000-9999人,学历不限,20,50,16
741,强化学习算法实习生,北京,500-999人,本科,6,10,12
742,开发研发工程师,杭州,10000人以上,本科,20,40,14
743,SLAM工程师,北京,100-499人,硕士,20,40,14
744,视觉感知算法研究员,深圳,10000人以上,本科,20,30,12
745,【德科】AI平台研发工程师,杭州,10000人以上,本科,15,30,14
746,【德科】AI算法工程师,杭州,10000人以上,学历不限,15,40,14
747,算法工程师,深圳,10000人以上,本科,30,60,15
748,AI工程师-算法优化方向,成都,10000人以上,本科,15,30,14
749,软件工程师,西安,10000人以上,本科,0,9999999,12
750,AI算法工程师,深圳,10000人以上,本科,15,25,14
751,AI算法工程师,杭州,10000人以上,本科,15,25,14
752,算法,西安,10000人以上,本科,20,40,16
753,自动驾驶决策规划算法工程师,北京,20-99人,硕士,30,55,12
754,算法工程师-视觉感知,上海,100-499人,本科,30,60,15
755,AI算法工程师,上海,10000人以上,本科,15,25,14
756,模型训练开发工程师,上海,10000人以上,本科,15,40,14
757,模型训练开发工程师,深圳,10000人以上,本科,15,40,14
758,模型训练开发工程师,杭州,10000人以上,本科,15,40,14
759,算法工程师,深圳,10000人以上,本科,15,40,12
760,AI生态使能工程师,深圳,10000人以上,本科,15,40,12
761,AI应用使能工程师,深圳,10000人以上,本科,15,40,14
762,行业AI使能架构师SA,深圳,10000人以上,本科,25,60,15
763,算法工程师（AI）,北京,10000人以上,本科,15,40,15
764,自动驾驶控制算法工程师,上海,20-99人,硕士,30,55,12
765,自动驾驶控制算法工程师,北京,20-99人,硕士,30,55,12
766,视觉感知算法工程师工程师,上海,20-99人,硕士,30,55,13
767,算法工程师,北京,10000人以上,本科,30,60,15
768,视觉感知算法工程师工程师,北京,20-99人,硕士,30,55,13
769,nlp,上海,20-99人,硕士,30,60,12
770,nlp,北京,20-99人,硕士,30,60,12
771,推搜算法,上海,20-99人,硕士,30,50,12
772,自动驾驶控制算法工程师,北京,20-99人,本科,35,65,15
773,视觉感知算法工程师,北京,20-99人,本科,35,55,12
774,算法工程师-激光雷达,上海,100-499人,本科,30,60,15
775,AI算法工程师,北京,10000人以上,本科,15,40,15
776,AI算法工程师（AIGC/多模态/预训练模型方向）,杭州,10000人以上,本科,20,40,14
777,算法工程师（AI/CV/NLP/语音/视频/搜索推荐/控制等）,北京,10000人以上,本科,15,35,16
778,3D视觉算法工程师,上海,20-99人,本科,40,70,15
779,车联网AI开发工程师,西安,10000人以上,本科,14,24,15
780,Python工程师(AI)-科锐：西安华为OD招聘,西安,10000人以上,本科,10,40,15
781,推荐算法工程师-国际化短视频,北京,10000人以上,硕士,30,60,15
782,抖音风控高级算法工程师,北京,10000人以上,硕士,30,60,15
783,推荐算法工程师—抖音长期生态,北京,10000人以上,硕士,25,50,12
784,机器学习算法工程师-电商,北京,10000人以上,硕士,26,60,15
785,音频算法工程师（评测方向）-抖音,北京,10000人以上,硕士,30,60,15
786,【急招】机器学习算法工程师-电商,北京,10000人以上,硕士,30,60,15
787,【急招】机器学习算法工程师-电商,上海,10000人以上,硕士,30,60,15
788,【急招】抖音直播服务端核心研发工程师-游戏方向,深圳,10000人以上,硕士,26,50,15
789,【急招】推荐算法高级工程师 — 抖音直播,深圳,10000人以上,硕士,26,50,15
790,【急招】计算机视觉算法工程师,上海,10000人以上,硕士,30,60,15
791,【急招】数据挖掘算法工程师-电商,上海,10000人以上,硕士,30,60,15
792,【急招】NLP算法工程师-百科,北京,10000人以上,硕士,30,60,15
793,搜索算法工程师——小荷健康,北京,10000人以上,硕士,28,50,15
794,华为校 招算法工程师：射频算法/软件算法/通信算法/媒体算法/仿真算法,上海,10000人以上,本科,0,9999999,12
