,0,1,2,3,4,5,6
0,通用软件开发工程师,杭州,10000人以上,本科,0,9999999,12
1,后端开发,上海,20-99人,学历不限,13,23,13
2,后端,上海,1000-9999人,本科,0,9999999,0
3,【字节跳动】2024届校招提前批,北京,10000人以上,学历不限,0,9999999,12
4,【百度校招提前批】C++/PHP/GO研发工程师（边缘云方向）,深圳,10000人以上,本科,0,9999999,0
5,磁共振成像研究员,北京,500-999人,硕士,22,32,12
6,通用软件开发工程师,杭州,1000-9999人,本科,20,40,15
7,数据研发工程师,北京,10000人以上,本科,18,28,12
8,京东-后端开发工程师,北京,10000人以上,硕士,0,9999999,0
9,软件开发工程师,成都,1000-9999人,本科,0,9999999,12
10,服务器端开发工程师,深圳,20-99人,本科,15,30,12
11,24届提前批-软件工程师,西安,1000-9999人,本科,0,9999999,12
12,2024届—机器人后端开发,上海,100-499人,本科,15,30,15
13,软件研发工程师 (2023届校招)(J11284),苏州,1000-9999人,本科,13,18,15
14,通用软件工程师,上海,10000人以上,本科,0,9999999,12
15,【校招】游戏服务端开发工程师（北京）,北京,500-999人,本科,10,20,14
16,软件开发工程师（24届校招）,南京,10000人以上,本科,0,9999999,12
17,【急招】字节跳动-生活服务 秋招内推,深圳,10000人以上,本科,26,36,12
18,【百度校招提前批】C++/PHP/GO研发工程师（调度方向）,深圳,10000人以上,本科,0,9999999,12
19,后端开发工程师-国际电商,深圳,10000人以上,本科,20,26,12
20,后端开发工程师-国际电商,珠海,10000人以上,本科,16,21,12
21,网络研发工程师,北京,10000人以上,学历不限,0,9999999,0
22,AI软件开发（杭州、成都、西安）,杭州,10000人以上,本科,0,9999999,12
23,【24届提前批】百度基础平台开发工程师,北京,10000人以上,本科,0,9999999,12
24,后端,北京,10000人以上,本科,20,30,16
25,后端,上海,10000人以上,本科,20,30,16
26,后端,深圳,10000人以上,本科,20,30,16
27,后端开发工程师-直播,上海,10000人以上,本科,0,9999999,12
28,后端开发,北京,10000人以上,本科,0,9999999,12
29,抖音支付后端（校招）,北京,10000人以上,本科,0,9999999,12
30,抖音支付-后端开发,北京,10000人以上,本科,0,9999999,12
31,通用软件开发工程师,北京,10000人以上,本科,13,30,13
32,2024届—机器人后端开发,上海,100-499人,本科,15,30,15
33,后端开发工程师,上海,10000人以上,本科,20,35,15
34,通用软件开发工程师,上海,10000人以上,本科,15,30,15
35,创新实验室软件工程师,北京,10000人以上,本科,18,28,14
36,后端开发实习生-新业务,北京,10000人以上,本科,0,9999999,12
37, 云计算软件开发工程师 秋招,杭州,10000人以上,本科,400,1000,0
38,后端,北京,暂无,本科,150,200,0
39,AI平台研发工程师,北京,100-499人,本科,300,1000,0
40,软件开发暑期实习&秋招（24届内推）,苏州,100-499人,本科,150,300,0
41,后端实习生,深圳,20-99人,本科,150,200,0
42,后端开发实习生-抖音支付,北京,10000人以上,本科,400,450,0
43,后端开发（实习）,北京,20-99人,学历不限,220,500,13
44,2024实习——后端工程师,北京,1000-9999人,本科,0,9999999,0
45,【日常实习】系统工程组后端实习生,北京,10000人以上,本科,0,9999999,0
46,Rust分布式存储开发,北京,20-99人,本科,200,300,0
47,后端开发实习生,长沙,10000人以上,本科,120,150,0
48,提前批-Java开发工程师（J13757）,北京,1000-9999人,硕士,180,250,0
49,后端研发（实习）,北京,20-99人,本科,200,300,15
50,后端开发工程师,北京,500-999人,本科,200,250,0
51,后端开发,深圳,20-99人,学历不限,180,260,0
52,后端开发实习生,北京,10000人以上,学历不限,220,300,0
53,后端,上海,1000-9999人,本科,300,500,0
54,网易有数BI服务端开发实习生,杭州,10000人以上,本科,150,200,0
55,云计算实习工程师,北京,1000-9999人,本科,120,150,0
56,后端开发 node.js/python,上海,20-99人,本科,150,200,0
57,软件开发工程师,东莞,10000人以上,本科,200,400,0
58,后端,上海,暂无,本科,150,200,0
59,数字化开发实习生,宁德,10000人以上,本科,150,200,0
60,后端开发（直播技术）,北京,100-499人,本科,200,500,0
61,后端开发实习生（直播）,上海,1000-9999人,本科,280,500,0
62,后端开发实习,北京,10000人以上,本科,300,400,0
63,后端开发（实习）,上海,20-99人,学历不限,220,500,13
64,后端开发(node.js/python),上海,20-99人,本科,150,200,0
65,【日常实习】系统工程组JAVA后端实习生,北京,10000人以上,本科,0,9999999,0
66,Rust高性能网络系统开发,北京,20-99人,本科,200,300,0
67,传感器融合仿真实习生,北京,100-499人,硕士,200,300,0
68,研发实习生,北京,1000-9999人,硕士,150,200,0
69,【23暑期实习】JAVA开发实习生(J10592),北京,500-999人,本科,150,200,0
70,服务器开发（实习）,北京,20-99人,学历不限,150,350,0
71,后端开发,成都,20-99人,学历不限,180,260,0
72,后端开发实习生（杭州）,杭州,1000-9999人,本科,160,170,0
73,后端实习生-电商技术,上海,1000-9999人,本科,260,350,0
74,软件开发工程师,北京,10000人以上,本科,350,400,0
75,云计算实习工程师,上海,1000-9999人,本科,120,150,0
76,后端开发实习生（杭州）,杭州,暂无,本科,150,200,0
77,软件开发工程师AI/算法工程师（24届）,北京,10000人以上,本科,200,300,0
78,后端,深圳,暂无,本科,150,200,0
79,Golang/php,杭州,100-499人,本科,150,200,0
80,后端开发,北京,100-499人,本科,200,500,0
81,后端开发实习生（数仓平台）,上海,1000-9999人,本科,280,500,0
82,后端开发实习生-番茄小说,上海,10000人以上,学历不限,350,450,0
83,后端开发（实习）,广州,20-99人,学历不限,220,500,13
84,后端开发实习生,上海,100-499人,本科,250,300,0
85,后端开发实习生（2024届）,杭州,100-499人,本科,250,400,0
86,华为-计算产品线-软件开发实习生,杭州,1000-9999人,本科,250,280,0
87,后端实习生,北京,1000-9999人,硕士,350,450,0
88,数据库存储引擎研发（实习/校招）（实习）,深圳,暂无,本科,300,500,16
89,【24届阿里云实习】后端工程师,北京,10000人以上,硕士,400,450,0
90,自动驾驶开发实习生,苏州,100-499人,硕士,400,500,0
91,后端开发,武汉,20-99人,学历不限,180,250,0
92,后端开发,大连,1000-9999人,本科,160,190,0
93,24届实习-服务治理（沧州/承德）(J12243),沧州,10000人以上,本科,160,200,0
94,后端Leader,成都,10000人以上,学历不限,270,370,0
95,后端开发实习生,上海,1000-9999人,学历不限,270,370,0
96,工程效能部-后端研发实习生,北京,10000人以上,本科,240,300,0
97,通用软件开发大数据开发工程师（实习）,杭州,10000人以上,本科,200,500,12
98,流媒体后端,杭州,10000人以上,本科,400,410,0
99,产品开发实习生,北京,100-499人,本科,200,300,0
100,后端开发,上海,100-499人,本科,200,500,0
101,后端研发实习生(A208610),杭州,20-99人,本科,300,500,0
102,后端开发实习生-抖音支付,北京,10000人以上,本科,400,450,0
103,软件开发工程师,北京,20-99人,大专,390,560,0
104,后台开发（实习）,武汉,1000-9999人,本科,200,210,0
105,后端,杭州,10000人以上,本科,0,9999999,0
106,华为-计算产品线-软件开发实习生,东莞,1000-9999人,本科,250,280,0
107,【24届实习】C++/Java开发工程师-搜推工程,上海,1000-9999人,本科,200,300,0
108,数据库存储引擎研发（实习/校招）（实习）,北京,暂无,本科,300,500,16
109,【24届阿里云暑期实习】后端工程师,北京,10000人以上,硕士,400,450,0
110,自动驾驶开发实习生,上海,100-499人,硕士,400,500,0
111,java后端研发（实习）,武汉,20-99人,本科,80,280,0
112,2024实习-后端工程师（北京、大连、成都）(J13977),成都,1000-9999人,本科,0,9999999,0
113,后端开发工程师实习,深圳,10000人以上,本科,0,9999999,0
114,后端Leader,武汉,10000人以上,学历不限,270,370,0
115,后端开发实习生,北京,1000-9999人,学历不限,270,370,0
116,[微软亚洲研究院] 前后端算法科研实习生,北京,10000人以上,本科,0,9999999,0
117,通用软件开发大数据开发工程师（实习）,东莞,10000人以上,本科,200,500,12
118,后端开发（实习）,杭州,10000人以上,硕士,200,500,12
119,Golang后端开发工程师,北京,20-99人,本科,200,300,0
120,后端开发,广州,100-499人,本科,200,500,0
121,后端开发实习生,苏州,10000人以上,本科,270,370,0
122,字节跳动后端开发实习生-抖音支付-极速响应,北京,10000人以上,本科,10,1000,0
123,软件开发工程师,上海,20-99人,大专,390,560,0
124,软件开发实习生（后端）,北京,100-499人,本科,200,400,0
125,后端研发实习生（异构算力AI平台方向）,北京,500-999人,本科,300,500,0
126,华为-计算产品线-软件开发实习生,西安,1000-9999人,本科,250,280,0
127,【24届实习】中间件开发工程师,上海,1000-9999人,本科,200,300,0
128,数据库存储引擎研发（实习/校招）（实习）,成都,暂无,本科,300,500,16
129,【24届阿里云暑期实习】后端工程师,深圳,10000人以上,硕士,400,450,0
130,2024秋储-服务端开发实习生,北京,10000人以上,本科,200,300,0
131,后台实习生,北京,100-499人,本科,400,500,0
132,2024实习-后端工程师（北京、大连、成都）(J13977),大连,1000-9999人,本科,0,9999999,0
133,学术研发实习生-数据库 Essay 写作,北京,500-999人,本科,200,300,0
134,后端工程师,上海,100-499人,本科,0,9999999,0
135,后端开发实习生,深圳,1000-9999人,学历不限,270,370,0
136,软件开发工程师,广州,20-99人,大专,390,560,0
137,【秋招】通用软件开发工程师,苏州,10000人以上,本科,300,350,0
138,软件开发工程师,深圳,20-99人,大专,390,560,0
139,软件开发工程师,天津,20-99人,大专,390,560,0
140,后端开发,深圳,100-499人,本科,200,500,0
141,后端开发实习生,北京,10000人以上,本科,270,370,0
142,字节抖音支付,北京,10000人以上,学历不限,0,9999999,0
143,软件开发工程师,廊坊,20-99人,大专,390,560,0
144,校 招 软件开发/算法工程师,深圳,10000人以上,硕士,200,250,0
145, 云计算软件开发工程师 秋招,东莞,10000人以上,本科,400,1000,0
146,后端软件开发实习生,杭州,1000-9999人,本科,270,280,0
147,【24届实习】C++开发工程师,上海,1000-9999人,本科,200,300,0
148,【秋招】通用软件开发工程师,杭州,10000人以上,本科,300,350,0
149,【24届阿里云暑期实习】后端工程师,杭州,10000人以上,硕士,400,450,0
150,抖音支付后端（实习）,北京,10000人以上,本科,200,500,12
151,抖音支付-后端开发（实习）,北京,10000人以上,本科,200,500,12
152,2024实习-后端工程师（北京、大连、成都）(J13977),大连,1000-9999人,本科,0,9999999,0
153,抖音支付-后端开发（实习）,上海,10000人以上,本科,200,500,12
154,抖音支付-后端开发（实习）,深圳,10000人以上,本科,200,500,12
155,抖音支付-后端开发（实习）,杭州,10000人以上,本科,200,500,12
156,抖音支付-后端开发（实习）,武汉,10000人以上,本科,200,500,12
157, 云计算软件开发工程师 秋招,西安,10000人以上,本科,400,1000,0
158,字节跳动-后端开发实习生,北京,10000人以上,本科,390,400,0
159,后端实习生,上海,10000人以上,本科,300,500,0
160,后端实习生,北京,10000人以上,本科,300,500,0
161,后端实习生,深圳,10000人以上,本科,300,500,0
162,后端实习生,杭州,10000人以上,本科,300,500,0
163,字节跳动-直播架构后端开发实习生,北京,10000人以上,本科,400,450,0
164,字节跳动-直播架构后端开发实习生,深圳,10000人以上,本科,400,450,0
165,软件开发工程师-实习,上海,10000人以上,本科,300,400,0
166,软件开发工程师-实习,北京,10000人以上,本科,300,400,0
167,后端开发实习生-新业务（实习）,北京,10000人以上,本科,200,500,0
168,基础平台研发工程师（实习生）,杭州,10000人以上,硕士,100,500,0
169,【24届阿里云实习】后端工程师,杭州,10000人以上,硕士,400,450,0
170,后端开发实习生-商业化技术,上海,10000人以上,本科,400,500,0
171,后端开发实习生-存储,北京,10000人以上,本科,400,500,0
172,后端开发实习生-存储,杭州,10000人以上,本科,400,500,0
173,后端开发实习生-存储,深圳,10000人以上,本科,400,500,0
174,23届软开软测,深圳,10000人以上,本科,300,500,0
175,23届软开软测,南京,10000人以上,本科,300,500,0
176,23届软开软测,武汉,10000人以上,本科,300,500,0
177,23届软开软测,西安,10000人以上,本科,300,500,0
178,云原生数据库内核开发,北京,10000人以上,硕士,50,350,0
179,阿里云云计算开发实习生 ,北京,10000人以上,硕士,250,350,0
180,阿里云云计算开发实习生 ,杭州,10000人以上,硕士,250,350,0
181,后端开发,杭州,10000人以上,本科,300,400,0
182,后端开发,北京,10000人以上,本科,300,400,0
183,【阿里巴巴春季内推】2024 届阿里云实习，部门直招,北京,10000人以上,本科,400,450,0
184,【阿里巴巴春季内推】2024 届阿里云实习，部门直招,上海,10000人以上,本科,400,450,0
185,【阿里巴巴春季内推】2024 届阿里云实习，部门直招,深圳,10000人以上,本科,400,450,0
186,【阿里巴巴春季内推】2024 届阿里云实习，部门直招,杭州,10000人以上,本科,400,450,0
187,华为安卓软件开发工程师（暑期实习）,杭州,10000人以上,本科,250,520,0
188,后端开发实习生-抖音/抖音直播,北京,10000人以上,本科,400,450,0
189,后端开发实习生,北京,10000人以上,本科,0,9999999,0
190,【暑期实习】后端开发工程师-支付业务,北京,10000人以上,本科,400,1000,0
191,通用开发工程师,杭州,10000人以上,本科,18,25,12
192,后端工程师,上海,暂无,学历不限,13,20,14
193,大数据开发工程师-抖音/直播,北京,10000人以上,本科,30,60,15
194,后端开发工程师,长沙,1000-9999人,本科,11,14,12
195,阿里巴巴lazada 卖家链路后端开发【p6】,深圳,1000-9999人,本科,35,50,16
196,广告服务端开发,上海,1000-9999人,本科,30,95,23
197,Java/后端/python/C++/算法工程师（欢迎内推）,上海,10000人以上,本科,18,28,14
198,磁共振成像高级研究员,北京,500-999人,硕士,25,40,12
199,后端开发,上海,20-99人,本科,8,15,12
200,后端,北京,10000人以上,学历不限,15,45,16
201,后端开发（node.js/go/python),上海,20-99人,本科,8,15,12
202,后端开发,上海,20-99人,本科,8,15,12
203,华为社招 - 软件开发工程师(OD),上海,10000人以上,本科,0,9999999,12
204,后端开发工程师(初级/中级/高级),北京,10000人以上,本科,18,40,15
205,渲染引擎研发工程师,广州,1000-9999人,本科,15,30,15
206,Netsuite软件开发工程师,杭州,暂无,本科,15,35,13
207,游戏服务器端开发工程师,深圳,20-99人,本科,15,30,12
208,高级java开发工程师【金融监管】(J10579),北京,500-999人,本科,25,35,14
209,SCG-高级后端开发工程师1-成都,成都,1000-9999人,本科,0,9999999,12
210,后端,上海,20-99人,本科,25,55,16
211,软件开发工程师,深圳,10000人以上,本科,15,40,15
212,模拟CAD设计工程师 ,上海,暂无,本科,25,40,15
213,抖音生活服务-大数据后端开发工程师,北京,10000人以上,本科,30,60,16
214,后端开发工程师,长沙,1000-9999人,本科,11,14,12
215,阿里巴巴lazada 卖家链路后端开发【p6】,广州,1000-9999人,本科,35,50,16
216,数学研究员,厦门,20-99人,本科,10,20,12
217,Java/python/Web前端/C++/算法工程师(OD招聘）,上海,10000人以上,本科,18,28,14
218,Backend Engineer 后端工程师,上海,20-99人,学历不限,18,25,12
219,后端工程师,深圳,20-99人,本科,8,18,12
220,百度贴吧后端,北京,10000人以上,本科,0,9999999,12
221,后端-社区方向,上海,1000-9999人,本科,0,9999999,12
222,JAVA后端开发,北京,0-20人,本科,25,35,15
223,后端开发,杭州,1000-9999人,本科,22,32,15
224,软件开发工程师（北京）,北京,1000-9999人,本科,10,40,16
225,后端开发,郑州,100-499人,学历不限,0,9999999,12
226,软件开发架构师（中间件方向）,北京,1000-9999人,本科,0,9999999,12
227,物理设计工程师,上海,20-99人,学历不限,0,9999999,0
228,平台开发工程师,西安,10000人以上,本科,15,25,14
229,后端开发,北京,1000-9999人,大专,13,19,12
230,后端,北京,20-99人,本科,25,55,16
231,软件测试工程师,深圳,10000人以上,本科,15,40,15
232,模拟CAD设计工程师 ,成都,暂无,本科,25,40,15
233,抖音生活服务-大数据后端开发工程师,成都,10000人以上,本科,30,60,16
234,Java/python/C/C++测试/数据开发,杭州,1000-9999人,本科,15,35,12
235,华为OD项目,深圳,0-20人,本科,20,45,16
236,图形算法研究员（博士专项）,武汉,1000-9999人,硕士,28,40,15
237,华为后端OD开发,成都,1000-9999人,本科,14,30,14
238,（深圳）金融业务-证券基础服务后台开发工程师,深圳,1000-9999人,本科,15,25,12
239,游戏服务端开发工程师,广州,20-99人,学历不限,10,35,15
240,后台开发,深圳,100-499人,本科,25,50,15
241,后端开发,北京,10000人以上,本科,0,9999999,12
242,后端开发工程师,深圳,1000-9999人,本科,20,40,15
243,软件开发工程师（java/c/c++/python/js),北京,10000人以上,本科,15,30,16
244,软件开发工程师（西安）,西安,1000-9999人,本科,10,40,16
245,Java/python/C/C++测试/数据开发,深圳,1000-9999人,本科,15,35,12
246,Java/python/C/C++测试/数据开发,南京,1000-9999人,本科,15,35,12
247,Java/python/C/C++测试/数据开发,成都,1000-9999人,本科,15,35,12
248,Java/python/C/C++测试/数据开发,武汉,1000-9999人,本科,15,35,12
249,Java/python/C/C++测试/数据开发,西安,1000-9999人,本科,15,35,12
250,Java/python/C/C++测试/数据开发,北京,1000-9999人,本科,15,35,12
251,软件开发工程师,北京,10000人以上,本科,15,30,12
252,Java/python/C/C++测试/数据开发,东莞,1000-9999人,本科,15,35,12
253,抖音生活服务-大数据后端开发工程师,上海,10000人以上,本科,30,60,16
254,后端开发工程师-dc5,深圳,10000人以上,本科,25,50,12
255,后端开发工程师-d6b,上海,10000人以上,本科,20,40,12
256,后端工程师-抖音生活服务-u36,北京,10000人以上,本科,25,50,12
257,后端,成都,1000-9999人,本科,15,30,16
258,（深圳）金融业务-账户系统web后台开发工程师,深圳,1000-9999人,本科,20,30,15
259,后端研发工程师-中国区商业平台-hwj,北京,10000人以上,本科,20,40,12
260,后端开发工程师（反垃圾方向）-飞书邮箱-xj4,广州,10000人以上,本科,20,40,12
261,后端研发Leader-电商供应链与物流,北京,10000人以上,本科,40,80,15
262,物流供应链研发,北京,10000人以上,本科,25,50,15
263,软件开发工程师（c/c++/java/js/python/前端/后端）,北京,10000人以上,本科,15,30,16
264,软件开发工程师（深圳）,深圳,1000-9999人,本科,10,40,16
265,软件开发工程师,广州,10000人以上,学历不限,15,30,14
266,软件研发工程师,杭州,10000人以上,本科,15,40,12
267,Java/JS/测试（线上面试/双休/接受优秀应届生）,深圳,10000人以上,本科,15,40,16
268,C/C++ 软件开发工程师,北京,10000人以上,本科,15,30,15
269,高级后端开发工程师,郑州,1000-9999人,本科,11,14,12
270,高级后端开发工程师,郑州,1000-9999人,本科,11,14,12
271,后端架构师,北京,10000人以上,本科,0,9999999,12
272,Java/JS/测试（线上面试/双休/接受优秀应届生）,西安,10000人以上,本科,15,40,16
273,Java/JS/测试（线上面试/双休/接受优秀应届生）,武汉,10000人以上,本科,15,40,16
274,Java/JS/测试（线上面试/双休/接受优秀应届生）,长沙,10000人以上,本科,15,40,16
275,Java/JS/测试（线上面试/双休/接受优秀应届生）,重庆,10000人以上,本科,15,40,16
276,Java/JS/测试（线上面试/双休/接受优秀应届生）,珠海,10000人以上,本科,15,40,16
277,Java/JS/测试（线上面试/双休/接受优秀应届生）,惠州,10000人以上,本科,15,40,16
278,Java/JS/测试（线上面试/双休/接受优秀应届生）,成都,10000人以上,本科,15,40,16
279,Java/JS/测试（线上面试/双休/接受优秀应届生）,南京,10000人以上,本科,15,40,16
280,Java/JS/测试（线上面试/双休/接受优秀应届生）,杭州,10000人以上,本科,15,40,16
281,Java/JS/测试（线上面试/双休/接受优秀应届生）,东莞,10000人以上,本科,15,40,16
282,Java/JS/测试（线上面试/双休/接受优秀应届生）,广州,10000人以上,本科,15,40,16
283,Java/JS/测试（线上面试/双休/接受优秀应届生）,北京,10000人以上,本科,15,40,16
284,软件开发工程师（武汉）,武汉,1000-9999人,本科,10,40,16
285,Java/JS/测试（线上面试/双休/接受优秀应届生）,上海,10000人以上,本科,20,40,16
286,嵌入式软件开发高级工程师,西安,10000人以上,本科,15,30,14
287,软件开发工程师,南京,10000人以上,本科,12,45,15
288,软件开发工程师,成都,10000人以上,本科,12,45,15
289,软件开发工程师,武汉,10000人以上,本科,12,45,15
290,软件开发工程师,西安,10000人以上,本科,12,45,15
291,AML 机器学习系统研发工程师,北京,10000人以上,本科,30,50,15
292,软件开发工程师,深圳,10000人以上,本科,12,45,15
293,软件开发工程师,上海,10000人以上,本科,12,45,15
294,软件开发工程师,北京,10000人以上,本科,12,45,15
295,软件开发工程师,济南,10000人以上,本科,12,45,15
296,软件开发工程师,杭州,10000人以上,本科,12,45,15
297,软件开发工程师,北京,10000人以上,本科,15,40,12
298,软件开发工程师,上海,10000人以上,本科,15,40,12
299,软件测试工程师,深圳,10000人以上,本科,15,30,13
300,软件开发工程师（JAVA/C++/Python/Android/IOS/JS）,深圳,10000人以上,本科,15,25,15
301,华为OD云服务开发工程师(深圳),西安,10000人以上,本科,12,24,14
302,【德科】AI软件开发工程师,杭州,10000人以上,本科,15,40,14
303,5G EBO创新业务解决方案设计师,西安,10000人以上,本科,10,30,14
304,大数据内核引擎开发(Java/C++),深圳,1000-9999人,本科,15,30,14
305,后端开发工程师,广州,10000人以上,本科,0,9999999,0
306,后端开发工程师,深圳,10000人以上,本科,0,9999999,0
307,软件开发/测试工程师,东莞,10000人以上,本科,0,9999999,12
308,软件工程师,深圳,10000人以上,本科,15,25,14
309,软件工程师,上海,10000人以上,本科,15,25,14
310,软件工程师,南京,10000人以上,本科,15,25,14
311,软件工程师,武汉,10000人以上,本科,15,25,14
312,软件工程师,西安,10000人以上,本科,15,25,14
313,软件开发工程师,成都,10000人以上,本科,10,26,15
314,新通信开发工程师（外企德科OD+部门直招+非猎头）,北京,10000人以上,本科,11,28,13
315,后端开发,西安,10000人以上,本科,20,40,16
316,软件开发工程师,深圳,10000人以上,本科,15,30,15
317,后端开发,北京,10000人以上,本科,0,9999999,12
318,后端开发,上海,10000人以上,本科,0,9999999,12
319,后端开发,深圳,10000人以上,本科,0,9999999,12
320,软件开发工程师（杭州）,杭州,1000-9999人,本科,10,40,16
321,后端开发工程师,深圳,10000人以上,本科,0,9999999,0
322,软件开发工程师,北京,10000人以上,本科,15,30,14
323,软件开发工程师,深圳,10000人以上,本科,15,30,14
324,软件开发工程师,杭州,10000人以上,本科,15,30,14
325,软件开发工程师,武汉,10000人以上,本科,15,30,14
326,软件开发工程师,西安,10000人以上,本科,15,30,14
327,基站软件高级工程师,西安,10000人以上,本科,15,30,12
328,5G 创新业务软件工程师,西安,10000人以上,本科,15,30,12
329,5G无线软件工程师,西安,10000人以上,本科,20,40,16
330,底层驱动开发工程师,西安,10000人以上,本科,20,40,16
331,软件开发工程师,西安,10000人以上,本科,20,30,12
332, 软件开发（java/python，华为OD，可转正编）,深圳,10000人以上,本科,12,28,14
333,后端开发,杭州,10000人以上,学历不限,0,9999999,12
334,通用软件开发工程师,武汉,10000人以上,本科,20,50,14
335,外企德科OD后端软件开发及测试岗,武汉,10000人以上,本科,15,50,16
336,高级软件开发工程师,深圳,10000人以上,本科,15,30,14
337,高级软件开发工程师,上海,10000人以上,本科,15,30,14
338,高级软件开发工程师,成都,10000人以上,本科,15,30,14
339,高级软件开发工程师,西安,10000人以上,本科,15,30,14
340,高级软件开发工程师,杭州,10000人以上,本科,15,30,14
341,高级软件开发工程师,武汉,10000人以上,本科,15,30,14
342,后端开发工程师,东莞,10000人以上,本科,20,40,14
343,后端开发工程师,杭州,10000人以上,本科,20,40,14
344,后端开发工程师,成都,10000人以上,本科,20,40,14
345,后端开发工程师,南京,10000人以上,本科,20,40,14
346,软件开发工程师（JAVA/C++/Python/Android/IOS/JS）,北京,10000人以上,本科,15,30,16
347,软件开发工程师,东莞,10000人以上,本科,15,30,16
348,TikTokLive 后端研发,杭州,10000人以上,学历不限,0,9999999,12
349,TikTokLive 后端研发,上海,10000人以上,学历不限,0,9999999,12
350,软件开发工程师,西安,10000人以上,本科,15,30,14
351,通用软件开发（JAVA/JS/python/Go/c++）,深圳,10000人以上,本科,18,30,16
352,高级后端开发工程师-互联网信贷风控,北京,10000人以上,本科,0,9999999,12
353,后端开发工程师,东莞,10000人以上,本科,20,35,14
354,软件开发工程师,北京,10000人以上,本科,18,35,15
355,软件开发工程师,深圳,10000人以上,本科,12,35,12
