,0,1,2,3,4,5,6
0,软件开发工程师【华为秋招】,深圳,10000人以上,本科,15,30,15
1,C工程师（大模型机器学习平台）,杭州,10000人以上,本科,25,35,16
2,嵌入式软件开发工程师(显控类),济南,20-99人,本科,8,15,12
3,C开发工程师,南京,1000-9999人,本科,0,9999999,12
4,嵌入式开发工程师,上海,1000-9999人,硕士,12,16,16
5,24届应届软件工程师,杭州,10000人以上,本科,20,35,14
6,C开发工程师,南京,1000-9999人,本科,0,9999999,12
7,【2012实验室】数据库内核开发工程师,深圳,10000人以上,本科,10,40,12
8,Linux内核网络模块开发,北京,20-99人,本科,200,300,0
9,软件开发实习生,北京,10000人以上,本科,300,350,0
10,量化研究员（alpha/cta方向）实习,北京,100-499人,学历不限,400,600,0
11,内核研发实习生,武汉,1000-9999人,本科,200,300,0
12,C工程师,重庆,100-499人,学历不限,150,200,0
13,软件开发工程师（北京）,北京,1000-9999人,本科,200,300,0
14,固件开发实习生,北京,100-499人,硕士,200,250,0
15,数据库工程师实习（c/c++）,北京,10000人以上,本科,200,500,0
16,软件开发工程师,上海,10000人以上,硕士,250,310,0
17,广告文案实习生 / Copy Intern,北京,10000人以上,本科,80,100,0
18,通用软件/测试开发工程师,成都,10000人以上,本科,300,500,0
19,算法/嵌入式/硬件等研发岗 及 产品等非研发岗 ,北京,1000-9999人,本科,450,550,0
20,SSC实习生,广州,20-99人,学历不限,100,150,0
21,软件开发实习生,上海,10000人以上,本科,300,350,0
22,嵌入式软件开发工程师（实习生）,杭州,10000人以上,本科,200,210,0
23,软件开发工程师,成都,1000-9999人,本科,200,300,0
24,数据库内核实习生（c/c++）,北京,10000人以上,本科,200,500,0
25,阿里云数据库工程师库C/C++/Java（实习）,北京,10000人以上,本科,200,500,0
26,C工程师,南京,10000人以上,本科,0,9999999,0
27,【OD】数据库软件开发工程师,深圳,10000人以上,本科,20,40,14
28,linux C开发,北京,20-99人,大专,10,20,12
29,搜索推荐Java/C++后台开发,上海,1000-9999人,本科,30,60,12
30,嵌入式软件工程师,天津,500-999人,本科,10,14,12
31,C工程师,杭州,20-99人,学历不限,8,15,14
32,数据库内核开发工程师,上海,10000人以上,本科,20,50,16
33,嵌入式C 测开,昆山,1000-9999人,本科,27,30,13
34,linux C语言内核驱动开发工程师,武汉,20-99人,本科,10,20,12
35,嵌入式C,东莞,10000人以上,本科,9,20,12
36,C工程师,南京,10000人以上,本科,16,27,24
37,LinuxGPU内核驱动开发工程师（社招）,上海,100-499人,本科,30,60,13
38,内核优化专家,深圳,100-499人,本科,40,80,15
39,软件C工程师,香港,暂无,本科,20,25,13
40,5G软件开发工程师,成都,10000人以上,本科,13,21,12
41,C工程师,杭州,1000-9999人,本科,0,9999999,0
42,C软件开发工程师（分布式存储）,深圳,500-999人,本科,15,25,12
43,软件开发工程师--OD--1~3年,成都市,1000-9999人,本科,15,30,14
44,软件工程师,东莞,500-999人,学历不限,8,18,12
45,【2023届提前批】C/C++/C#软件开发岗,上海,1000-9999人,本科,13,25,15
46,嵌入式软件开发工程师,天津,1000-9999人,本科,15,30,12
47,软件开发工程师（华为海思）,北京,10000人以上,本科,12,30,15
48,分布式存储研发工程师,成都,500-999人,本科,25,45,12
49,系统软件工程师-深圳（MJ000014）,深圳,100-499人,本科,20,30,15
50,软件开发,上海,20-99人,本科,8,25,12
51,linux系统工程师（应届生）,深圳,100-499人,本科,8,15,13
52,软件开发工程师,上海,10000人以上,本科,20,50,16
53,软件开发工程师（C通用/嵌入式）,深圳,10000人以上,本科,15,30,16
54,C,北京,10000人以上,本科,13,30,12
55,C/C++开发工程师,南京,10000人以上,本科,10,40,16
56,华为OD C/C++/Python软件开发岗位招聘,深圳,10000人以上,本科,0,9999999,12
57,WindowsGPU内核驱动开发工程师（社招）,上海,100-499人,本科,30,60,13
58,内核优化专家,上海,100-499人,本科,40,80,15
59,软件C工程师,深圳,暂无,本科,20,25,13
60,软件开发工程师,成都,10000人以上,本科,10,26,16
61,软件C工程师,武汉,10000人以上,本科,13,26,12
62,软件开发工程师od（通用/嵌入式）,北京,10000人以上,本科,18,30,15
63,软件开发工程师--OD--1年内,成都,1000-9999人,本科,15,30,14
64,C/C++开发工程师,武汉,10000人以上,本科,10,35,16
65,【2023届提前批】C/C++/C#软件开发岗,成都,1000-9999人,本科,13,25,15
66,【华为社招】软件开发工程师,武汉,10000人以上,学历不限,15,30,14
67,AI集群网络工程师,北京,10000人以上,本科,0,9999999,12
68,AI集群网络工程师,杭州,10000人以上,本科,0,9999999,12
69,AI集群网络工程师,深圳,10000人以上,本科,0,9999999,12
70,AI集群网络工程师,西安,10000人以上,本科,0,9999999,12
71,嵌入式C开发工程师,深圳,10000人以上,本科,10,30,16
72,华为无线5G开发,上海,10000人以上,本科,20,30,15
73,软件开发工程师od（通用/嵌入式）,北京,10000人以上,本科,18,30,12
74,算法工程师,西安,10000人以上,本科,15,30,15
75,C/C++开发工程师,北京,10000人以上,本科,15,30,15
76,软件开发工程师OD（通用/嵌入式）,北京,10000人以上,本科,18,30,14
77,Android图形开发工程师（急招，社招）,上海,100-499人,本科,20,40,13
78,内核优化专家,杭州,100-499人,本科,40,80,15
79,软件开发(od),北京,10000人以上,本科,18,30,14
80,软件开发工程师（od）,北京,10000人以上,本科,18,30,12
81,操作系统开发工程师,南京,10000人以上,本科,15,25,15
82,软件开发工程师,杭州,10000人以上,本科,20,35,16
83,软件开发工程师--OD--3~5年,成都,1000-9999人,本科,20,30,14
84,软件开发工程师,西安,10000人以上,本科,20,35,16
85,【2023届提前批】C/C++/C#软件开发岗,福州,1000-9999人,本科,13,25,15
86,软件开发工程师,深圳,10000人以上,本科,20,35,16
87,软件开发工程师,成都,10000人以上,本科,20,35,16
88,底层软件高级工程师,西安,10000人以上,本科,15,30,12
89,基站软件高级C工程师,西安,10000人以上,本科,15,30,12
90,基站软件高级工程师,西安,10000人以上,本科,15,30,14
91,底层软件高级工程师,西安,10000人以上,本科,15,30,16
92,嵌入式开发工程师&通用软件工程师&通信研发工程师&5G开发工程师&C开发工程师,上海,10000人以上,本科,24,34,16
93,基站软件高级工程师,西安,10000人以上,本科,15,30,12
94,5G 创新业务软件工程师,西安,10000人以上,本科,15,30,12
95,底层软件高级工程师,西安,10000人以上,本科,15,30,12
96,GPU编译器开发工程师(社招),上海,100-499人,本科,30,60,13
97,软件开发工程师,成都,10000人以上,本科,15,35,14
98,内核优化专家,南京,100-499人,本科,40,80,15
99,软件开发工程师,西安,10000人以上,本科,15,35,14
100,软件开发工程师,杭州,10000人以上,本科,15,35,14
101,软件开发工程师(C/C++/Python/Java/Lua),成都,10000人以上,本科,15,30,14
102,软件开发工程师(C/C++/Python/Java/Lua),杭州,10000人以上,本科,15,30,14
103,软件开发工程师(C/C++/Python/Java/Lua),西安,10000人以上,本科,15,30,14
104,软件开发工程师,广州,10000人以上,本科,15,30,14
105,软件开发工程师,深圳,10000人以上,本科,15,30,14
106,软件开发工程师,珠海,10000人以上,本科,15,30,14
107,软件开发工程师,佛山,10000人以上,本科,15,30,14
108,软件开发工程师,惠州,10000人以上,本科,15,30,14
109,软件开发工程师,中山,10000人以上,本科,15,30,14
110,软件开发工程师,东莞,10000人以上,本科,15,30,14
111,C/C++工程师,西安,10000人以上,学历不限,0,9999999,12
112,C工程师,上海,10000人以上,本科,20,45,14
113,软件开发工程师--OD,北京,10000人以上,本科,13,35,15
114,应用软件开发工程师,西安,10000人以上,学历不限,0,9999999,0
115,C工程师,西安,10000人以上,本科,0,9999999,0
116,LinuxGPU内核驱动开发工程师,上海,100-499人,本科,30,60,13
117,C工程师,西安,10000人以上,本科,0,9999999,0
118,华为云-分布式系统软件开发工程师,深圳,10000人以上,本科,20,40,15
119,软件开发运维工程师,西安,10000人以上,本科,0,9999999,12
120,C工程师,成都,10000人以上,本科,15,35,14
121,5G 创新业务软件工程师,西安,10000人以上,本科,15,30,12
122,WindowsGPU内核驱动开发工程师,上海,100-499人,本科,30,60,13
123,Android图形开发工程师,上海,100-499人,本科,30,60,13
