,0,1,2,3,4,5,6
0,通用软件开发工程师,东莞,10000人以上,本科,16,30,13
1,软件工程师,深圳,100-499人,本科,25,35,14
2,软件工程师,深圳,10000人以上,本科,12,22,14
3,qt工程师,成都,1000-9999人,本科,12,20,14
4,华为终端BG软件部 OS岗 24届,杭州,1000-9999人,学历不限,0,9999999,12
5,2024届联咏电子科技（西安）有限公司校园大使（软件类）,西安,1000-9999人,本科,0,9999999,12
6,C++开发工程师,杭州,100-499人,本科,0,9999999,12
7,C++---教师,郑州,10000人以上,学历不限,8,13,12
8,c++研发工程师(2024应届),武汉,1000-9999人,本科,15,25,14
9,【24届校招】地图开发工程师,无锡,100-499人,硕士,15,30,14
10,高性能计算工程师,上海,100-499人,硕士,20,40,16
11,软件开发工程师,成都,100-499人,硕士,17,30,12
12,C++,北京,20-99人,学历不限,0,9999999,12
13,终端开发工程师【校招】,深圳,10000人以上,本科,20,25,12
14,后端开发工程师（2024）,北京,1000-9999人,本科,20,30,14
15,后台开发工程师（2024届）,深圳,100-499人,本科,20,40,14
16,文远知行2024校园招聘,广州,100-499人,本科,0,9999999,12
17,软件工程师（C++）,上海,100-499人,硕士,20,40,14
18,C++软件工程师,北京,500-999人,硕士,21,31,12
19,多媒体开发工程师（产品方向）,深圳,10000人以上,本科,0,9999999,0
20,华为软件开发工程师（2024届校招）,成都,10000人以上,硕士,20,40,12
21,【2024校招】自动驾驶C++/Python/Go/软件/硬件/算法工程师（软件/大数据/嵌入式）,深圳,100-499人,本科,20,40,16
22,C++,上海,100-499人,学历不限,15,25,14
23,C++,北京,10000人以上,本科,22,30,12
24,操作系统开发工程师,杭州,1000-9999人,本科,0,9999999,12
25,C++,黄冈,1000-9999人,本科,15,25,15
26,C++高级开发工程师,杭州,20-99人,本科,25,40,15
27, 研发工程师（数据库、C\C++、2024届校招岗位）,天津,500-999人,本科,10,20,13
28,c++研发工程师(2024应届),西安,1000-9999人,本科,15,25,14
29,【24届校招】调度算法工程师,无锡,100-499人,硕士,15,30,14
30,C++软件开发工程师,上海,100-499人,硕士,20,35,16
31,软件开发工程师,合肥,100-499人,硕士,17,30,12
32,C++,北京,20-99人,学历不限,15,30,12
33,终端开发工程师【校招】,北京,10000人以上,本科,20,25,12
34,2024届校招-售前系统软件工程师,上海,500-999人,本科,0,9999999,12
35,C++,成都,1000-9999人,学历不限,10,15,15
36,技术开发(CAE）实习生,北京,10000人以上,硕士,8,12,12
37,【校招】C＋＋开发工程师,上海,20-99人,本科,10,15,13
38,2024届校招—C++开发工程师,上海,100-499人,本科,15,30,16
39,C++研发工程师,北京,10000人以上,本科,0,9999999,0
40,分布式数据仓库开发工程师,北京,10000人以上,硕士,20,40,12
41,【2024校招】软件工程师,北京,100-499人,本科,0,9999999,12
42,异构计算工程师,北京,100-499人,本科,15,30,14
43,C++,北京,10000人以上,本科,30,45,16
44,C++软件开发,深圳,1000-9999人,本科,0,9999999,0
45,【2024届秋招】游戏开发工程师（C++）,北京,1000-9999人,本科,16,22,14
46,C++开发工程师【正式批专场】,北京,100-499人,学历不限,15,30,14
47,24届校招--Android开发工程师（C++底层）(J10894),杭州,500-999人,本科,15,30,13
48,c++研发工程师（2024校招）,北京,1000-9999人,本科,16,26,14
49,【24届校招】水下声通信工程师,无锡,100-499人,硕士,15,30,14
50,C/C++开发工程师/实习生,北京,20-99人,本科,15,30,12
51,高级软件开发工程师,合肥,100-499人,硕士,0,9999999,12
52,C++工程师,三门峡,20-99人,大专,3,9,12
53,终端开发工程师,深圳,10000人以上,学历不限,0,9999999,0
54,2024届校招-算法框架开发工程师,北京,500-999人,硕士,0,9999999,12
55,【24届校招】软件开发工程师,上海,10000人以上,本科,20,40,15
56,c++开发工程师,苏州,500-999人,硕士,18,28,12
57,软件研发岗位,北京,1000-9999人,学历不限,0,9999999,12
58,运动控制设备软件C++开发,深圳,20-99人,本科,8,15,12
59,C++,北京,10000人以上,本科,24,35,16
60,通用软件开发工程师,杭州,10000人以上,本科,17,30,14
61,软件工程师（FPGA方向）-24届,上海,1000-9999人,学历不限,0,9999999,12
62,软件研发人员,上海,20-99人,学历不限,10,20,12
63,C++,上海,10000人以上,本科,30,45,16
64,编译器开发工程师,杭州,1000-9999人,本科,20,30,12
65,后台开发工程师,深圳,100-499人,本科,11,20,14
66,C++客户端开发工程师【正式批专场】,北京,100-499人,学历不限,15,25,14
67,24届校招--C/C++开发工程师(J10896),杭州,500-999人,本科,15,30,13
68,C++,北京,1000-9999人,学历不限,15,25,12
69,C++,广州,10000人以上,本科,15,25,14
70,软件开发工程师（国内校招/留学生校招）,成都,1000-9999人,本科,15,30,14
71,2024届-机器人算法工程师,上海,100-499人,本科,15,30,15
72,嵌入式软件研发工程师,九江,500-999人,硕士,17,25,15
73,居家/在校兼职C/C++开发实习生,北京,20-99人,本科,30,35,12
74,24届 C++ 转正实习,北京,暂无,本科,0,9999999,12
75,软件工程师 - 预测、决策规划与应用开发 - 乘用车智能驾驶,上海,1000-9999人,学历不限,18,28,16
76,C++,深圳,10000人以上,本科,30,40,16
77,C/C++开发工程师（亚信安全2023校园招聘）(O0665),南京,1000-9999人,本科,13,20,14
78,C++,武汉,20-99人,硕士,10,18,13
79,阿里妈妈广告引擎研发-在线推理,北京,10000人以上,本科,25,40,16
80,C++,杭州,10000人以上,本科,0,9999999,0
81,测试软件开发工程师-24届,上海,1000-9999人,本科,0,9999999,12
82,C++系统软件工程师（2023应届生）,北京,500-999人,本科,13,15,14
83,航天宏图-c++开发工程师,北京,10000人以上,本科,10,25,12
84,开发工程师-C++方向,北京,1000-9999人,学历不限,0,9999999,12
85,C/C++开发工程师,北京,10000人以上,学历不限,0,9999999,12
86,C++服务器开发工程师【正式批专场】,北京,100-499人,学历不限,20,30,14
87,通用软件开发工程师,成都,10000人以上,本科,20,30,14
88,C++研发工程师（2024届）,北京,1000-9999人,本科,15,25,12
89,C++,北京,10000人以上,本科,16,22,14
90,算法工程师,西安,10000人以上,学历不限,20,35,16
91,软件开发工程师,西安,10000人以上,学历不限,20,35,16
92,AI工程师,西安,10000人以上,学历不限,20,35,16
93,软件工程师,武汉,10000人以上,本科,11,30,14
94,软件开发工程师,武汉,10000人以上,学历不限,15,30,14
95,编译器开发工程师,杭州,10000人以上,本科,17,30,14
96,操作系统开发工程师,杭州,10000人以上,本科,17,30,14
97,C/C++开发工程师（亚信安全2023校园招聘）(O0665),成都,1000-9999人,本科,13,20,14
98,软件开发工程师,东莞,10000人以上,本科,0,9999999,12
99,通用软件开发工程师,深圳,10000人以上,本科,0,9999999,12
100,软件开发 校园招聘-2024届,上海,10000人以上,本科,15,30,14
101,AI计算框架研发工程师 (工作地：杭州、深圳、北京),深圳,10000人以上,本科,20,40,16
102,软件开发工程师-C/C++/Java/Python/Golang,深圳,10000人以上,本科,15,30,14
103,数值计算算法工程师,深圳,10000人以上,本科,0,9999999,0
104,【校招】华为本硕/留学生,成都,10000人以上,本科,17,27,12
105,C++,长沙,10000人以上,学历不限,15,25,12
106,c++,北京,10000人以上,本科,20,40,16
107,华为云软件研发校园招聘-2024届,北京,10000人以上,本科,0,9999999,12
108,C++开发实习（UE4方向）,成都,20-99人,本科,100,150,0
109,C++软件开发工程师,上海,100-499人,本科,300,1000,0
110,软件开发实习生,北京,0-20人,本科,250,500,0
111,量化开发实习生,上海,20-99人,本科,200,300,0
112,C++软件开发实习生,上海,10000人以上,本科,250,300,0
113,C++开发暑期实习&秋招（24届内推）,上海,100-499人,硕士,150,300,0
114,2024届联咏电子科技（西安）有限公司校园大使（软件类）（实习）,西安,1000-9999人,本科,90,100,12
115,C++研发实习生（CAE方向）,广州,1000-9999人,硕士,200,250,0
116,c++开发（实习）,北京,20-99人,本科,180,300,14
117,分布式文件系统研发工程师,北京,100-499人,本科,320,400,0
118,后端开发工程师,杭州,20-99人,本科,300,350,0
119,通用软件开发工程师（实习）,东莞,10000人以上,本科,200,400,12
120,C++实习生,深圳,500-999人,硕士,200,500,0
121,【日常实习】后台开发工程师,北京,10000人以上,本科,0,9999999,0
122,【2024校招】自动驾驶C++/Python/Go/软件/硬件/算法工程师（实习）,北京,100-499人,本科,200,500,16
123,C++,北京,10000人以上,学历不限,400,450,0
124,C++后端开发工程师（实习）,上海,20-99人,硕士,400,500,0
125,Software Intern,东莞,10000人以上,本科,150,180,0
126,文远知行2024校园招聘（实习）,广州,100-499人,本科,300,400,12
127,隐私计算工程开发实习生(J10144),深圳,100-499人,本科,200,400,0
128,自动驾驶开发实习生,北京,100-499人,硕士,400,500,0
129,编译器研发工程师,上海,100-499人,本科,300,1000,0
130,c++实习生,深圳,100-499人,本科,200,250,0
131,C++开发实习生（无人机）,北京,100-499人,硕士,200,400,0
132,C++开发实习生(Z2464),杭州,暂无,本科,150,200,0
133,C++开发暑期实习&秋招（24届内推）,上海,100-499人,硕士,150,300,0
134,24届—C/C++开发工程师,广州,1000-9999人,本科,200,400,0
135,2024届游戏开发工程师（服务端/客户端）,上海,1000-9999人,本科,400,600,0
136,C++实习生,合肥,1000-9999人,硕士,200,250,0
137,基础架构实习生,上海,100-499人,硕士,300,400,0
138,后端开发工程师,苏州,20-99人,本科,300,350,0
139,软件开发工程师【24届】,上海,10000人以上,本科,350,550,0
140,C++开发工程师,杭州,20-99人,本科,300,500,0
141,24届秋储-C++开发实习生-TIG,北京,10000人以上,本科,200,250,0
142,【2024校招】自动驾驶C++/Python/Go/软件/硬件/算法工程师（大数据/嵌入式）（实习）,北京,100-499人,本科,200,500,16
143,C++软件开发实习生,深圳,100-499人,本科,400,450,0
144,时序预测算法实习生（算法）,北京,20-99人,硕士,200,300,0
145,C++软件开发工程师（实习）,上海,20-99人,本科,200,500,0
146,文远知行2024校园招聘（实习）,深圳,100-499人,本科,300,400,12
147,C++开发实习工程师,上海,100-499人,本科,200,500,0
148,C/C++工程师,深圳,20-99人,本科,200,250,0
149,C++工程师实习生（偏图形算法方向）,广州,1000-9999人,硕士,200,250,0
150,编程教练-C++（实习）,北京,10000人以上,本科,900,1000,0
151,异构计算工程师（实习）,北京,100-499人,本科,200,500,14
152,C++开发（实习）,北京,20-99人,硕士,200,500,16
153,C++后端开发实习生,杭州,100-499人,本科,300,400,0
154,24届—C/C++开发工程师,深圳,1000-9999人,本科,200,400,0
155,软件开发实习生,深圳,20-99人,本科,140,160,0
156,C++实习生,北京,1000-9999人,硕士,200,250,0
157,基础架构实习生,深圳,100-499人,硕士,300,400,0
158,C++软件开发（实习）,宁波,100-499人,本科,150,300,14
159,软件开发工程师【24届】,杭州,10000人以上,本科,350,550,0
160,C++软件开发实习生,成都,100-499人,本科,300,600,0
161,24届秋储-C++开发实习生-TIG,杭州,10000人以上,本科,200,250,0
162,【2024校招】自动驾驶C++/Python/Go/软件/硬件/算法工程师（实习）,深圳,100-499人,本科,200,500,16
163,仿真开发实习生,北京,100-499人,硕士,400,500,0
164,Linux实时系统实习生,北京,1000-9999人,学历不限,150,200,0
165,C/C++开发工程师/实习生（实习）,北京,20-99人,本科,150,800,12
166,文远知行2024校园招聘（实习）,上海,100-499人,本科,300,400,12
167,C++,杭州,100-499人,本科,150,300,0
168,C++软件工程师（机器人方向）（实习）(S0263),上海,1000-9999人,硕士,300,400,0
169,C++工程师,广州,1000-9999人,硕士,200,250,0
170,c++实习生,大连,10000人以上,本科,90,110,0
171,c++开发工程师（实习）,苏州,500-999人,硕士,200,250,12
172,C++高级开发,北京,20-99人,本科,500,1000,0
173,高性能计算开发实习生,杭州,100-499人,本科,250,320,0
174,客户端开发-医疗（实习）,北京,20-99人,学历不限,200,500,15
175,C++算法教师/助教（实习）,广州,20-99人,本科,160,640,12
176,C++实习生,太原,1000-9999人,硕士,200,250,0
177,分布式存储实习生,深圳,100-499人,硕士,300,400,0
178,云原生服务器引擎的开发（实习转校招）,上海,1000-9999人,硕士,200,250,0
179,软件开发工程师【24届】,东莞,10000人以上,本科,350,550,0
180,C++/QT开发工程师,深圳,100-499人,硕士,300,550,0
181,软件开发工程师（实习）,上海,20-99人,本科,400,800,0
182,【2024校招】自动驾驶C++/Python/Go/软件/硬件/算法工程师（大数据/嵌入式）（实习）,深圳,100-499人,本科,200,500,16
183,游戏开发工程师（服务器方向-C/C++）（24届实习生）,广州,1000-9999人,本科,200,450,0
184,AI与数据平台部_高性能计算实习研发工程师,北京,10000人以上,本科,220,270,0
185,量化开发工程师（python或C++）,上海,100-499人,本科,400,600,0
186,文远知行2024校园招聘（实习）,北京,100-499人,本科,300,400,12
187,校园大使（苏州、上海高校）,苏州,100-499人,本科,300,350,0
188,C++研发工程师（实习）,北京,10000人以上,本科,490,1000,12
189,高性能矩阵开发实习生,广州,1000-9999人,硕士,200,250,0
190,C++实习生,大连,10000人以上,硕士,90,110,0
191,c++,上海,20-99人,本科,200,210,0
192,量化开发实习生,北京,20-99人,本科,600,1000,0
193,数据库内核开发,杭州,100-499人,本科,280,370,0
194,C++软件开发实习生,深圳,100-499人,学历不限,400,450,0
195,系统开发实习生（上海）,北京,20-99人,本科,500,510,0
196,C/C++开发实习生,济南,1000-9999人,硕士,200,250,0
197,存储实习生,深圳,100-499人,硕士,300,400,0
198,软件开发工程师,西安,10000人以上,硕士,10,1000,0
199,24届应届生-软件开发工程师,深圳,10000人以上,本科,200,350,0
200,视觉算法实习生（杭州）,杭州,500-999人,本科,270,420,0
201,C++开发,北京,20-99人,本科,200,300,0
202,游戏研发工程师 ,上海,1000-9999人,硕士,200,250,0
203,系统研发实习生-C++,苏州,500-999人,本科,300,400,0
204,AI与数据平台部_高性能计算实习研发工程师,深圳,10000人以上,本科,220,270,0
205,QuantDeveloper,上海,100-499人,本科,400,600,0
206,智能卡cos研发工程师,北京,20-99人,本科,800,1000,0
207,校园大使（苏州、上海高校）,上海,100-499人,本科,300,350,0
208,阿里云C++研发工程师【2024届实习生内推】,杭州,10000人以上,本科,400,450,0
209,C++开发实习生,广州,1000-9999人,本科,200,250,0
210,24届 C++ 转正实习（实习）,北京,暂无,本科,200,350,12
211,游戏服务器端开发实习生,上海,100-499人,本科,130,180,0
212,求 物理/数学/计算机竞赛金牌得主（私募量化实习生）,北京,20-99人,本科,990,1000,0
213,C++后端开发实习生,杭州,100-499人,本科,200,350,0
214,C++软件开发实习生,上海,100-499人,本科,300,600,0
215,C++,深圳,暂无,学历不限,150,250,0
216,C/C++开发实习生,北京,1000-9999人,硕士,200,250,0
217,分布式存储实习生,北京,100-499人,硕士,300,400,0
218,C/C++开发工程师实习生,北京,20-99人,本科,100,150,0
219,24届应届生-软件开发工程师,杭州,10000人以上,本科,200,350,0
220,后端开发实习生-电商消费者业务,杭州,10000人以上,本科,400,500,0
221,软件开发实习生,南京,100-499人,硕士,200,280,0
222,AI算法实习生-北京,北京,500-999人,硕士,300,350,0
223,C++软件开发（XC）,上海,10000人以上,本科,180,270,0
224,AI与数据平台部_高性能计算实习研发工程师,上海,10000人以上,本科,220,270,0
225,软件研发工程师（实习）,北京,500-999人,本科,310,500,12
226,物联网研发 工程师,北京,20-99人,本科,800,1000,0
227,视觉算法,北京,20-99人,硕士,150,200,0
228,研发实习生,北京,100-499人,本科,300,400,0
229,C++工程师,广州,1000-9999人,硕士,200,250,0
230,C++游戏开发工程师,广州,1000-9999人,本科,200,400,0
231,C++开发大数据开发实习生（非暑期实习）,济南,10000人以上,本科,120,150,0
232,C++开发工程师实习工程师,济南,100-499人,本科,100,300,0
233,SQL引擎开发实习生,杭州,100-499人,本科,200,350,0
234,【微软亚洲研究院】【SDN】基于SONiC开源云网络操作系统研发实习生,北京,10000人以上,本科,200,300,0
235,软件开发实习（5名）,上海,20-99人,学历不限,200,400,0
236,C/C++开发实习生,哈尔滨,1000-9999人,硕士,150,220,0
237,分布式存储实习生,上海,100-499人,本科,300,400,0
238,存储系统开发工程师(实习),杭州,10000人以上,本科,350,400,0
239,24届应届生-云计算开发工程师,杭州,10000人以上,本科,200,350,0
240,低延迟系统开发工程师（实习可转正）,北京,暂无,本科,500,1000,0
241,华为OHOS实习,杭州,1000-9999人,本科,200,500,0
242,C++开发实习生（有转正机会）,深圳,100-499人,本科,200,300,0
243,C++,北京,10000人以上,学历不限,400,500,0
244,GO/PHP/C++ 后端研发工程师,北京,10000人以上,本科,250,350,0
245,实习生-后端开发C++ (可转正）,上海,0-20人,本科,200,400,0
246,居家/在校兼职C/C++开发实习生（实习）,北京,20-99人,本科,800,1000,12
247,视觉算法实习生,北京,500-999人,本科,270,420,0
248,24届实习生,深圳,10000人以上,本科,200,210,0
249,高性能矩阵开发实习生,广州,1000-9999人,硕士,200,250,0
250,实习 | C++开发实习生,北京,10000人以上,本科,280,330,0
251,核心研发平台-软件开发实习-合肥,合肥,10000人以上,本科,100,150,0
252,C++ 研发实习生,北京,20-99人,本科,400,500,0
253,高性能计算开发实习生,杭州,100-499人,本科,250,320,0
254,AI芯片架构实习生（请发实习时长给我）,北京,500-999人,硕士,300,350,0
255,后端实习生-AML机器学习方向,北京,10000人以上,本科,390,400,0
256,C/C++开发实习生,太原,1000-9999人,硕士,150,220,0
257,存储实习生,上海,100-499人,本科,300,400,0
258,分布式系统开发实习生-杭州,杭州,10000人以上,本科,200,220,0
259,【华为校园招聘】软件开发,深圳,10000人以上,本科,990,1000,0
260,量化开发工程师（实习可转正）,北京,暂无,本科,500,1000,0
261,华为OHOS实习,上海,1000-9999人,本科,200,500,0
262,HPC实习生,北京,100-499人,本科,200,300,0
263,软件实习生,天津,1000-9999人,本科,120,200,0
264,AI与数据平台部_Paddle硬件适配研发,上海,10000人以上,本科,200,250,0
265,C++实习生（本科、硕士、博士）,上海,20-99人,本科,300,600,0
266,C++开发实习生（校招留用）,北京,20-99人,本科,290,310,0
267,C＋＋软件开发实习生,北京,500-999人,本科,300,400,0
268,24届实习生,北京,10000人以上,本科,200,210,0
269,C++工程师,广州,1000-9999人,学历不限,100,120,0
270,服务器开发工程师（实习）,杭州,100-499人,本科,260,400,14
271,软件开发工程师（java、C、C++）（实习）,成都,10000人以上,本科,200,500,16
272,编译器研发实习生,深圳,20-99人,本科,400,500,0
273,C++应用开发实习生,杭州,100-499人,本科,200,280,0
274,软件工程师（实习）,上海,100-499人,本科,200,500,13
275,Ai计算框架研发-2023校招（实习）,北京,20-99人,本科,200,500,16
276,C/C++研发工程师00075419（实习）,太原,1000-9999人,硕士,200,500,14
277,【秋招】低延时系统开发（可转正）｜北京,北京,20-99人,本科,500,1000,0
278,阿里云存储C/C++工程师,北京,10000人以上,学历不限,200,250,0
279,【华为校园招聘】音视频协议软件工程师,深圳,10000人以上,本科,990,1000,0
280,软件开发工程师（实习可转正）,北京,暂无,本科,500,1000,0
281,华为OHOS实习,西安,1000-9999人,本科,200,500,0
282,C++实习生,北京,100-499人,本科,220,320,0
283,软件工程师（实习）,北京,100-499人,本科,200,400,14
284,深度学习技术平台部_深度学习框架实习研发工程师,北京,10000人以上,本科,200,250,0
285,数据库内核（C/C++）研发工程师-西安（2023应届校招）,西安,500-999人,本科,300,600,0
286,Linux软件开发实习生（2024- 2025届）,上海,1000-9999人,本科,180,250,0
287,C++客户端开发工程师,北京,1000-9999人,硕士,240,360,0
288,24届实习生,上海,10000人以上,本科,200,210,0
289,平台前后处理实习生,广州,1000-9999人,本科,150,250,0
290,系统研发实习生C++/python,北京,20-99人,本科,150,250,0
291,广告后端开发实习生 / 校招 - Ads Infra,北京,10000人以上,学历不限,400,600,0
292,编译器研发实习生,上海,20-99人,本科,400,500,0
293,C++开发工程师,重庆,100-499人,本科,130,150,0
294,软件开发实习生,上海,100-499人,本科,150,400,0
295,Ai计算框架研发-2023校招（实习）,上海,20-99人,本科,200,500,16
296,c++工程师,上海,20-99人,本科,300,600,0
297,【秋招】C++开发工程师（低延时）,北京,20-99人,本科,500,1000,0
298,【实习内推】蚂蚁集团OceanBase2024届实习内推,北京,10000人以上,本科,300,350,0
299,通用软件开发工程师-C++,南京,10000人以上,本科,300,400,0
300,低延迟系统开发实习生,北京,暂无,本科,500,1000,0
301,软件开发工程师,长沙,20-99人,本科,120,200,0
302,C/C++实习工程师,广州,500-999人,本科,150,200,0
303,软件工程师（实习）,上海,100-499人,本科,200,400,14
304,南通计算机视觉算法实习生,南通,20-99人,硕士,150,200,0
305,数据库内核（C/C++）研发工程师-成都（2023应届校招）,成都,500-999人,本科,400,600,0
306,Android软件开发实习生（2024-2025届）,上海,1000-9999人,本科,200,250,0
307,C++服务端开发工程师,北京,1000-9999人,硕士,220,390,0
308,LinuxC++开发工程师,深圳,20-99人,本科,150,250,0
309,实习开发工程师,广州,1000-9999人,本科,180,200,0
310,后端开发实习生-C++,北京,500-999人,本科,300,450,0
311,广告投放架构实习生 / 校招 - Ads Infra,北京,10000人以上,本科,400,500,0
312,编译器研发实习生,北京,20-99人,本科,400,500,0
313,高性能计算（C++）实习生,北京,10000人以上,本科,250,400,0
314,C++实习生,北京,1000-9999人,硕士,150,200,0
315,UE4开发实习生,北京,20-99人,本科,200,250,0
316,软件研发实习生-高精地图,北京,1000-9999人,本科,450,500,0
317,【秋招】C++开发实习生,北京,20-99人,本科,500,1000,0
318,C++,杭州,10000人以上,学历不限,400,410,0
319,通用软件开发工程师,杭州,10000人以上,本科,10,1000,0
320,软件开发实习生,北京,暂无,本科,500,1000,0
321,流媒体c++开发工程师,杭州,100-499人,本科,150,200,0
322,C++图形图像开发实习生,北京,10000人以上,学历不限,300,400,0
323,c++实习生（机器人方向）,北京,100-499人,本科,250,400,0
324,c++软件工程师,深圳,100-499人,学历不限,0,9999999,0
325,数据库内核（C/C++）研发工程师-北京（2023应届校招）,北京,500-999人,本科,400,700,0
326,C++开发工程师,北京,10000人以上,硕士,400,600,0
327,C++/Golang 开发工程师,北京,1000-9999人,本科,200,300,0
328,C++开发工程师,南京,10000人以上,硕士,400,600,0
329,C++研发实习生,广州,1000-9999人,本科,150,200,0
330,C/C++软件开发工程师,西安,10000人以上,本科,200,500,0
331,广告算法架构实习生(可转正) / 校招 - AdsInfra,北京,10000人以上,本科,400,500,0
332,C++实习生,北京,20-99人,本科,400,500,0
333,软件开发工程师,西安,10000人以上,硕士,10,1000,0
334,软件开发工程师,西安,10000人以上,硕士,10,1000,0
335,软件开发工程师,西安,10000人以上,硕士,10,1000,0
336,软件研发实习生-自动驾驶系统,北京,1000-9999人,本科,450,500,0
337,系统开发工程师（C++）,北京,20-99人,本科,500,1000,0
338,研发工程师C/C++,北京,10000人以上,学历不限,350,400,0
339,软件开发工程师（实习）,西安,10000人以上,硕士,10,1000,0
340,软件开发工程师,西安,10000人以上,硕士,10,1000,0
341,软件开发工程师（实习）,西安,10000人以上,学历不限,200,500,12
342,【校招-sz】华为无线-通用软件开发/5G通信开发工程师（实习）,深圳,10000人以上,本科,200,500,15
343,c++实习生,北京,100-499人,本科,250,400,0
344,华为本硕/留学生（实习）,成都,10000人以上,本科,300,500,12
345,数据库内核（C++）研发工程师-成都,成都,500-999人,硕士,190,220,0
346,C++,上海,10000人以上,硕士,50,120,0
347,游戏C++开发工程师,北京,1000-9999人,本科,260,320,0
348,通用软件开发工程师,西安,10000人以上,硕士,0,9999999,0
349,CAE 软件（结构）求解器开发实习生,广州,1000-9999人,硕士,150,200,0
350,软件开发校园招聘-2024届,上海,10000人以上,本科,200,300,0
351,通用软件工程师,杭州,10000人以上,本科,300,350,0
352,网络技术,杭州,10000人以上,本科,300,350,0
353,机器学习,杭州,10000人以上,本科,300,350,0
354,AI性能优化,杭州,10000人以上,本科,300,350,0
355,分布式数据库开发工程师,杭州,10000人以上,本科,300,350,0
356,AI软件开发,北京,10000人以上,本科,300,350,0
357,推荐搜索,北京,10000人以上,本科,300,350,0
358,通用软件开发工程师（包含秋招）,上海,10000人以上,本科,240,380,0
359,软件开发工程师（实习）--秋招正式岗,上海,10000人以上,本科,200,500,0
360,音视频协议工程师,深圳,10000人以上,本科,0,9999999,0
361,c++实习生（可转正，可秋招）,北京,100-499人,本科,250,400,0
362,软件开发实习生,北京,100-499人,本科,200,250,0
363,C++开发工程师,三门峡,20-99人,大专,3,9,12
364,C/C++,上海,10000人以上,本科,20,40,15
365,java/c/c++/python开发/测试/算法/数据,深圳,1000-9999人,本科,15,35,16
366,软件开发工程师,北京,0-20人,本科,15,30,14
367,C++,上海,20-99人,本科,0,9999999,12
368,C/C++开发工程师,成都,10000人以上,本科,12,30,16
369,C++开发工程师,东莞,10000人以上,本科,15,35,14
370,游戏开发工程师(R0330),北京,100-499人,本科,18,25,15
371,C++量化开发工程师,上海,20-99人,本科,0,9999999,12
372,QT工程师,成都,1000-9999人,本科,12,20,14
373,C++开发工程师,北京,20-99人,本科,10,20,14
374,量化交易系统C++工程师,上海,100-499人,本科,0,9999999,12
375,平台搭建/优化-量化开发技术专家（C++,上海,100-499人,本科,50,80,12
376,高级软件工程师-元数据服务,北京,100-499人,本科,35,45,16
377,C++,深圳,20-99人,本科,18,40,15
378,C++软件开发工程师,上海,100-499人,本科,8,13,13
379,C++___教师,郑州,10000人以上,学历不限,8,13,12
380,量化高级开发工程师,深圳,20-99人,本科,30,50,15
381,交易系统开发工程师（C++）,上海,100-499人,本科,25,50,15
382,新/待遇优/C/C++/C#工程师部门直招,杭州,10000人以上,本科,0,9999999,12
383,软件开发工程师,东莞,10000人以上,本科,13,30,14
384,C/C++,西安,10000人以上,本科,20,40,15
385,java/c/c++/python开发/测试/算法/数据,成都,1000-9999人,本科,15,35,16
386,C++研发工程师,武汉,1000-9999人,本科,16,26,14
387,c++开发工程师（SE）,大连,100-499人,本科,15,18,12
388,C/C++开发工程师,上海,10000人以上,本科,20,40,16
389,c++开发工程师,深圳,10000人以上,本科,15,35,14
390,C++开发工程师,深圳,20-99人,本科,28,60,15
391,C++工程师（代发）,西安,500-999人,本科,13,40,14
392,（深圳）互联网业务-C/C++/GO后台开发工程师,深圳,1000-9999人,本科,20,30,14
393,C++开发工程师,上海,20-99人,本科,20,25,14
394,软件工程师C++,上海,100-499人,本科,0,9999999,12
395,开发工程师（语言不限）,武汉,10000人以上,本科,15,30,15
396,C/C++,北京,1000-9999人,本科,15,40,15
397,C++,广州,20-99人,本科,18,40,15
398,c++开发工程师（上海）,上海,20-99人,本科,25,50,14
399,C++高级软件工程师,北京,500-999人,硕士,25,35,12
400,C++,上海,20-99人,学历不限,0,9999999,12
401,C++开发工程师,上海,20-99人,本科,30,50,12
402,C/C++/C#开发工程师,深圳,10000人以上,本科,23,35,12
403,软件开发,成都,10000人以上,本科,10,35,14
404,C++,上海,10000人以上,学历不限,20,35,14
405,java/c/c++/python开发/测试/算法/数据,武汉,1000-9999人,本科,15,35,16
406,C++研发工程师,西安,1000-9999人,本科,16,30,14
407,华为终端OS岗开发 ,杭州,1000-9999人,本科,0,9999999,0
408,C++/C开发工程师,武汉,10000人以上,本科,15,30,16
409,c++开发工程师,武汉,10000人以上,本科,12,24,14
410,c++开发工程师,北京,20-99人,本科,25,50,18
411,C/C++开发（双休 周末加班双倍工资）,深圳,1000-9999人,本科,15,40,12
412,（深圳）互研-社区后台开发工程师(GO/C++),深圳,1000-9999人,本科,20,30,14
413,嵌入式软件工程师,苏州,500-999人,本科,15,25,14
414,C语言开发,北京,100-499人,本科,6,8,12
415,开发工程师（语言不限）,广州,10000人以上,本科,15,30,15
416,C/C++,西安,1000-9999人,本科,15,40,15
417,C/C++,深圳,20-99人,本科,18,35,15
418,C++,上海,1000-9999人,本科,15,30,12
419,C＋＋开发工程师,北京,20-99人,本科,15,25,13
420,编程语言与编译器开发工程师,上海,20-99人,学历不限,20,40,12
421,C++软件开发工程师,福州,20-99人,本科,9,22,14
422,AI软件开发工程师,上海,1000-9999人,本科,30,60,18
423,软件开发,杭州,10000人以上,本科,10,35,14
424,C/C++软件开发工程师,上海,10000人以上,本科,15,30,12
425,c++高级开发工程师,东莞,1000-9999人,本科,15,35,14
426,C++研发工程师,广州,1000-9999人,本科,16,30,14
427,C++,香港,1000-9999人,学历不限,12,30,15
428,java/Python/C/C++/数据开发/算法/测试,上海,10000人以上,本科,15,30,16
429,研究院- C++开发工程师（模型部署）1-北京市、上海市、成都市,北京,1000-9999人,本科,0,9999999,12
430,游戏服务端开发工程师,广州,20-99人,本科,12,24,14
431,C++软件开发,上海,20-99人,本科,15,50,12
432,嵌入式软件开发工程师,深圳,20-99人,本科,10,30,16
433,软件开发工程师,深圳,100-499人,本科,14,23,14
434,C++,北京,20-99人,本科,45,85,16
435,开发工程师（语言不限）,深圳,10000人以上,本科,15,30,15
436,C++工程师,东莞,1000-9999人,本科,13,40,12
437,C++向量检索平台工程师 ,北京,10000人以上,本科,0,9999999,12
438,C++,深圳,1000-9999人,本科,15,30,12
439,嵌入式开发工程师,上海,20-99人,本科,18,28,12
440,编程语言与编译器开发工程师,南京,20-99人,学历不限,20,40,12
441,C/C++软件开发工程师,济南,20-99人,本科,8,11,12
442,C++ 软件工程师,上海,1000-9999人,本科,30,60,18
443,软件开发,西安,10000人以上,本科,10,35,14
444,华为OD社招,上海,10000人以上,本科,15,25,12
445,c++高级开发工程师,西安,1000-9999人,本科,15,35,14
446,C++研发工程师（校招社招均可）,西安,1000-9999人,本科,15,25,14
447,C++,东莞,10000人以上,本科,15,25,12
448,c/c++,北京,10000人以上,本科,15,30,16
449,C++开发工程师6-北京市、上海市,北京,1000-9999人,本科,0,9999999,12
450,C++开发工程师,广州,20-99人,本科,15,30,14
451,软件开发工程师,成都,10000人以上,学历不限,13,22,15
452,嵌入式软件开发工程师,东莞,20-99人,本科,10,30,16
453,C++,深圳,100-499人,学历不限,11,20,14
454,高频C++开发,北京,20-99人,本科,40,60,16
455,开发工程师（语言不限）,东莞,10000人以上,本科,15,30,15
456,C++工程师,深圳,1000-9999人,本科,13,40,12
457,C++软件工程师,深圳,100-499人,本科,10,20,14
458,C++,南京,1000-9999人,本科,15,30,12
459,C++软件开发工程师,成都,100-499人,本科,15,30,14
460,处理器工具链开发工程师,上海,20-99人,本科,8,18,12
461,C++研发工程师-北京,深圳,20-99人,本科,25,50,13
462,C++软件工程师,上海,1000-9999人,本科,0,9999999,12
463,软件开发,深圳,10000人以上,本科,12,40,14
464,C++软件开发工程师,杭州,100-499人,本科,8,18,12
465,c++高级开发工程师,成都,1000-9999人,本科,15,35,14
466,C++研发工程师(校招/社招均可),武汉,1000-9999人,本科,15,25,14
467,C++,北京,10000人以上,本科,15,25,12
468,c/c++,上海,10000人以上,本科,15,30,16
469,高级C++开发工程师1-深圳上海,深圳,1000-9999人,本科,0,9999999,12
470,C/C++开发工程师 - 通信中台,北京,10000人以上,学历不限,30,40,15
471,数据库内核工程师,北京,20-99人,硕士,25,55,14
472,Linux 应用开发工程师,南京,20-99人,本科,20,40,14
473,C++,天津,20-99人,硕士,1,20,15
474,底层C++开发,北京,20-99人,本科,40,60,16
475,开发工程师（语言不限）,杭州,10000人以上,本科,15,30,15
476,C++工程师,南京,1000-9999人,本科,13,40,12
477,C++软件工程师（需要有经验）,宁波,100-499人,本科,8,20,14
478,软件开发,西安,1000-9999人,本科,10,25,12
479,C++软件开发工程师,上海,1000-9999人,本科,12,20,13
480,软件IDE开发工程师,南京,20-99人,本科,8,18,12
481,C++开发工程师(A101504),上海,100-499人,本科,20,25,14
482,芯片软件工具开发工程师(C++),上海,1000-9999人,本科,0,9999999,12
483,软件开发工程师,北京,10000人以上,本科,15,40,14
484,量化交易系统开发工程师,北京,0-20人,本科,25,40,12
485,c++高级开发工程师,南京,1000-9999人,本科,15,35,14
486,C++工程师,广州,1000-9999人,本科,15,28,14
487,C++,广州,10000人以上,本科,15,25,12
488,c/c++,深圳,10000人以上,本科,15,30,16
489,C++开发工程师1-上海市,上海,1000-9999人,本科,0,9999999,12
490,c++、python,上海,10000人以上,本科,20,45,12
491,C++高级研发工程师,南京,100-499人,本科,20,45,14
492,C++,南京,20-99人,学历不限,20,30,14
493,南昌-C++,南昌,20-99人,本科,8,13,12
494,软件工程师(C++),天津,1000-9999人,本科,10,23,15
495,开发工程师（语言不限）,上海,10000人以上,本科,15,30,15
496,C++工程师,上海,1000-9999人,本科,13,40,12
497,C++工程师-音视频,杭州,1000-9999人,本科,0,9999999,12
498,云原生Java开发工程师,上海,1000-9999人,本科,15,30,12
499,NOIP赛事主教练（C++）武汉,武汉,1000-9999人,本科,14,24,12
500,推荐架构工程师,上海,暂无,学历不限,50,60,15
501,C++,北京,1000-9999人,本科,15,25,14
502,c++,成都,1000-9999人,本科,0,9999999,12
503,软件工程师 - 数据处理平台(A204743),广州,1000-9999人,本科,18,30,16
504,应用开发工程师C/C++,西安,1000-9999人,本科,10,25,12
505,c++高级开发工程师,杭州,1000-9999人,本科,15,35,14
506,C++,广州,1000-9999人,学历不限,15,30,15
507,C++,上海,10000人以上,本科,15,25,12
508,c/c++,杭州,10000人以上,本科,15,30,16
509,阿里国际化数字商业集团-Lazada招聘深度学习推理工程岗位,北京,10000人以上,硕士,25,40,16
510,高频策略研发工程师【北京】,北京,20-99人,本科,25,60,14
511,C++工程师（社招）,厦门,20-99人,硕士,10,20,12
512,软件开发工程师/逻辑开发工程师,东莞,10000人以上,本科,15,30,12
513,C++编程主讲,北京,10000人以上,本科,20,35,12
514,C++开发工程师,上海,100-499人,本科,20,50,12
515,开发工程师（语言不限）,北京,10000人以上,本科,15,30,15
516,C++工程师,西安,1000-9999人,本科,13,40,12
517,客户端C++,厦门,1000-9999人,本科,15,25,12
518,C++,上海,10000人以上,本科,13,25,15
519,c++主讲/NOIP赛培教练（双休）,武汉,1000-9999人,本科,16,24,12
520,C++系统开发,上海,暂无,学历不限,35,45,15
521,大数据存储工程师,上海,10000人以上,本科,30,70,15
522,c++,杭州,1000-9999人,本科,0,9999999,12
523,软件工程师 - 数据处理平台(A204743),北京,1000-9999人,本科,18,30,16
524,资深服务器开发工程师,北京,1000-9999人,本科,0,9999999,12
525,c++高级开发工程师,深圳,1000-9999人,本科,15,35,14
526,C++开发工程师,上海,1000-9999人,本科,18,30,12
527,C++,杭州,10000人以上,本科,15,25,12
528,c/c++,南京,10000人以上,本科,15,30,16
529,C++开发工程师,上海,100-499人,本科,25,40,13
530,c/c++,杭州,1000-9999人,本科,0,9999999,0
531,中高级C++,厦门,20-99人,本科,10,30,12
532,软件开发工程师,杭州,10000人以上,本科,15,35,12
533,处理器设计C++开发工程师：,上海,暂无,本科,0,9999999,12
534,车载中间件软件研发工程师,杭州,100-499人,本科,0,9999999,12
535,开发工程师（语言不限）,西安,10000人以上,本科,15,30,15
536,C/C++研发工程师,北京,20-99人,本科,30,40,12
537,C++,北京,10000人以上,学历不限,0,9999999,12
538,编译器开发工程师,青岛,20-99人,学历不限,12,24,14
539,OpenGL/GLES/Vulkan图形驱动开发工程师(社招),上海,100-499人,本科,30,60,13
540,高级C++开发工程师,成都,100-499人,本科,20,40,14
541,高级软件开发工程师,上海,1000-9999人,本科,25,45,15
542,c++,深圳,1000-9999人,本科,0,9999999,12
543,软件工程师 - 数据处理平台(A204743),上海,1000-9999人,本科,18,30,16
544,C++软件开发工程师,深圳,20-99人,本科,15,25,12
545,c++高级开发工程师,武汉,1000-9999人,本科,15,35,14
546,C++开发工程师,深圳,20-99人,本科,20,35,12
547,C++,南京,10000人以上,本科,15,25,12
548,c/c++,成都,10000人以上,本科,15,30,16
549,高级服务器工程师,上海,0-20人,本科,30,40,14
550,分布式存储产品化开发工程师,上海,10000人以上,本科,0,9999999,12
551,开发工程师-C++,北京,20-99人,本科,15,30,12
552,软件开发工程师,西安,10000人以上,本科,15,35,12
553,C++开发主管,上海,20-99人,硕士,25,60,13
554,C/JAVA开发,北京,20-99人,本科,12,22,12
555,C++ 软件开发工程师,武汉,1000-9999人,本科,15,30,14
556,C++,武汉,20-99人,本科,10,25,14
557,C++研发工程师（广州）,广州,1000-9999人,本科,13,25,14
558,C++软件开发工程师,青岛,20-99人,硕士,12,24,14
559,GPUSDK与工具开发工程师(社招),上海,100-499人,本科,30,60,13
560,核心C++软件开发工程师,成都,100-499人,本科,25,40,14
561,流媒体服务端开发工程师,杭州,100-499人,本科,30,50,13
562,c++,北京,1000-9999人,本科,0,9999999,12
563,软件工程师 - Generalist ,上海,1000-9999人,本科,0,9999999,12
564,C++软件开发工程师,深圳,20-99人,本科,25,45,15
565,C＋＋软件开发工程师,北京,500-999人,本科,0,9999999,12
566,图形渲染引擎架构师,杭州,1000-9999人,学历不限,0,9999999,12
567,C++,武汉,10000人以上,本科,15,25,12
568,c/c++,武汉,10000人以上,本科,15,30,16
569,C++工程师,上海,20-99人,本科,18,35,15
570,分布式存储产品化开发工程师,北京,10000人以上,本科,0,9999999,12
571,C++,深圳,100-499人,学历不限,15,30,14
572,C++,上海,10000人以上,学历不限,15,30,12
573,C++软件工程师,上海,0-20人,本科,12,50,15
574,C++,北京,20-99人,学历不限,5,10,12
575,c++,上海,20-99人,本科,25,55,15
576,游戏服务端-C++开发工程师,广州,1000-9999人,本科,0,9999999,12
577,计算机图形算法工程师,广州,1000-9999人,本科,15,25,14
578,QT软件工程师（2名 全职）,上海,20-99人,学历不限,18,25,12
579,DirectX图形驱动开发工程师(社招),上海,100-499人,本科,30,60,13
580,高级C++开发工程师,上海,100-499人,本科,20,40,14
581,C++开发工程师-【搜索中台】,北京,10000人以上,本科,30,50,16
582,C++开发工程师,成都,10000人以上,本科,16,26,14
583,软件开发工程师,南昌,100-499人,本科,8,15,14
584,低延迟系统开发工程师,北京,暂无,本科,0,9999999,12
585,C++,深圳,20-99人,本科,9,14,13
586,C++软件工程师,深圳,500-999人,本科,12,18,12
587,C++,西安,10000人以上,本科,15,25,12
588,C/C++开发工程师,成都,10000人以上,本科,15,30,16
589,C/C++软件开发工程师,南京,100-499人,硕士,15,20,14
590,分布式块存储研发工程师-ByteDrive,上海,10000人以上,本科,0,9999999,12
591,C++工程师,合肥,暂无,学历不限,0,9999999,12
592,C++,南京,10000人以上,本科,16,26,15
593,高级Linux软件开发工程师,南京,10000人以上,本科,14,28,14
594,产品经理,深圳,1000-9999人,本科,20,40,12
595,量化交易系统开发C++,北京,20-99人,本科,25,50,12
596,软件开发工程师--OD岗位,西安,10000人以上,本科,15,30,14
597,C++开发工程师（EDA开发）,杭州,20-99人,本科,12,22,16
598,OSG/OpenGL软件工程师（2名 全职）,上海,20-99人,学历不限,18,25,12
599,linux c 开发工程师,北京,20-99人,本科,15,20,13
600,C++软件开发工程师,成都,100-499人,本科,15,30,14
601,高级搜索工程师（C++）-【搜索】,北京,10000人以上,本科,30,50,16
602,存储工程师,上海,100-499人,本科,30,60,18
603,游戏服务端-C++开发工程师,广州,1000-9999人,本科,0,9999999,12
604,C/C++开发（数据库工程师库内核）,西安,500-999人,本科,21,50,13
605,软件开发C++,北京,20-99人,本科,0,9999999,12
606,光大银行青岛研发中心C++转Java,青岛,10000人以上,硕士,10,30,12
607,C++,东莞,10000人以上,本科,15,25,12
608,c/c++,武汉,10000人以上,本科,15,25,14
609,c++开发工程师,北京,10000人以上,本科,0,9999999,12
610,分布式存储产品开发大数据开发工程师,杭州,10000人以上,本科,0,9999999,12
611,c语言工程师，c++工程师(远程兼职),广州,20-99人,学历不限,6,16,12
612,GPU编译器芯片平台软件开发,杭州,10000人以上,本科,20,40,15
613,HMI软件架构工程师,南京,10000人以上,本科,14,30,14
614,C++开发,北京,20-99人,本科,20,40,16
615,量化交易系统开发C++,上海,20-99人,本科,25,50,12
616,C++客户端开发工程师,苏州,1000-9999人,本科,15,35,14
617,【校招和社招均有】C++开发工程师（EDA开发）,长沙,20-99人,本科,12,22,16
618,C++软件工程师（2名 全职）,上海,20-99人,学历不限,18,25,12
619,C++开发(硅谷风格，不加班不打卡,上海,0-20人,本科,60,200,14
620,Python数据开发工程师,成都,100-499人,本科,15,30,14
621,高性能存储网络开发工程师,杭州,10000人以上,本科,0,9999999,12
622,高性能计算开发工程师,上海,100-499人,本科,30,70,18
623,C/C++软件开发,上海,10000人以上,本科,0,9999999,12
624,C/C++开发（数据库工程师库内核）,广州,500-999人,本科,21,50,13
625,软件开发工程师（后端开发）,成都,1000-9999人,本科,10,25,14
626,Java/Python/C/C++/Web/测试工程师,武汉,1000-9999人,本科,0,9999999,12
627,C++,深圳,10000人以上,本科,15,25,12
628,c/c++,西安,10000人以上,本科,15,25,14
629,C++研发工程师,武汉,1000-9999人,本科,13,25,15
630,C++,成都,10000人以上,本科,18,28,15
631,软件开发工程师（C++）2023届校招,北京,500-999人,本科,14,25,14
632,GPU编译器芯片平台软件开发,上海,10000人以上,本科,20,40,15
633,华为od软件开发工程师,杭州,1000-9999人,本科,15,30,15
634,C++开发工程师,深圳,1000-9999人,本科,20,50,12
635,C++开发工程师,上海,20-99人,本科,35,50,16
636,C++服务端开发工程师,合肥,1000-9999人,本科,18,35,14
637,Linux应用软件工程师,天津,1000-9999人,本科,13,23,15
638,C++开发工程师（MAC),深圳,1000-9999人,本科,20,35,12
639,C++开发(硅谷风格，不加班不打卡,北京,0-20人,本科,60,200,14
640,2023/2024硕士应届毕业生,深圳,500-999人,硕士,10,20,12
641,分布式追踪技术开发工程师,北京,10000人以上,本科,0,9999999,12
642,C++核心系统工程师,上海,100-499人,本科,30,70,18
643,后端开发工程师,上海,0-20人,本科,30,60,12
644,C/C++开发（数据库工程师库内核）,南京,500-999人,本科,21,50,13
645,软件开发工程师（C/C++/Java/Python）,贵阳,1000-9999人,本科,12,24,14
646,Java/Python/C/C++/Web/测试工程师,深圳,1000-9999人,本科,0,9999999,12
647,C++,深圳,10000人以上,学历不限,15,25,12
648,c/c++,广州,10000人以上,本科,15,25,14
649,计算机图形算法工程师,武汉,1000-9999人,本科,15,30,15
650,软件开发工程师（C、C++）,成都,10000人以上,本科,10,26,16
651,C++,青岛,100-499人,本科,10,20,13
652,GPU编译器芯片软件开发,上海,10000人以上,本科,20,40,15
653,C++,上海,20-99人,本科,25,50,12
654,量化系统开发工程师,深圳,20-99人,本科,0,9999999,12
655,后端c++及量化实现C++,上海,20-99人,本科,25,55,16
656,QT软件工程师（社招）,上海,20-99人,本科,20,30,12
657,嵌入式软件工程师-天津软件所,天津,1000-9999人,本科,0,9999999,12
658,C++开发工程师（MAC),厦门,1000-9999人,本科,20,35,12
659,桌面端C++研发工程师,广州,10000人以上,本科,20,40,15
660,并行结构与计算研究专员,杭州,1000-9999人,硕士,0,9999999,12
661,高级C++开发工程师,长沙,1000-9999人,本科,25,40,12
662,嵌入式软件工程师,昆山,20-99人,本科,15,20,12
663,C++工程师,上海,1000-9999人,本科,12,17,12
664,C/C++开发（数据库工程师库内核）,成都,500-999人,本科,21,50,13
665,软件开发工程师（C/C++/Java/Python）,昆明,1000-9999人,本科,12,24,14
666,NLP数据挖掘工程师,西安,1000-9999人,本科,0,9999999,12
667,C++,北京,10000人以上,学历不限,15,25,12
668,C++软件开发工程师（华为海思）,北京,10000人以上,本科,12,30,15
669,C++研发工程师（MJ001009）,武汉,1000-9999人,本科,15,25,15
670,软件开发/测试,成都,10000人以上,本科,15,30,14
671,后台开发工程师,深圳,100-499人,本科,20,40,16
672,GPU编译器芯片软件开发,杭州,10000人以上,本科,20,40,15
673,C++软件开发工程师(P6868),上海,100-499人,本科,18,25,14
674,多媒体后台,广州,100-499人,本科,8,30,14
675,量化金融C++开发工程师,北京,20-99人,本科,0,9999999,12
676,C++开发工程师（急社招）,上海,20-99人,本科,30,40,12
677,OpenGLES/Vulkan图形驱动开发工程师,上海,100-499人,本科,30,60,13
678,C++开发工程师（MAC),北京,1000-9999人,本科,20,35,12
679,桌面端研发工程师-抖音,北京,10000人以上,本科,30,60,15
680,系统软件研究专员,杭州,1000-9999人,硕士,0,9999999,12
681,C++开发,杭州,100-499人,本科,15,25,14
682,C++开发工程师,上海,100-499人,本科,15,23,13
683,C++工程师,杭州,1000-9999人,本科,12,17,12
684,C/C++开发（数据库工程师库内核）,武汉,500-999人,本科,21,50,13
685,软件开发工程师（C/C++/Java/Python）,重庆,1000-9999人,本科,12,24,14
686,软件工程师-分布式存储,北京,100-499人,本科,0,9999999,12
687,C++,上海,10000人以上,学历不限,15,25,12
688,通用软件工程师,深圳,10000人以上,本科,12,30,15
689,高级C++研发工程师,武汉,1000-9999人,本科,20,40,12
690,数据库内核（C/C++)研发工程师,成都,500-999人,本科,25,50,16
691,C++交易后台开发工程师,深圳,100-499人,本科,20,40,16
692,C/C++，java，python，JS开发、软件测试,北京,10000人以上,本科,15,35,15
693,C++,北京,100-499人,本科,20,40,14
694,后台开发（多媒体方向）,广州,100-499人,本科,8,30,13
695,量化金融C++开发工程师,上海,20-99人,本科,0,9999999,12
696,C++开发,深圳,10000人以上,本科,15,30,16
697,GPUSDK与工具开发工程师,上海,100-499人,本科,30,60,13
698,C++开发工程师（MAC),上海,1000-9999人,本科,20,35,12
699,桌面端研发工程师-抖音,三亚,10000人以上,本科,30,60,15
700,多模态人机交互开发工程师,杭州,1000-9999人,硕士,0,9999999,12
701,C++开发,杭州,10000人以上,本科,15,30,16
702,C/C++开发工程师-线上面试,北京,10000人以上,本科,10,35,14
703,C/C++开发工程师-线上面试,深圳,10000人以上,本科,10,35,14
704,C/C++开发（数据库工程师库内核）,天津,500-999人,本科,21,50,13
705,C/C++开发工程师,成都,1000-9999人,本科,14,28,12
706,软件工程师-分布式存储,北京,100-499人,本科,0,9999999,0
707,C++,广州,10000人以上,学历不限,15,25,12
708,C/C++开发工程师-线上面试,南京,10000人以上,本科,10,35,14
709,C/C++开发工程师,深圳,10000人以上,本科,15,25,12
710,C/C++软件开发（上海海思）,北京,10000人以上,本科,12,27,14
711,C/C++开发工程师,深圳,10000人以上,本科,15,30,14
712,C/C++，java，python，JS开发、软件测试,杭州,10000人以上,本科,15,35,15
713,C++开发工程师,深圳,10000人以上,本科,15,30,14
714,Windows开发,广州,100-499人,学历不限,15,40,13
715,c++,北京,20-99人,本科,30,70,12
716,嵌入式/C/C++,北京,10000人以上,本科,0,9999999,12
717,DirectX图形驱动开发工程师,上海,100-499人,本科,30,60,13
718,C++开发工程师（MAC),南京,1000-9999人,本科,20,35,12
719,桌面端研发工程师-抖音,广州,10000人以上,本科,30,60,15
720,C++开发工程师,杭州,1000-9999人,硕士,0,9999999,12
721,嵌入式/C/C++,西安,10000人以上,本科,0,9999999,12
722,嵌入式/C/C++,南京,10000人以上,本科,0,9999999,12
723,C/C++工程师,深圳,10000人以上,本科,0,9999999,12
724,C++开发工程师,北京,10000人以上,本科,13,40,12
725,C++/嵌入式工程师/线上远程面试+全额社保+双休,北京,10000人以上,本科,15,30,14
726,软件工程师-分布式存储,北京,100-499人,本科,0,9999999,0
727,C++,杭州,10000人以上,学历不限,15,25,12
728,C++/嵌入式/线上远程面试+全额社保+双休,北京,10000人以上,本科,15,30,14
729,C++/嵌入式/线上远程面试+全额社保+双休,成都,10000人以上,本科,15,30,14
730,C++/嵌入式/线上远程面试+全额社保+双休,深圳,10000人以上,本科,15,30,14
731,C++/嵌入式/线上远程面试/全额社保+双休,武汉,10000人以上,本科,15,30,14
732,C/C++，java，python，JS开发、软件测试,南京,10000人以上,本科,15,35,15
733,C++/嵌入式/线上远程面试+全额社保+双休,西安,10000人以上,本科,15,30,14
734,软件开发【C/C++/Python/rust/go】不限经验,杭州,10000人以上,本科,13,30,14
735,c++,北京,20-99人,本科,25,50,13
736,软件开发【C/C++/Python/rust/go】不限经验,上海,10000人以上,本科,13,30,14
737,软件开发【C/C++/Python/rust/go】不限经验,东莞,10000人以上,本科,13,30,14
738,软件开发工程师【C、C++】不限经验,东莞,10000人以上,本科,15,30,14
739,桌面端研发工程师-抖音,深圳,10000人以上,本科,30,60,15
740,C++/Python软件工程师,杭州,1000-9999人,硕士,0,9999999,12
741,软件开发工程师【C、C++】不限经验,上海,10000人以上,本科,15,30,14
742,C/C++,杭州,10000人以上,本科,20,30,16
743,C++开发工程师,上海,10000人以上,本科,15,40,13
744,上海od招聘：C/C++、鸿蒙操作系统开发方向,上海,10000人以上,本科,20,40,12
745,C++,上海,10000人以上,本科,20,40,12
746,华为软件工程师,武汉,10000人以上,本科,16,35,15
747,C++,南京,10000人以上,学历不限,15,25,12
748,C/C++软件开发工程师,深圳,10000人以上,本科,13,29,14
749,嵌入式软件开发工程师,深圳,10000人以上,本科,12,28,14
750,C/C++软件开发（上海海思）,西安,10000人以上,本科,12,27,14
751,软件开发工程师（C++通用/嵌入式）,深圳,10000人以上,本科,15,30,16
752,C/C++，java，python，JS开发、软件测试,成都,10000人以上,本科,15,35,15
753,C++软件开发工程师（华为海思）,北京,10000人以上,本科,15,35,15
754,C++软件开发工程师（昇腾计算）,北京,10000人以上,本科,10,15,14
755,c++,上海,20-99人,本科,25,50,13
756,C/C++开发工程师-线上面试,上海,10000人以上,本科,10,35,14
757,C/C++开发工程师-线上面试,杭州,10000人以上,本科,10,35,14
758,C/C++开发工程师-线上面试,成都,10000人以上,本科,10,35,14
759,C/C++开发工程师-线上面试,武汉,10000人以上,本科,10,35,14
760,C/C++开发工程师-线上面试,西安,10000人以上,本科,10,35,14
761,c++开发工程师,北京,10000人以上,本科,12,45,16
762,c++开发工程师,深圳,10000人以上,本科,12,45,16
763,c++开发工程师,杭州,10000人以上,本科,12,45,16
764,c++开发工程师,南京,10000人以上,本科,12,45,16
765,c++开发工程师,成都,10000人以上,本科,12,45,16
766,c++开发工程师,西安,10000人以上,本科,12,45,16
767,C++,成都,10000人以上,学历不限,15,25,12
768,c++开发工程师,武汉,10000人以上,本科,15,45,14
769,软件开发工程师,东莞,10000人以上,本科,11,40,14
770,C、C++软件开发工程师,西安,10000人以上,本科,10,30,15
771,c++开发工程师,深圳,10000人以上,本科,14,40,16
772,C/C++，java，python，JS开发、软件测试,武汉,10000人以上,本科,15,35,15
773,c++开发工程师,西安,10000人以上,本科,14,40,16
774,c++开发工程师,北京,10000人以上,本科,14,40,16
775,C++,北京,20-99人,硕士,30,60,12
776,c++开发工程师,上海,10000人以上,本科,14,40,16
777,c++开发工程师,杭州,10000人以上,本科,14,40,16
778,c++开发工程师,成都,10000人以上,本科,14,40,16
779,c++开发工程师,武汉,10000人以上,本科,14,40,16
780,音视频媒体开发工程师,深圳,10000人以上,本科,15,35,14
781,OpenHarmony通用软件开发工程师,西安,10000人以上,本科,15,30,14
782,C++,深圳,10000人以上,本科,12,30,14
783,C/C++开发工程师,上海,10000人以上,本科,16,35,16
784,C/C++开发工程师,深圳,10000人以上,本科,16,35,16
785,C/C++开发工程师,南京,10000人以上,本科,16,35,16
786,软件研发,武汉,10000人以上,本科,18,30,15
787,C++,武汉,10000人以上,学历不限,15,25,12
788,C++开发工程师,北京,10000人以上,本科,15,30,16
789,C/C++软件开发工程师,深圳,10000人以上,本科,12,30,15
790,C++开发工程师,深圳,10000人以上,本科,10,35,16
791,软件开发工程师,西安,10000人以上,本科,0,9999999,12
792,C/C++，java，python，JS开发、软件测试,西安,10000人以上,本科,15,35,15
793,软件开发工程师,上海,10000人以上,本科,0,9999999,12
794,软件开发工程师,深圳,10000人以上,本科,0,9999999,12
795,高频策略研究开发工程师,北京,20-99人,本科,40,70,15
796,软件开发工程师,广州,10000人以上,本科,0,9999999,12
797,软件开发,杭州,10000人以上,本科,15,35,14
798,C++开发工程师,深圳,10000人以上,本科,15,40,14
799,C/C++开发工程师,深圳,10000人以上,本科,10,15,14
800,C/C++开发工程师,西安,10000人以上,本科,15,30,14
801,软件开发工程师,武汉,10000人以上,本科,0,9999999,12
802,华为OD 软件开发工程师(JAVA/C++/C/Python/JS),杭州,10000人以上,本科,16,30,16
803,软件开发工程师,北京,10000人以上,本科,15,30,14
804,软件开发工程师,上海,10000人以上,本科,15,30,12
805,软件开发工程师,长沙,10000人以上,本科,15,30,12
806,软件开发工程师,南京,10000人以上,本科,15,30,14
807,C++,西安,10000人以上,学历不限,15,25,12
808,软件开发工程师,成都,10000人以上,本科,15,30,14
809,软件开发工程师,西安,10000人以上,本科,15,30,14
810,软件开发工程师,杭州,10000人以上,本科,15,30,14
811,软件开发工程师,深圳,10000人以上,本科,15,30,14
812,C/C++，java，python，JS开发、软件测试,上海,10000人以上,本科,15,35,15
813,软件开发工程师,深圳,10000人以上,本科,15,30,15
814,嵌入式软件开发,武汉,10000人以上,本科,18,45,16
815,通用软件研发工程师（智能驾驶业务）,深圳,10000人以上,本科,15,35,14
816,人工智能高级工程师（C++）,深圳,10000人以上,本科,20,40,14
817,C++后端开发工程师,深圳,10000人以上,本科,12,35,14
818,C++,上海,10000人以上,本科,12,40,14
819,C++,深圳,10000人以上,本科,12,40,14
820,C++,杭州,10000人以上,本科,12,40,14
821,C++,西安,10000人以上,本科,12,40,14
822,C++,成都,10000人以上,本科,12,40,14
823,C++,南京,10000人以上,本科,12,40,14
824,C++,武汉,10000人以上,本科,12,40,14
825,C++,东莞,10000人以上,本科,12,40,14
826,通用软件开发工程师,杭州,10000人以上,本科,15,40,14
827,C++,东莞,10000人以上,学历不限,15,25,12
828,c++开发工程师,南京,10000人以上,本科,14,40,16
829,C++软件开发,深圳,10000人以上,本科,15,30,14
830,C++软件开发,南京,10000人以上,本科,15,30,14
831,C++软件开发,杭州,10000人以上,本科,15,30,14
832,C/C++，java，python，JS开发、软件测试,广州,10000人以上,本科,15,35,15
833,C++软件开发,东莞,10000人以上,本科,15,30,14
834,C++后端工程师,南京,10000人以上,本科,18,30,14
835,C++后端工程师,上海,10000人以上,本科,18,30,14
836,C++后端工程师,杭州,10000人以上,本科,18,30,14
837,C++后端工程师,北京,10000人以上,本科,18,30,14
838,C++后端工程师,西安,10000人以上,本科,18,30,14
839,软件开发,杭州,10000人以上,本科,14,30,14
840,软件开发,西安,10000人以上,本科,14,30,14
841,软件开发,东莞,10000人以上,本科,14,30,14
842,C/C++开发工程师,深圳,10000人以上,本科,15,30,15
843,c/c++,深圳,10000人以上,本科,15,25,14
844,c/c++,南京,10000人以上,本科,15,25,14
845,c/c++,杭州,10000人以上,本科,15,25,14
846,c/c++,长沙,10000人以上,本科,15,25,14
847,C开发,北京,10000人以上,本科,15,25,12
848,软件开发工程师,西安,10000人以上,学历不限,15,40,12
849,C/C++/Python软件开发工程师,西安,10000人以上,本科,15,40,13
850,无线推荐算法,西安,10000人以上,本科,15,40,13
851,通用软件开发工程师,西安,10000人以上,本科,15,40,13
852,C/C++，java，python，JS开发、软件测试,深圳,10000人以上,本科,15,35,15
853,5G无线软件工程师,西安,10000人以上,本科,15,40,13
854,软件开发工程师,西安,10000人以上,本科,16,35,16
855,软件开发工程师（JAVA/C++/Python/Android/IOS/JS）,深圳,10000人以上,本科,0,9999999,12
856,软件开发工程师（python/JS/C/C++/GO/测试）,北京,10000人以上,本科,13,30,14
857,C/C++开发工程师,北京,10000人以上,本科,15,30,14
858,C/C++开发工程师,上海,10000人以上,本科,15,30,14
859,C/C++开发工程师,深圳,10000人以上,本科,15,30,14
860,C/C++开发工程师,杭州,10000人以上,本科,15,30,14
861,C++开发,南京,10000人以上,本科,15,30,16
862,C++开发,成都,10000人以上,本科,15,30,16
863,C++开发,西安,10000人以上,本科,15,30,16
864,高级软件开发工程师,西安,10000人以上,本科,15,40,13
865,C/C++/Python软件开发工程师,西安,10000人以上,本科,15,40,13
866,无线推荐算法,西安,10000人以上,本科,15,40,13
867,C开发,上海,10000人以上,本科,15,25,12
868,5G无线软件工程师,西安,10000人以上,本科,15,40,13
869,软件开发工程师,西安,10000人以上,本科,15,40,13
870,高级软件开发工程师,西安,10000人以上,本科,15,40,13
871,C/C++/Python软件开发工程师,西安,10000人以上,本科,15,40,13
872,C++,深圳,10000人以上,本科,10,40,14
873,5G无线软件工程师,西安,10000人以上,本科,15,40,13
874,高级软件开发工程师,西安,10000人以上,本科,15,40,13
875,C/C++/Python软件开发工程师,西安,10000人以上,本科,15,40,13
876,无线推荐算法,西安,10000人以上,本科,15,40,13
877,高级软件开发工程师,西安,10000人以上,本科,15,40,13
878,C/C++/Python软件开发工程师,西安,10000人以上,本科,15,40,13
879,无线推荐算法,西安,10000人以上,本科,15,40,13
880,底层驱动开发工程师,西安,10000人以上,本科,15,40,13
881,C/C++/Python软件开发工程师,西安,10000人以上,本科,20,30,12
882,高级软件开发工程师,西安,10000人以上,本科,20,30,12
883,通用软件开发工程师,西安,10000人以上,本科,15,40,12
884,通用软件开发工程师,西安,10000人以上,本科,15,40,13
885,高级软件开发工程师,西安,10000人以上,本科,15,40,13
886,底层驱动开发工程师,西安,10000人以上,本科,15,40,13
887,C开发,广州,10000人以上,本科,15,25,12
888,5G无线软件工程师,西安,10000人以上,本科,15,40,13
889,高级软件开发工程师,西安,10000人以上,本科,15,40,13
890,高级软件开发工程师,西安,10000人以上,本科,15,40,13
891,无线推荐算法,西安,10000人以上,本科,15,40,13
892,c++软件开发,成都,10000人以上,本科,15,40,14
893,通用软件开发工程师,西安,10000人以上,本科,15,40,13
894,高级软件开发工程师,西安,10000人以上,本科,15,40,13
895,C/C++/Python软件开发工程师,西安,10000人以上,本科,15,40,13
896,5G无线软件工程师,西安,10000人以上,本科,15,40,13
897,软件开发工程师,西安,10000人以上,本科,15,40,13
898,C++,深圳,10000人以上,本科,10,35,16
899,C++,成都,10000人以上,本科,10,35,16
900,软件开发工程师,东莞,10000人以上,本科,15,30,14
901,软件开发工程师,武汉,10000人以上,本科,15,30,14
902,嵌入式软件开发高级工程师,西安,10000人以上,本科,0,9999999,12
903,通用软件开发工程师,北京,10000人以上,本科,10,30,14
904,通用软件开发工程师,西安,10000人以上,本科,15,40,13
905,软件开发工程师,西安,10000人以上,本科,20,30,14
906,无线算法工程师,西安,10000人以上,本科,15,30,14
907,C语言,上海,10000人以上,本科,15,25,12
908,5G EBO创新业务软件开发工程师,西安,10000人以上,本科,15,30,14
909,c/c++,成都,10000人以上,本科,15,25,14
910,c/c++,东莞,10000人以上,本科,15,25,14
911,软件开发,西安,10000人以上,本科,10,30,16
912,通用软件开发工程师,武汉,10000人以上,本科,18,30,14
913,C++软件工程师,武汉,10000人以上,学历不限,15,20,12
914,C语言,深圳,10000人以上,本科,15,25,12
915,C语言,广州,10000人以上,本科,15,25,12
916,C语言,杭州,10000人以上,本科,15,25,12
917,C语言,南京,10000人以上,本科,15,25,12
918,C语言,成都,10000人以上,本科,15,25,12
919,C语言,武汉,10000人以上,本科,15,25,12
920,C语言,西安,10000人以上,本科,15,25,12
921,C语言,东莞,10000人以上,本科,15,25,12
922,C语言,北京,10000人以上,本科,15,25,12
923,C/C++,南京,10000人以上,本科,15,25,12
924,C/C++后台开发招聘,西安,10000人以上,本科,20,30,16
925,软件开发、后端开发、算法、测试、数据库开发等岗位,北京,10000人以上,本科,25,45,16
926,软件开发、后端开发、算法、测试、数据库开发等,上海,10000人以上,本科,25,50,16
927,软件开发工程师、算法工程师、数据库开发工程师、测试等,杭州,10000人以上,本科,25,45,16
928,软件开发、后端开发、算法、测试、数据库开发等,西安,10000人以上,本科,25,40,12
929,C/C++软件开发工程师,北京,10000人以上,本科,25,45,16
930,C++开发工程师,东莞,10000人以上,本科,20,30,16
931,C++开发工程师,长沙,10000人以上,本科,20,30,16
932,C++开发工程师,南京,10000人以上,本科,20,30,16
933,【OD】C++,广州,10000人以上,学历不限,14,30,16
934,软件开发,北京,10000人以上,本科,15,35,12
935,C/C++开发工程师,北京,10000人以上,本科,15,30,14
936,C/C++开发工程师,上海,10000人以上,本科,15,30,14
937,C/C++开发工程师,深圳,10000人以上,本科,15,30,14
938,C/C++开发工程师,南京,10000人以上,本科,15,30,14
939,C/C++开发工程师,武汉,10000人以上,本科,15,30,14
940,软件开发工程师（OD岗位）,东莞,10000人以上,本科,16,26,13
941,C++,广州,10000人以上,学历不限,15,30,13
942,底层软件高级工程师,西安,10000人以上,本科,15,30,12
943,基站软件高级工程师,西安,10000人以上,本科,15,30,12
944,5G 创新业务软件嵌入式软件工程师,西安,10000人以上,本科,15,30,12
945,软件开发/软件测试,东莞,10000人以上,本科,20,40,12
946,c/c++,上海,10000人以上,本科,15,25,14
947,C++,广州,10000人以上,学历不限,15,25,15
948,软件开发工程师,西安,10000人以上,本科,16,50,16
949,软件开发工程师,北京,10000人以上,本科,16,50,16
950,软件开发工程师,杭州,10000人以上,本科,16,50,16
951,软件开发工程师,深圳,10000人以上,本科,16,50,16
952,软件开发工程师,武汉,10000人以上,本科,16,50,16
953,C++,深圳,10000人以上,本科,15,35,14
954,C++,西安,10000人以上,本科,15,35,12
955,C++,上海,10000人以上,本科,15,35,12
956,[华为&&德科联合] C＋＋开发工程师,成都,10000人以上,本科,15,30,12
957,软件开发工程师,深圳,10000人以上,本科,15,25,12
958,软件开发工程师,武汉,10000人以上,本科,15,25,12
959,软件开发工程师,上海,10000人以上,本科,15,25,12
960,软件开发工程师,西安,10000人以上,本科,15,25,12
961,C++开发,上海,10000人以上,本科,3,13,12
962,C++软件开发工程师,西安,10000人以上,本科,15,30,12
963,软件开发工程师（C/C++/Java/Python/Go）,南京,10000人以上,本科,16,30,12
964,C++软件工程师,东莞,10000人以上,本科,15,25,12
965,C++,北京,10000人以上,本科,20,40,16
966,C++,上海,10000人以上,本科,20,40,16
967,C++,杭州,10000人以上,本科,20,40,16
968,C++,南京,10000人以上,本科,20,40,16
969,C++,武汉,10000人以上,本科,20,40,16
970,C++,东莞,10000人以上,本科,20,40,16
971,Java/C++/C/Python,成都,10000人以上,本科,12,24,14
972,Java/C++/C/Python,武汉,10000人以上,本科,12,24,14
973,Java/C++/C/Python,西安,10000人以上,本科,12,24,14
974,Java/C++/C/Python,东莞,10000人以上,本科,12,24,14
975,Java/C++/C/Python,北京,10000人以上,本科,12,24,14
976,Java/C++/C/Python,上海,10000人以上,本科,12,24,14
977,Java/C++/C/Python,深圳,10000人以上,本科,12,24,14
978,Java/C++/C/Python,杭州,10000人以上,本科,12,24,14
979,Java/C++/C/Python,南京,10000人以上,本科,12,24,14
980,软件开发工程师,北京,10000人以上,本科,16,30,12
981,软件开发工程师,上海,10000人以上,本科,16,30,12
982,开发工程师,上海,10000人以上,本科,16,30,12
983,开发工程师,深圳,10000人以上,本科,16,30,12
984,开发工程师,杭州,10000人以上,本科,16,30,12
985,软件开发工程师（C/C++/Java/Python/Go）,西安,10000人以上,本科,16,30,12
986,C++研发工程师,广州,10000人以上,学历不限,12,24,14
987,软件开发工程师,杭州,10000人以上,本科,0,9999999,12
988,C++,深圳,10000人以上,学历不限,15,40,12
989,C++,杭州,10000人以上,本科,15,35,12
990,C++,武汉,10000人以上,本科,15,35,12
991,C++,成都,10000人以上,本科,15,35,12
992,C++,北京,10000人以上,本科,15,35,12
993,C++,南京,10000人以上,本科,15,35,12
994,C++,深圳,10000人以上,本科,15,30,15
995,C++,东莞,10000人以上,本科,15,30,15
996,C++后端工程师,深圳,10000人以上,本科,18,30,14
997,C++软件开发工程师,东莞,10000人以上,本科,15,25,12
998,C++工程师,广州,10000人以上,本科,15,25,15
999,C++开发工程师,杭州,10000人以上,本科,20,40,16
1000,5G无线软件工程师,西安,10000人以上,本科,15,40,13
1001,C++,西安,10000人以上,本科,15,25,12
1002,C/C++软件开发工程师,深圳,10000人以上,本科,15,30,16
1003,C/C++软件开发工程师,西安,10000人以上,本科,15,30,16
1004,C/C++软件开发工程师,武汉,10000人以上,本科,15,30,16
1005,C/C++软件开发工程师,杭州,10000人以上,本科,15,30,16
1006,C/C++开发工程师,深圳,10000人以上,本科,11,25,14
1007,C++,西安,10000人以上,本科,0,9999999,0
1008,C++,西安,10000人以上,本科,14,25,14
1009,C++,西安,10000人以上,本科,15,30,14
1010,c++,杭州,10000人以上,本科,17,27,16
1011,C++,广州,10000人以上,学历不限,12,24,13
1012,C/C++,深圳,10000人以上,本科,15,30,16
1013,底层驱动开发工程师,西安,10000人以上,本科,15,40,13
1014,通用软件开发工程师,西安,10000人以上,本科,14,30,13
1015,软件开发工程师,北京,10000人以上,本科,15,30,16
1016,软件开发算法工程师（AI）,深圳,10000人以上,本科,17,35,16
1017,C/C++开发工程师,北京,10000人以上,本科,18,35,16
1018,软件开发工程师,西安,10000人以上,本科,15,40,13
1019,无线推荐算法,西安,10000人以上,本科,15,40,13
1020,华为&德科联合招聘（OD）,成都,10000人以上,本科,12,28,12
1021,C++,上海,10000人以上,本科,18,30,15
1022,无线推荐算法,西安,10000人以上,本科,15,40,13
1023,底层驱动开发工程师,西安,10000人以上,本科,15,40,13
1024,底层软件高级工程师,西安,10000人以上,本科,15,30,12
1025,软件开发工程师,西安,10000人以上,本科,20,40,16
1026,C++,西安,10000人以上,本科,15,30,14
1027,嵌入式软件开发高级工程师,西安,10000人以上,本科,15,30,14
1028,C++,东莞,10000人以上,本科,15,25,12
1029,C++,西安,10000人以上,本科,13,16,16
1030,无线推荐算法,西安,10000人以上,本科,15,40,13
1031,底层驱动开发工程师,西安,10000人以上,本科,15,40,13
1032,底层驱动开发工程师,西安,10000人以上,本科,15,40,13
1033,华为云计算--软件开发工程师C/C++,深圳,10000人以上,本科,15,30,15
1034,通用软件开发工程师,西安,10000人以上,本科,15,40,13
1035,C/C++/Python软件开发工程师,西安,10000人以上,本科,15,40,13
1036,C++,北京,10000人以上,本科,15,40,14
1037,华为-软件开发工程师-OD岗,深圳,10000人以上,本科,15,30,12
1038,软件开发工程师,西安,10000人以上,本科,15,40,13
1039,通用软件开发工程师,西安,10000人以上,本科,15,40,13
1040,软件开发工程师（OD）,西安,10000人以上,学历不限,0,9999999,12
1041,5G无线软件工程师,西安,10000人以上,本科,15,40,13
1042,软件开发工程师,西安,10000人以上,本科,15,40,13
1043,通用软件开发工程师,西安,10000人以上,本科,15,40,13
1044,通用软件开发工程师,西安,10000人以上,本科,15,40,13
1045,C/C++/Python软件开发工程师,西安,10000人以上,本科,15,40,13
1046,C++开发工程师,武汉,10000人以上,学历不限,15,30,12
1047,软件开发工程师-C++,杭州,10000人以上,本科,10,30,12
1048,软件开发工程师-C++,深圳,10000人以上,本科,10,30,12
1049,软件开发工程师,西安,10000人以上,本科,10,30,14
1050,软件开发工程师,深圳,10000人以上,本科,0,9999999,12
1051,软件工程师,东莞,10000人以上,本科,0,9999999,12
1052,软件开发工程师,上海,10000人以上,本科,20,35,16
1053,软件开发工程师,深圳,10000人以上,本科,20,35,16
1054,软件开发工程师,杭州,10000人以上,本科,20,35,16
1055,软件开发工程师,杭州,10000人以上,本科,13,26,12
1056,C++开发工程师,上海,10000人以上,本科,15,25,12
1057,C++开发工程师,西安,10000人以上,本科,15,25,12
1058,C++开发工程师-成都,成都,10000人以上,本科,15,25,14
1059,软件开发工程师-C/C++,深圳,10000人以上,本科,10,35,14
1060,软件开发、测试工程师,杭州,10000人以上,本科,15,40,14
1061,C/C++软件开发工程师,西安,10000人以上,本科,15,35,15
1062,C/C++软件开发工程师,北京,10000人以上,本科,15,35,15
1063,C++,深圳,10000人以上,本科,20,30,15
1064,软件开发,西安,10000人以上,本科,15,50,12
1065,软件开发工程师,杭州,10000人以上,本科,15,25,14
1066,服务器管理软件开发工程师,东莞,10000人以上,本科,0,9999999,12
