,0,1,2,3,4,5,6
0,数据分析师（2024）,北京,1000-9999人,本科,20,30,14
1,系统工程师2601,深圳,10000人以上,本科,0,9999999,0
2,数据分析师分析,南昌,20-99人,硕士,5,10,12
3,【2024校招】数据分析师,北京,500-999人,本科,18,26,15
4, 【2024届秋招】数据分析师,北京,1000-9999人,本科,12,16,14
5,游戏数据分析师【正式批专场】,北京,100-499人,学历不限,15,25,14
6,快手-数据分析师,北京,10000人以上,本科,20,30,16
7,Fintech培训生（数据分析挖掘方向）,上海,1000-9999人,本科,0,9999999,12
8,数据分析实习生-校招,上海,暂无,学历不限,10,25,12
9,数据分析师,天津,20-99人,本科,0,9999999,0
10,数据运营-HR方向,北京,1000-9999人,本科,15,25,14
11,数据分析,北京,1000-9999人,硕士,11,15,13
12,游戏数据分析-北京-2023Campus-春招,北京,1000-9999人,本科,8,12,12
13,数据分析师,北京,1000-9999人,学历不限,0,9999999,12
14,数据分析工程师【正式批专场】,北京,100-499人,学历不限,15,25,14
15,宏观金融数据分析师（实习）,上海,20-99人,本科,300,400,0
16,数据分析师,北京,暂无,本科,150,200,0
17,数据分析师实习生,北京,1000-9999人,本科,200,300,0
18,数据分析师（实习）只收愿意转正留下来的实习生,重庆,20-99人,本科,100,200,0
19,商业数据分析岗-实习,上海,0-20人,本科,250,400,0
20,数据分析师分析,北京,20-99人,学历不限,260,310,0
21,【日常实习】数据分析实习生,北京,10000人以上,本科,0,9999999,0
22,数据分析实习生(A247601),北京,100-499人,学历不限,400,600,0
23,数据分析师,深圳,20-99人,学历不限,180,260,0
24,数据分析师,北京,10000人以上,学历不限,220,400,0
25,户外数据分析,北京,1000-9999人,学历不限,230,400,0
26,数据分析师分析,上海,1000-9999人,本科,300,500,0
27,管培生（数据分析方向）,成都,20-99人,本科,200,250,0
28,数据分析师分析（实习）,南昌,20-99人,硕士,50,500,12
29,数据分析师,北京,1000-9999人,本科,300,500,0
30,数据分析师分析实习生-国际化短视频商业变现,上海,10000人以上,本科,140,190,0
31,金融数据分析实习生（上海）,上海,100-499人,硕士,200,250,0
32,24届秋储-数据分析实习生,北京,10000人以上,本科,200,250,0
33,数据分析师分析,北京,10000人以上,本科,300,500,0
34,数据分析师分析,深圳,1000-9999人,本科,260,500,0
35,数据分析师,北京,100-499人,本科,200,500,0
36,数据分析师,上海,暂无,本科,150,200,0
37,数据分析师实习生,深圳,1000-9999人,本科,200,300,0
38,数据分析师（实习）,重庆,20-99人,本科,100,200,12
39,商业数据分析岗(工程方向)-实习,上海,0-20人,本科,250,400,0
40,数据分析师分析,深圳,20-99人,学历不限,260,310,0
41,数据分析实习生,上海,1000-9999人,本科,280,500,0
42,数据分析师,北京,10000人以上,本科,260,510,0
43,InternforBusinessAnalysis,上海,1000-9999人,本科,160,180,0
44,百度研究院时空数据分析实习生招聘,北京,10000人以上,本科,250,300,0
45,户外数据分析,杭州,1000-9999人,学历不限,230,400,0
46,数据分析师分析,北京,1000-9999人,本科,300,500,0
47,数据分析岗,北京,1000-9999人,本科,70,120,0
48,数据分析师分析（实习）,沈阳,20-99人,硕士,50,500,12
49,数据分析师,上海,1000-9999人,本科,300,500,0
50,大数据分析实习生,北京,20-99人,本科,250,350,0
51,数据标注实习生（凌晨2点--早上9点）,上海,100-499人,本科,200,250,0
52,24届秋储-数据分析实习生,上海,10000人以上,本科,200,250,0
53,数据分析师分析,上海,10000人以上,本科,300,500,0
54,数据分析师 - BASE 上海,巴西,暂无,学历不限,120,170,0
55,数据核查实习生,上海,100-499人,本科,150,180,0
56,数据分析师,深圳,暂无,本科,150,200,0
57,数据分析师实习生,上海,1000-9999人,本科,200,300,0
58,数据分析师分析实习生,天津,1000-9999人,本科,130,200,0
59,解决方案分析员（实习生）,北京,100-499人,硕士,120,180,0
60,数据分析师分析,上海,20-99人,学历不限,260,310,0
61,数据分析师分析实习生（大会员）,上海,1000-9999人,本科,280,500,0
62,数据分析师,杭州,10000人以上,本科,260,510,0
63,数据分析实习生,杭州,100-499人,本科,200,350,0
64,【数据工程师】实习,上海,100-499人,本科,400,600,0
65,户外数据分析,深圳,1000-9999人,学历不限,230,400,0
66,数据分析师,上海,1000-9999人,本科,300,500,0
67,数据分析实习生-校招（实习）,上海,暂无,学历不限,200,500,12
68,大数据开发实习,合肥,10000人以上,硕士,100,150,0
69,【24实习】数据分析师,北京,1000-9999人,硕士,200,250,0
70,数据分析实习生,北京,100-499人,本科,150,160,0
71,数据分析实习生,上海,10000人以上,本科,100,150,0
72,数据分析实习生,北京,10000人以上,本科,240,300,0
73,数据分析师分析,南京,10000人以上,本科,300,500,0
74,数据分析实习生,北京,500-999人,硕士,300,300,0
75,数据分析实习生,上海,100-499人,本科,150,180,0
76,数据分析师分析,北京,10000人以上,硕士,300,500,0
77, 【贝壳招聘】2024秋招数据分析内推,北京,10000人以上,本科,200,500,0
78,AI训练员,广州,20-99人,大专,80,120,0
79,数据分析师- 气体数据分析与可视化（远程）,深圳,100-499人,本科,150,250,0
80,数据分析师分析,广州,20-99人,学历不限,260,310,0
81,哔哩哔哩_数据分析师分析实习生,上海,1000-9999人,本科,280,500,0
82,数据分析师,上海,10000人以上,本科,260,510,0
83,数据分析实习生（北京）-24届及以上可投,北京,10000人以上,硕士,200,300,0
84,电商数据分析实习生,上海,100-499人,本科,150,180,0
85,西安 信息化主管（国企正编 非实习）,上海,1000-9999人,本科,490,1000,0
86,数据分析师,北京,1000-9999人,本科,300,500,0
87,数据分析师,上海,10000人以上,本科,200,210,0
88,数据分析师分析（实习）,西安,1000-9999人,本科,200,210,0
89,数据分析师,北京,1000-9999人,本科,150,200,0
90,产品需求实习生,广州,100-499人,本科,180,270,0
91,BA商业数据分析师,上海,500-999人,本科,100,150,0
92,数据分析师,北京,500-999人,本科,170,220,0
93,数据分析师,北京,10000人以上,学历不限,230,360,0
94,数据分析师（实习）,杭州,100-499人,本科,250,350,0
95,广州数据分析师分析实习生,广州,100-499人,本科,150,200,0
96,【线下实习】数据分析师,上海,100-499人,本科,280,320,0
97,数据分析师,北京,10000人以上,本科,150,300,0
98,数据分析师（技术类）,上海,10000人以上,本科,300,400,0
99,数据分析师- 气体数据分析与可视化（远程）,成都,100-499人,本科,150,250,0
100,数据分析师分析,成都,20-99人,学历不限,260,310,0
101,数据分析师,上海,1000-9999人,学历不限,250,300,0
102,数据分析师,深圳,10000人以上,本科,260,510,0
103,数据分析实习生,北京,1000-9999人,本科,0,9999999,0
104,数据分析实习生,上海,500-999人,本科,180,200,0
105,商业分析师,成都,1000-9999人,学历不限,230,500,0
106,Intern for Business Analyst,上海,1000-9999人,本科,160,180,0
107,数据分析师分析,上海,10000人以上,本科,150,200,0
108,电商数据分析实习生（偏python）,上海,100-499人,本科,150,180,0
109,数据分析师,北京,1000-9999人,硕士,240,420,0
110,数据分析,深圳,10000人以上,本科,200,300,0
111,数据分析实习生,北京,10000人以上,本科,180,220,0
112,市场调研,天津,500-999人,本科,170,220,0
113,数据分析师,南京,10000人以上,学历不限,230,360,0
114,24届实习数据分析师,北京,10000人以上,学历不限,300,400,0
115,深圳数据分析师分析实习生,深圳,100-499人,本科,150,200,0
116,数据分析实习生,上海,100-499人,本科,300,350,0
117,【实习】【上海】美团优选商业分析实习生招聘,上海,10000人以上,本科,0,9999999,0
118,商业分析师,北京,1000-9999人,学历不限,230,500,0
119,数据分析师- 气体数据分析与可视化（远程）,北京,100-499人,本科,150,250,0
120,数据分析师,北京,10000人以上,学历不限,250,300,0
121,数据分析师,上海,1000-9999人,本科,250,270,0
122,快手数据分析师,北京,10000人以上,本科,300,350,0
123,快手国际化数据分析,北京,10000人以上,本科,200,400,0
124,数据科学,北京,10000人以上,本科,300,350,0
125,数据分析师- 气体数据分析与可视化（远程）,上海,100-499人,本科,150,250,0
126,数据分析师- 气体数据分析与可视化（远程）,广州,100-499人,本科,150,250,0
127,商业分析实习生,北京,10000人以上,本科,150,350,0
128,数据分析师,天津,500-999人,本科,170,220,0
129,数据分析]实习生-【快手】,北京,10000人以上,本科,200,400,0
130,杭州技术支持实习生,杭州,100-499人,本科,150,200,0
131,数据运营实习生,北京,10000人以上,本科,120,140,0
132,数据科学实习 - 快手海外DS中台急招,北京,10000人以上,本科,300,400,0
133,数据分析师,杭州,10000人以上,本科,25,50,15
134,数据分析师,北京,10000人以上,本科,24,25,16
135,商业分析专家,南京,1000-9999人,硕士,20,45,12
136,金融数据分析师,重庆,20-99人,本科,6,12,12
137,用户增长数据分析,上海,1000-9999人,本科,18,40,12
138,隐私计算算法工程师,杭州,1000-9999人,本科,18,40,12
139,数据分析师,广州,20-99人,本科,18,35,12
140,数据分析师,北京,20-99人,本科,20,30,13
141,（深圳）业务数据分析师,深圳,1000-9999人,本科,25,35,12
142,数据分析师分析,北京,暂无,大专,6,10,12
143,数据分析工程师,杭州,10000人以上,本科,14,30,14
144,数据分析师,佛山,1000-9999人,学历不限,6,16,12
145,数据分析师分析,广州,1000-9999人,本科,8,13,15
146,数据分析师,深圳,暂无,本科,0,9999999,0
147,数据分析,东莞,10000人以上,本科,9,20,12
148,数据分析师,上海,500-999人,本科,11,18,20
149,产品研究（偏数据分析）,北京,20-99人,本科,10,20,13
150,数据分析师,北京,10000人以上,本科,25,30,14
151,数据分析专员,南京,10000人以上,本科,0,9999999,0
152,金融业务研究员,杭州,10000人以上,本科,0,9999999,0
153,数据分析师,石家庄,0-20人,本科,4,6,12
154,高级数据分析师（流量分析方向）-【电商】,北京,10000人以上,本科,25,60,16
155,淘天技术-数据分析师科学-杭州,杭州,10000人以上,本科,0,9999999,12
156,需求分析工程师,重庆,20-99人,本科,6,12,12
157,海外用户增长数据分析师分析,上海,1000-9999人,本科,20,70,16
158,数据分析师,全国,20-99人,大专,6,9,12
159,数据分析师,深圳,20-99人,本科,18,35,12
160,数据分析师,北京,1000-9999人,本科,20,35,12
161,数据分析师分析,上海,暂无,本科,11,15,13
162,python开发工程师,上海,10000人以上,本科,15,35,16
163,基站软件高级工程师,西安,10000人以上,本科,15,30,16
164,数据分析师,佛山,1000-9999人,学历不限,5,9,12
165,BI数据分析专家,北京,1000-9999人,本科,0,9999999,12
166,数据分析师（社招）,北京,500-999人,本科,15,20,13
167,数据科学家-留学生专场,上海,500-999人,本科,20,40,12
168,数据分析师,深圳,1000-9999人,本科,18,30,14
169,数据分析师,北京,100-499人,本科,18,35,14
170,数据分析,济南,暂无,本科,6,12,12
171,数据分析师,珠海,20-99人,本科,18,35,12
172,金融业务研究员,上海,10000人以上,本科,0,9999999,0
173,数据分析师,东莞,20-99人,本科,18,35,12
174,快手数据分析,北京,10000人以上,本科,30,60,16
175,数据分析师开发/分析工程师（消息营销方向）,上海,1000-9999人,本科,0,9999999,12
176,数据分析师,北京,10000人以上,本科,20,30,16
177,数据分析师（社交方向）,上海,1000-9999人,本科,0,9999999,12
178,海外用户增长数据分析,上海,1000-9999人,本科,0,9999999,0
179,高级数据分析师（买家增长方向）-【电商】,北京,10000人以上,本科,20,40,16
180,数据分析师,上海,1000-9999人,学历不限,0,9999999,12
181,数据分析师,上海,1000-9999人,本科,0,9999999,12
182,数据分析师（消费者体验分析）,上海,1000-9999人,本科,20,40,16
183,数据分析师（物流方向）,上海,1000-9999人,本科,30,60,16
184,快手电商数据分析专家（C端产品分析方向）,北京,10000人以上,本科,0,9999999,12
185,数据分析师,上海,1000-9999人,本科,0,9999999,12
186,数据分析师,长沙,1000-9999人,本科,18,30,14
187,数据科学家（实习）,北京,500-999人,本科,6,10,12
