,0,1,2,3,4,5,6
0,系统运维工程师,深圳,100-499人,硕士,12,13,22
1,基础运维工程师,上海,20-99人,本科,0,9999999,12
2,风电光伏运维工程师,西宁,20-99人,大专,4,6,12
3,运维工程师,北京,10000人以上,本科,0,9999999,0
4,项目运维工程师（海外）,苏州,1000-9999人,本科,12,20,12
5,2024届校招-系统运维工程师,北京,500-999人,本科,0,9999999,12
6,应用系统运营维护岗位,北京,1000-9999人,硕士,17,24,12
7,系统运维工程师【2024届正式批专场】,北京,1000-9999人,学历不限,0,9999999,12
8,【2024届秋招】运维工程师,北京,1000-9999人,本科,12,16,14
9,主机运维工程师【正式批专场】,北京,100-499人,学历不限,0,9999999,12
10,国内售后技术支持,南京,1000-9999人,本科,0,9999999,12
11,Fintech培训生（技术支持方向）,上海,1000-9999人,本科,0,9999999,12
12,运维工程师,深圳,1000-9999人,本科,11,20,12
13,24届-运维工程师,上海,500-999人,学历不限,0,9999999,12
14,运维管理员,大连,100-499人,本科,10,20,12
15,SRE,北京,10000人以上,本科,0,9999999,12
16,主机运维,北京,100-499人,本科,10,20,14
17,HPC运维工程师（实习）,上海,20-99人,本科,150,500,12
18,运维工程师工程师,苏州,20-99人,本科,200,250,0
19,见习运维工程师,广州,100-499人,本科,100,150,0
20,2024实习-应用运维工程师（北京）,北京,1000-9999人,本科,0,9999999,0
21,风电光伏运维工程师（实习）,西宁,20-99人,大专,200,500,12
22,系统研发实习生-大数据方向,北京,10000人以上,学历不限,250,300,0
23,运维实习生,武汉,1000-9999人,本科,120,200,0
24,运维实习生,上海,100-499人,本科,160,240,0
25,Linux运维实习生,无锡,20-99人,本科,40,90,0
26,运维实习生-2024届,南京,10000人以上,本科,230,230,0
27,软件实施,石家庄,10000人以上,本科,100,150,0
28,网络运维工程师实习生,广州,100-499人,本科,100,200,0
29, 数据中心运维技术支持工程师实习岗,北京,10000人以上,本科,190,300,0
30,运维工程师（实习）,上海,20-99人,本科,200,300,0
31,运维工程师,北京,1000-9999人,学历不限,120,200,0
32,服务器运维实习生（杭州）,杭州,暂无,大专,120,130,0
33,实施顾问实习生,北京,1000-9999人,本科,190,200,0
34,应用运维岗-2024届,杭州,1000-9999人,本科,180,230,0
35,运维工程师,杭州,1000-9999人,本科,180,220,0
36,运维工程师,杭州,1000-9999人,学历不限,140,160,0
37,运维工程师,成都,暂无,大专,150,250,0
38,运维工程师,广州,20-99人,大专,200,250,0
39,混合云运维工程师实习生-存储,北京,10000人以上,本科,400,500,0
40,运维工程师,上海,100-499人,本科,150,200,0
41,主机运维（实习）,北京,100-499人,本科,300,400,0
42,实习生(研究生/即将读研/3个月及以上/上市公司/实习证明）,南昌,1000-9999人,本科,120,150,0
43,运维开发实习生,北京,暂无,本科,500,1000,0
44,IT实习生,上海,1000-9999人,学历不限,150,200,0
45,核心研发平台-运维实习生-合肥,合肥,10000人以上,本科,80,120,0
46,运维实习生-24届,杭州,1000-9999人,本科,170,200,0
47,质量工程师（YJ202215）（扬州）（实习）,扬州,500-999人,本科,200,500,12
48,运维交付工程师（校招）（实习）,深圳,100-499人,本科,200,300,16
49, 数据中心运维技术支持工程师实习岗,廊坊,10000人以上,本科,190,300,0
50,实施运维,重庆,20-99人,本科,120,170,0
51,运维工程师实习生,北京,1000-9999人,学历不限,120,250,0
52,Devops工程师,北京,20-99人,本科,500,1000,0
53,【实习】业务运维工程师,深圳,1000-9999人,本科,200,600,0
54,云计算运维实习生（成都）,上海,100-499人,本科,150,200,0
55,运维开发工程师,杭州,100-499人,本科,140,160,0
56,运维工程师,深圳,20-99人,大专,200,250,0
57,云计算运维实习生,上海,100-499人,本科,200,250,0
58,高级运维工程师-T002,成都,1000-9999人,本科,0,9999999,12
59,运维工程师,广州,20-99人,本科,12,14,14
60,运维工程师,深圳,10000人以上,本科,0,9999999,12
61,运维工程师,上海,20-99人,学历不限,10,18,13
62,基础运维工程师,上海,20-99人,本科,12,24,12
63,运维工程师,上海,20-99人,本科,15,20,12
64,运维工程师,无锡,1000-9999人,本科,11,20,13
65,运维工程师,杭州,10000人以上,本科,15,24,12
66,运维工程师,深圳,10000人以上,本科,18,30,14
67,桌面运维工程师,上海,20-99人,本科,10,15,24
68,云平台部署工程师,上海,1000-9999人,本科,12,18,13
69,运维工程师,北京,500-999人,本科,12,18,12
70,国内售后技术支持工程师,厦门,1000-9999人,本科,0,9999999,12
71,云计算技术支持工程师（亚马逊云）,北京,100-499人,本科,20,40,12
72,交易运维工程师,上海,20-99人,本科,20,40,15
73,高级IT运维工程师,深圳,10000人以上,大专,12,20,12
74,高级运维工程师,深圳,暂无,本科,20,30,14
75,运维工程师,广州,100-499人,本科,12,20,15
76,交易运维工程师,北京,20-99人,本科,18,25,16
77,运维工程师(J10099),北京,1000-9999人,本科,8,12,14
78,运维工程师,北京,10000人以上,学历不限,0,9999999,12
79,运维开发工程师【德科od岗】,北京,10000人以上,本科,15,40,16
80,运维工程师,杭州,10000人以上,本科,0,9999999,12
81,售后实施工程师,北京,20-99人,本科,8,10,12
82,Linux运维工程师,北京,100-499人,本科,15,25,14
83,网络运维工程师-青岛,青岛,100-499人,大专,4,8,13
84,运维工程师,南京,1000-9999人,本科,11,20,13
85,实验室管理,东莞,10000人以上,大专,8,16,12
86,运维工程师,北京,10000人以上,本科,18,30,14
87,应用运维工程师,上海,20-99人,硕士,0,9999999,12
88,Linux运维（大数据平台/ELK/英语流利）,上海,1000-9999人,本科,15,18,13
89,运维工程师,西安,100-499人,本科,8,12,12
90,DBA工程师,深圳,100-499人,本科,10,15,12
91,Cloud Support Engineer,北京,100-499人,本科,20,40,12
92,K8S运维工程师,上海,20-99人,硕士,20,80,12
93,运维工程师,南通,暂无,大专,4,7,12
94,【2023年应届生】云计算系统工程师,广州,1000-9999人,本科,0,9999999,12
95,网络工程师（海外）,厦门,1000-9999人,大专,10,15,12
96,IT运维安全技术岗,北京,20-99人,学历不限,0,9999999,12
97,运维工程师,重庆,20-99人,大专,5,6,13
98,IT 基础架构工程师（系统及软件方向）,上海,100-499人,本科,20,40,15
99,高级运维工程师工程师,北京,1000-9999人,本科,25,35,12
100,集成工程师,上海,10000人以上,本科,24,34,16
101,运维工程师（宁波）,宁波,100-499人,本科,12,18,12
102,运维工程师,广州,100-499人,本科,7,11,14
103,IT基础设施经理（运维经理）,深圳,1000-9999人,本科,30,50,14
104,网络运维工程师,上海,500-999人,本科,6,11,13
105,DCEO（电气运维）,廊坊,10000人以上,学历不限,13,18,12
106,运维工程师,上海,10000人以上,本科,18,30,14
107,（深圳）云计算网络工程师,深圳,1000-9999人,本科,15,25,13
108,数据库技术顾问-石家庄,石家庄,500-999人,本科,6,10,14
109,运维工程师,上海,500-999人,本科,11,18,20
110,SRE工程师-边缘计算,北京,10000人以上,硕士,28,50,15
111,应用运维工程师(公共服务方向),北京,500-999人,本科,20,30,14
112,运维工程师,南京,10000人以上,本科,18,30,14
113,运维工程师,西安,10000人以上,本科,18,30,14
114,云解决方案工程师,深圳,10000人以上,学历不限,12,26,12
115,运维工程师,杭州,10000人以上,本科,18,30,14
116,云服务运维开发工程师,西安,10000人以上,本科,15,30,12
117,运维工程师,上海,100-499人,本科,10,15,14
118,数据库技术顾问-西宁,西宁,500-999人,本科,5,8,14
119,数据库技术顾问-乌鲁木齐,乌鲁木齐,500-999人,本科,5,8,14
120,数据库技术顾问-昆明,昆明,500-999人,本科,6,9,14
