,0,1,2,3,4,5,6
0,2024校招-前端开发工程师,北京,1000-9999人,本科,25,35,13
1,前端开发,北京,500-999人,本科,12,25,14
2,前端工程师,北京,10000人以上,本科,0,9999999,0
3,前端工程师,上海,20-99人,学历不限,8,15,12
4,前端工程师开发工程师,北京,10000人以上,学历不限,20,25,16
5,前端工程师,深圳,10000人以上,本科,0,9999999,0
6,前端工程师,上海,暂无,本科,9,10,12
7,前端开发工程师,北京,100-499人,本科,15,25,14
8,创新软件开发工程师,南京,10000人以上,本科,18,26,14
9,前端工程师（2024）,北京,1000-9999人,本科,15,30,14
10,北京-商业研发部前端方向,北京,10000人以上,学历不限,0,9999999,12
11,前端工程师,北京,10000人以上,本科,0,9999999,12
12,（2024应届生）前端工程师(J11080),上海,1000-9999人,本科,15,25,14
13,前端工程师,深圳,100-499人,本科,16,26,15
14,前端工程师开发,杭州,10000人以上,本科,15,30,12
15,前端开发工程师-2024届,上海,100-499人,本科,11,28,13
16,前端开发工程师,南京,1000-9999人,本科,0,9999999,12
17,前端工程师,上海,1000-9999人,学历不限,15,30,14
18,2024届校招——前端工程师（实习）,深圳,1000-9999人,硕士,0,9999999,12
19,实习生,石家庄,100-499人,大专,3,4,12
20,数据可视化工程师（高级）,北京,0-20人,本科,25,35,12
21,前端开发工程师校招,深圳,10000人以上,本科,0,9999999,12
22,前端工程师,杭州,10000人以上,本科,0,9999999,0
23,前端软件开发工程师,北京,500-999人,本科,7,9,15
24,IC前端设计工程师(MJ000072),深圳,100-499人,硕士,20,25,15
25,2023届校招-前端工程师,北京,1000-9999人,本科,15,25,14
26,前端工程师,上海,暂无,本科,9,10,12
27,创新实验室软件工程师（前端）,南京,10000人以上,本科,17,26,14
28,创新实验室软件工程师（前端）,北京,10000人以上,本科,18,28,14
29,前端工程师,北京,10000人以上,学历不限,9,19,12
30,前端工程师,上海,1000-9999人,学历不限,15,30,14
31,前端工程师开发实习生,北京,0-20人,本科,200,350,0
32,前端开发工程师,厦门,500-999人,大专,150,300,0
33,前端开发实习生,深圳,100-499人,本科,220,270,0
34,前端开发师,北京,1000-9999人,学历不限,200,400,0
35,前端开发师,深圳,10000人以上,学历不限,200,250,0
36,前端开发暑期实习&秋招（24届内推）,上海,100-499人,硕士,150,300,0
37,前端工程师 - 25届实习 - Leader直聘 - 商业化营销科学,北京,10000人以上,本科,400,410,0
38,前端实习生,深圳,20-99人,本科,150,200,0
39,前端开发实习生,北京,100-499人,本科,250,300,0
40,前端开发实习生,北京,100-499人,本科,200,250,0
41,LAZADA-2024届早鸟计划-前端开发工程师-广告&搜索-北京（实习）,北京,10000人以上,硕士,200,500,0
42,见习前端开发工程师,广州,100-499人,本科,100,150,0
43,【日常实习】软件开发工程师,北京,10000人以上,本科,0,9999999,0
44,前端工程师实习生,杭州,20-99人,本科,300,400,0
45,前端开发实习生（react方向）,北京,20-99人,本科,250,300,0
46,提前批-前端开发实习生（可转正）(J13764),北京,1000-9999人,硕士,150,250,0
47,前端工程师（实习）,杭州,0-20人,本科,150,250,0
48,前端工程师开发工程师,北京,500-999人,本科,200,250,0
49,前端工程师,深圳,20-99人,学历不限,180,260,0
50,数据可视化技术开发工程师,厦门,1000-9999人,本科,120,150,0
51,2024实习-前端工程师,北京,1000-9999人,本科,0,9999999,0
52,前端开发工程师,北京,500-999人,大专,150,300,0
53,前端工程师开发实习生,深圳,100-499人,本科,300,500,0
54,前端开发师,上海,1000-9999人,学历不限,200,400,0
55,前端开发师,上海,10000人以上,学历不限,200,250,0
56,前端开发暑期实习&秋招（24届内推）,上海,100-499人,硕士,150,300,0
57,前端工程师（实习）,上海,暂无,本科,200,300,12
58,前端工程师开发工程师（实习）,北京,100-499人,本科,200,500,14
59,前端实习生,无锡,20-99人,本科,40,90,0
60,24届秋储-前端研发实习生-移动端方向,北京,10000人以上,本科,200,250,0
61,前端工程师,杭州,20-99人,本科,150,300,0
62,前端工程师实习生(A9659),北京,10000人以上,本科,250,400,0
63,前端工程师开发,北京,10000人以上,学历不限,70,300,0
64,前端工程师,天津,10000人以上,本科,200,500,0
65,前端开发实习生,杭州,100-499人,本科,250,300,0
66,前端实习生,杭州,1000-9999人,本科,150,200,0
67,前端工程师,北京,10000人以上,本科,200,350,0
68,前端开发实习生,上海,500-999人,本科,250,280,0
69,前端工程师,成都,20-99人,学历不限,180,260,0
70,软件前端实习生,南京,10000人以上,本科,200,300,0
71,前端开发实习生,深圳,1000-9999人,学历不限,200,300,0
72,前端开发工程师,上海,500-999人,大专,150,300,0
73,XY本地测试-面试类型模式(J12170),呼和浩特,1000-9999人,硕士,0,9999999,0
74,前端开发师,深圳,1000-9999人,学历不限,200,400,0
75,前端开发师,北京,10000人以上,学历不限,200,250,0
76,前端工程师实习生,北京,1000-9999人,硕士,350,450,0
77,前端开发工程师-实习,上海,500-999人,本科,180,250,0
78,前端工程师工程-淘宝天猫集团-电商核心,杭州,10000人以上,本科,400,500,0
79,前端开发实习生,厦门,1000-9999人,本科,100,120,0
80,24届秋储-安全开发实习生（Web端）-SSTG,北京,10000人以上,本科,200,250,0
81,前端工程师实习工程师,北京,20-99人,本科,100,200,0
82,COBOL实习生,大连,10000人以上,本科,90,110,0
83,字节跳动-组内直招-实习内推-前端开发工程师,北京,10000人以上,本科,10,1000,0
84,前端工程师,成都,10000人以上,本科,200,500,0
85,B端技术-前端开发实习生,上海,1000-9999人,本科,300,400,0
86,前端开发工程师,雄安新区,100-499人,本科,80,100,0
87,前端开发工程师（24届实习生）,广州,1000-9999人,本科,200,450,0
88,前端工程师（2024届）,广州,10000人以上,硕士,110,120,0
89,前端开发工程师,北京,10000人以上,本科,350,400,0
90,开源前端实习工程师,北京,100-499人,本科,150,200,0
91,前端开发实习生,上海,1000-9999人,学历不限,200,300,0
92,前端开发工程师,广州,500-999人,大专,150,300,0
93,2024实习-前端工程师（北京、成都、大连）(J13980),大连,1000-9999人,本科,0,9999999,0
94,前端开发工程师,杭州,1000-9999人,学历不限,200,400,0
95,前端开发师,广州,10000人以上,学历不限,200,250,0
96,前端开发工程师（美团·北京|上海）实习可转正 2024毕业,北京,10000人以上,本科,350,360,0
97,[2024届-深圳]前端工程师开发实习生,深圳,1000-9999人,本科,220,300,0
98,前端工程师工程-淘宝天猫集团-电商核心,广州,10000人以上,本科,400,500,0
99,前端工程师（实习）,上海,暂无,本科,150,200,12
100,前端开发实习生,上海,500-999人,本科,180,200,0
101,质量效能研发组_前端开发实习生,上海,10000人以上,本科,200,250,0
102,前端实习生,深圳,20-99人,本科,150,300,0
103,前端工程师,杭州,10000人以上,学历不限,400,410,0
104,前端实习生（武汉）,武汉,100-499人,本科,150,250,0
105,前端开发实习生,北京,20-99人,本科,300,400,0
106,软件开发实习生,北京,10000人以上,本科,160,200,0
107,前端开发工程师（24届实习生）,北京,1000-9999人,本科,200,450,0
108,前端开发工程师,成都,暂无,大专,150,250,0
109,前端工程实习-AIGC方向,杭州,20-99人,本科,200,400,0
110,增长效能部-前端研发实习生,北京,10000人以上,本科,240,300,0
111,Web前端开发工程师,上海,10000人以上,本科,100,300,0
112,前端开发工程师,深圳,500-999人,大专,150,300,0
113,前端开发实习生（石家庄）,石家庄,100-499人,本科,100,150,0
114,前端开发工程师,北京,1000-9999人,学历不限,200,400,0
115,前端开发工程师 - 增长实验室（实习）,杭州,1000-9999人,大专,200,500,0
116,前端工程师实习生,武汉,20-99人,本科,60,150,0
117,数据可视化工程师（高级）（实习）,北京,0-20人,本科,200,500,12
118,前端工程师工程-淘宝天猫集团-电商核心,深圳,10000人以上,本科,400,500,0
119,前端开发实习生,上海,100-499人,本科,250,300,0
120, 【2024届贝壳】前端工程师内推,北京,10000人以上,本科,10,500,0
121,问一问法律前端实习生,北京,10000人以上,本科,300,350,0
122,前端工程师（实习）,北京,1000-9999人,本科,200,500,12
123,【字节跳动】前端开发实习生-抖音支付,深圳,10000人以上,本科,390,400,0
124,前端工程师,杭州,100-499人,本科,150,250,0
125,前端开发工程师,上海,1000-9999人,本科,200,400,0
126,2024实习-前端工程师（北京、成都、大连）(J13980),大连,1000-9999人,本科,0,9999999,0
127,前端开发工程师,武汉,1000-9999人,本科,150,200,0
128,前端开发实习（小程序）,深圳,0-20人,本科,150,200,0
129,前端开发实习生-大连,大连,1000-9999人,本科,200,300,0
130,用户体验技术-前端研发实习生,北京,10000人以上,本科,240,300,0
131,前端开发实习生(T3537),杭州,20-99人,学历不限,300,500,0
132,前端开发工程师,杭州,500-999人,大专,150,300,0
133,Web前端工程师,杭州,20-99人,本科,150,180,0
134,前端实习 - 岗位多急招,北京,1000-9999人,本科,150,300,0
135,【急招】前端开发工程师-品牌零售方向,杭州,1000-9999人,本科,200,400,0
136,前端开发实习生,上海,1000-9999人,本科,300,800,0
137,Web前端开发工程师,北京,10000人以上,本科,100,300,0
138,前端工程师工程-淘宝天猫集团-电商核心,上海,10000人以上,本科,400,500,0
139,前端工程师开发工程师（实习）,武汉,暂无,本科,200,500,12
140,前端工程师开发（实习）,西安,1000-9999人,本科,200,210,0
141,前端开发实习生,上海,10000人以上,本科,300,350,0
142,前端工程师,杭州,10000人以上,硕士,0,9999999,0
143,前端开发实习生,杭州,10000人以上,学历不限,300,500,0
144,前端工程师（实习）,杭州,100-499人,本科,200,250,14
145,核心研发平台-前端开发实习生-合肥,合肥,10000人以上,本科,100,150,0
146,2024实习-前端工程师（北京、成都、大连）(J13980),大连,1000-9999人,本科,0,9999999,0
147,前端开发工程师,深圳,1000-9999人,本科,150,200,0
148,React前端开发实习生,上海,100-499人,本科,200,250,0
149,前端开发工程师实习,深圳,10000人以上,本科,0,9999999,0
150,实习生-前端开发 (可转正）,上海,0-20人,本科,200,400,0
151,软件开发工程师（JN202201）（实习）,济南,500-999人,本科,200,500,14
152,前端开发工程师,南京,500-999人,大专,150,300,0
153,Web前端工程师,西安,20-99人,本科,150,180,0
154,前端开发师,广州,1000-9999人,学历不限,200,400,0
155,【急招】前端开发工程师-品牌零售方向,深圳,1000-9999人,本科,200,400,0
156,前端工程师（上海校招）,上海,20-99人,本科,200,400,0
157,Web前端开发工程师,天津,10000人以上,本科,100,300,0
158,前端工程师工程-淘宝天猫集团-电商核心,北京,10000人以上,本科,400,500,0
159,前端研发工程师,北京,20-99人,本科,200,300,0
160,开发（实习）,北京,1000-9999人,本科,150,500,15
161,前端实习生,北京,10000人以上,本科,300,400,0
162,前端开发工程师-2023校招(P5860)（实习）,北京,20-99人,本科,200,500,16
163,字节跳动实习前端工程师,北京,10000人以上,学历不限,400,450,0
164,前端开发工程师,北京,1000-9999人,硕士,200,300,0
165,前端实习生,北京,1000-9999人,本科,180,200,0
166,前端工程师（J13747),大连,1000-9999人,本科,150,200,0
167,前端实习生,北京,1000-9999人,本科,220,240,0
168,前端开发工程师（上海）,上海,20-99人,学历不限,200,250,0
169,2024秋储-前端开发实习生,北京,10000人以上,本科,200,300,0
170,web前端开发工程师,杭州,100-499人,本科,200,250,0
171,游戏前端开发工程师,北京,100-499人,学历不限,800,1000,0
172,前端开发工程师,成都,500-999人,大专,150,300,0
173,前端开发实习生,北京,500-999人,本科,300,400,0
174,2023前端开发实习生（北京）(MJ008232),北京,10000人以上,本科,120,150,0
175,【急招】前端开发工程师-品牌零售方向,上海,1000-9999人,本科,200,400,0
176,Web前端开发工程师,南京,1000-9999人,本科,150,200,0
177,Web前端开发工程师,深圳,10000人以上,本科,100,300,0
178,大淘宝用户平台技术前端工程师,杭州,10000人以上,本科,250,400,0
179,前端工程师,上海,10000人以上,本科,0,9999999,0
180,前端开发工程师,北京,1000-9999人,本科,200,250,0
181,前端工程师,上海,20-99人,本科,200,300,0
182,前端开发工程师-2023校招(P5860)（实习）,上海,20-99人,本科,200,500,16
183,字节跳动实习前端工程师,深圳,10000人以上,学历不限,400,450,0
184,网易有道高级前端开发实习生,北京,10000人以上,本科,200,400,0
185,前端可视化工程师（校招）,深圳,1000-9999人,本科,100,200,0
186,前端工程师,上海,100-499人,本科,0,9999999,0
187,前端开发工程师（实习）,上海,100-499人,本科,200,300,0
188,前端开发工程师,武汉,500-999人,大专,150,300,0
189,前端开发工程师,西安,500-999人,大专,150,300,0
190,前端工程师,深圳,10000人以上,学历不限,400,450,0
191,web前端工程师,北京,10000人以上,大专,350,550,0
192,前端工程师,北京,10000人以上,大专,350,550,0
193,财经支付前端开发实习生,杭州,10000人以上,学历不限,0,0,0
194,抖音支付前端开发实习生,深圳,10000人以上,本科,350,400,0
195,【急招】前端开发工程师-品牌零售方向,北京,1000-9999人,本科,200,400,0
196,大淘宝用户平台技术前端工程师,深圳,10000人以上,本科,250,400,0
197,前端工程师开发,杭州,10000人以上,学历不限,350,400,0
198,大淘宝用户平台技术前端工程师,北京,10000人以上,本科,250,400,0
199,大淘宝用户平台技术前端工程师,上海,10000人以上,本科,250,400,0
200,【24届阿里云实习】前端工程师,北京,10000人以上,硕士,400,450,0
201,【24届阿里云实习】前端工程师,杭州,10000人以上,硕士,400,450,0
202,【阿里巴巴】淘宝-闲鱼-实习前端&移动端开发工程师(前端 或 移动端),杭州,10000人以上,本科,200,250,0
203,大淘宝前端实习生,杭州,10000人以上,本科,350,400,0
204,前端开发实习生,北京,10000人以上,本科,280,300,0
205,前端开发工程师（校招/实习）,深圳,1000-9999人,本科,100,200,0
206,机器学习前端实习生,北京,10000人以上,本科,400,500,0
207,前端工程师研发实习生 - 游戏,上海,10000人以上,本科,400,500,0
208,阿里巴巴2024年应届生前端实习,北京,10000人以上,硕士,200,1000,0
209,阿里巴巴2024年应届生前端实习,上海,10000人以上,硕士,200,1000,0
210,阿里巴巴2024年应届生前端实习,西安,10000人以上,硕士,200,1000,0
211,阿里巴巴2024年应届生前端实习,深圳,10000人以上,硕士,200,1000,0
212,2024届阿里云-前端实习生,苏州,10000人以上,硕士,120,1000,0
213,2024届阿里云-前端实习生,南京,10000人以上,硕士,120,1000,0
214,2024届阿里云-前端实习生,合肥,10000人以上,硕士,120,1000,0
215,2024届阿里云-前端实习生,武汉,10000人以上,硕士,120,1000,0
216,2024届阿里云-前端实习生,深圳,10000人以上,硕士,120,1000,0
217,2024届阿里云-前端实习生,上海,10000人以上,硕士,120,1000,0
218,2024届阿里云-前端实习生,北京,10000人以上,硕士,120,1000,0
219,2024届阿里云-前端实习生,成都,10000人以上,硕士,120,1000,0
220,前端工程师,杭州,10000人以上,学历不限,400,410,0
221,前端工程师-阿里云（实习）,上海,10000人以上,硕士,200,500,12
222,前端工程师-阿里云（实习）,北京,10000人以上,硕士,200,500,12
223,前端工程师-阿里云（实习）,广州,10000人以上,硕士,200,500,12
224,前端工程师-阿里云（实习）,深圳,10000人以上,硕士,200,500,12
225,终端开发工程师,杭州,10000人以上,本科,300,500,0
226,阿里巴巴春季2024届实习生前端开发岗招聘,杭州,10000人以上,本科,10,40,0
227,前端开发实习生【可转正】,北京,10000人以上,学历不限,400,410,0
228,前端工程师,杭州,10000人以上,学历不限,200,250,0
229,前端实习工程师,杭州,10000人以上,本科,350,400,0
230,2024届 终端开发工程师 薪资面议,杭州,10000人以上,学历不限,10,1000,0
231,前端工程师,杭州,10000人以上,学历不限,350,400,0
232,前端工程师开发,杭州,10000人以上,学历不限,60,300,0
233,前端工程师,杭州,10000人以上,本科,0,9999999,0
234,前端工程师,杭州,10000人以上,本科,390,420,0
235,前端工程师,杭州,10000人以上,本科,0,9999999,0
236,前端工程师,杭州,10000人以上,本科,0,9999999,0
237,前端开发工程师-剪映（实习）,深圳,10000人以上,本科,400,1000,15
238,前端开发实习生,上海,10000人以上,本科,0,9999999,0
239,【暑期实习】前端开发工程师,上海,10000人以上,本科,0,9999999,0
240,抖音开放平台-前端开发工程师实习生-可转正,北京,10000人以上,本科,400,600,0
241,前端实习生,上海,10000人以上,本科,0,9999999,0
242,前端研发实习岗,北京,10000人以上,本科,0,9999999,0
243,24届实习前端开发工程师,北京,10000人以上,本科,350,400,0
244,掘金/ByteTech前端开发,北京,10000人以上,本科,400,500,0
245,前端工程师开发,北京,10000人以上,本科,20,40,12
246,前端开发工程师,北京,0-20人,本科,0,9999999,0
247,前端实习生(J14128),北京,1000-9999人,本科,4,6,12
248,前端工程师开发,北京,1000-9999人,本科,15,30,16
249,前端工程师开发/java/软件测试/android/c++/Go/ios开发工程师,成都,10000人以上,本科,15,30,14
250,软件开发工程师,西安,1000-9999人,本科,15,35,12
251,高级/资深前端研发工程师-开发者服务,北京,10000人以上,本科,30,70,15
252,前端工程师,深圳,20-99人,本科,16,35,15
253,大前端架构师-008,北京,1000-9999人,本科,0,9999999,12
254,前端开发工程师,深圳,1000-9999人,本科,0,9999999,12
255,前端工程师,南京,0-20人,本科,15,28,14
256,前端软件开发工程师,杭州,1000-9999人,本科,16,35,12
257,前端开发工程师/UI设计师,北京,10000人以上,本科,35,90,12
258,前端开发工程师,北京,20-99人,本科,30,40,16
259,前端开发工程师,北京,10000人以上,本科,15,30,14
260,前端工程师,杭州,20-99人,本科,12,22,16
261,前端工程师开发工程师,合肥,20-99人,本科,0,9999999,12
262,web,深圳,100-499人,本科,16,26,16
263,前端工程师,佛山,10000人以上,本科,0,9999999,0
264,（深圳）互联网业务-跨平台前端工程师开发工程师,深圳,1000-9999人,本科,20,30,14
265,前端工程师开发-可线上面试,上海,10000人以上,本科,10,40,14
266,高级/资深前端工程师,南京,10000人以上,本科,15,25,14
267,飞猪旅行-前端(高级)开发工程师,北京,10000人以上,本科,20,40,16
268,前端工程师开发,上海,1000-9999人,本科,15,30,16
269,前端实习生(J14117),北京,1000-9999人,本科,4,6,12
270,软件开发工程师,北京,1000-9999人,本科,15,35,12
271,前端开发工程师-广告系统-8g4,北京,10000人以上,本科,20,40,12
272,前端工程师开发(技术栈 VUE发展方向全栈）,上海,20-99人,本科,8,15,12
273,前端工程师开发工程师,上海,20-99人,本科,11,20,13
274,前端工程师,青岛,暂无,学历不限,10,18,12
275,前端开发工程师,武汉,0-20人,本科,12,24,14
276,前端开发/java/软件测试/android/c++/Go/ios开发工程师,武汉,10000人以上,本科,15,30,14
277,产品开发工程师,深圳,10000人以上,本科,0,9999999,12
278,WEB前端开发工程师,西安,10000人以上,本科,12,25,15
279,前端工程师,杭州,10000人以上,学历不限,20,30,12
280,高级前端工程师,杭州,20-99人,本科,18,28,16
281,前端工程师,武汉,暂无,本科,0,9999999,0
282,前端研发工程师--react,北京,10000人以上,本科,25,50,16
283,高级前端开发工程师（A38226）,合肥,100-499人,本科,15,20,15
284,服务端开发前端工程师,深圳,暂无,本科,23,35,13
285,前端工程师开发-可线上面试,成都,10000人以上,本科,10,40,14
286,SHEIN-前端工程师,广州,10000人以上,本科,10,18,12
287,前端工程师开发工程,杭州,10000人以上,本科,15,35,12
288,前端工程师开发,深圳,1000-9999人,本科,15,30,16
289,高级前端工程师,深圳,100-499人,本科,20,40,12
290,前端工程师开发,广州,1000-9999人,本科,15,40,14
291,前端开发工程师-今日头条-sd,深圳,10000人以上,本科,20,40,12
292,前端开发工程师,北京,20-99人,本科,15,40,14
293,前端开发工程师,上海,20-99人,硕士,15,30,24
294,前端工程师,上海,暂无,学历不限,15,20,13
295,【急招】前端开发工程师,北京,10000人以上,本科,0,9999999,12
296,前端开发/java/软件测试/android/c++/Go/ios开发工程师,南京,10000人以上,本科,15,30,14
297,中高级前端开发\甲方,杭州,10000人以上,本科,28,60,12
298,高级前端开发工程师,深圳,20-99人,本科,15,28,14
299,前端研发工程师-北京,北京,20-99人,本科,15,30,15
300,前端工程师,上海,1000-9999人,本科,0,9999999,0
301,前端开发工程师,上海,100-499人,本科,7,12,13
302,前端工程师(有经验),上海,20-99人,本科,6,12,13
303,前端开发,上海,1000-9999人,本科,12,18,13
304, web前端开发工程师,上海,20-99人,本科,8,15,12
305,前端工程师,北京,10000人以上,本科,15,35,16
306,赴日软件开发工程师,上海,暂无,本科,18,35,12
307,前端工程师,北京,20-99人,学历不限,28,55,16
308,前端工程师开发,杭州,1000-9999人,本科,15,30,16
309,前端开发工程师,上海,100-499人,本科,20,45,12
310,前端工程师开发,成都,1000-9999人,本科,15,40,14
311,前端开发工程师,杭州,10000人以上,本科,25,50,15
312,前端开发工程师,上海,20-99人,本科,15,25,12
313,前端工程师,成都,10000人以上,本科,20,30,15
314,前端工程师,上海,暂无,学历不限,30,50,15
315,web前端工程师,厦门,1000-9999人,本科,0,9999999,12
316,前端开发/java/软件测试/android/c++/Go/ios开发工程师,深圳,10000人以上,本科,15,30,14
317,前端工程师,深圳,10000人以上,本科,15,25,12
318,高级前端开发工程师,东莞,20-99人,本科,15,28,14
319,前端(J14090),北京,1000-9999人,本科,15,30,15
320,前端工程师,苏州,10000人以上,学历不限,15,25,12
321,前端工程师,广州,100-499人,本科,10,20,14
322,前端工程师开发工程师,杭州,1000-9999人,本科,20,35,12
323,资深前端工程师（社招）,厦门,20-99人,本科,15,25,13
324,高级前端工程师（支付业务）,深圳,1000-9999人,本科,35,60,16
325,前端开发工程师,深圳,10000人以上,本科,15,40,14
326,前端工程师开发工程师（客户端）,广州,1000-9999人,本科,0,9999999,12
327,前端工程师,上海,20-99人,学历不限,28,55,16
328,前端工程师开发,南京,1000-9999人,本科,15,30,16
329,高级前端工程师,南京,10000人以上,本科,0,9999999,12
330,前端工程师开发,武汉,1000-9999人,本科,15,40,14
331,前端工程师开发-字节-商业化,北京,10000人以上,学历不限,0,9999999,12
332,Web前端工程师开发工程师,杭州,20-99人,大专,10,15,12
333,高级前端研发工程师（社招）,北京,10000人以上,本科,0,9999999,12
334,高级前端工程师,郑州,100-499人,本科,12,25,15
335,前端工程师,北京,0-20人,本科,30,40,15
336,前端开发/java/软件测试/android/c++/Go/ios开发工程师,上海,10000人以上,本科,15,30,14
337,前端开发工程师,上海,10000人以上,本科,0,9999999,12
338,前端开发工程师,西安,100-499人,本科,16,24,12
339,高级前端开发工程师岗,上海,1000-9999人,本科,25,30,12
340,中高级前端工程师,上海,100-499人,本科,15,30,14
341,前端工程师开发工程师,深圳,1000-9999人,本科,18,30,13
342,前端工程师开发,杭州,1000-9999人,本科,20,40,15
343,前端开发工程师,广州,20-99人,本科,15,25,12
344,前端工程师,成都,暂无,大专,13,30,15
345,前端工程师,上海,10000人以上,本科,15,40,14
346,前端工程师,北京,10000人以上,本科,0,9999999,12
347,资深前端开发工程师,上海,100-499人,本科,25,40,15
348,前端工程师开发,成都,1000-9999人,本科,15,30,16
349,数据可视化工程师（高级）（社招）,北京,0-20人,本科,25,35,12
350,前端工程师开发,西安,1000-9999人,本科,15,40,14
351,高级前端开发工程师,上海,10000人以上,本科,30,60,15
352,Java/Python/前端工程师,成都,10000人以上,本科,14,30,14
353,前端工程师,青岛,10000人以上,硕士,0,9999999,0
354,前端高级开发工程师,西安,10000人以上,本科,12,24,12
355,企业信息中心Web前端工程师,深圳,暂无,硕士,10,15,12
356,前端工程师开发/java/软件测试/android/c++/Go/ios开发工程师,杭州,10000人以上,本科,15,30,14
357,前端工程师,全国,20-99人,本科,6,11,13
358,前端工程师研发,广州,10000人以上,本科,20,60,16
359,前端开发工程师（懂测试优先）,上海,20-99人,本科,0,9999999,12
360,高级前端工程师,临沂,20-99人,本科,4,6,12
361,前端工程师,杭州,20-99人,本科,15,30,13
362,前端工程师,杭州,1000-9999人,本科,20,30,14
363,游戏客户端-Unity3D开发工程师,广州,1000-9999人,本科,0,9999999,12
364,前端工程师,杭州,1000-9999人,本科,0,9999999,12
365,前端开发工程师（双休、年终奖）,北京,10000人以上,本科,15,30,16
366,前端开发工程师,上海,10000人以上,本科,15,35,16
367,初级前端开发工程师,南京,20-99人,本科,6,10,13
368,前端工程师开发,武汉,1000-9999人,本科,15,30,16
369,前端开发工程师,徐州,20-99人,学历不限,4,8,13
370,前端工程师开发,深圳,1000-9999人,本科,15,35,12
371,前端开发工程师,上海,10000人以上,本科,30,60,15
372,前端工程师架构师,成都,10000人以上,本科,12,26,14
373,前端开发工程师,杭州,500-999人,学历不限,12,18,13
374,德科“华为精英研发项目”招聘+前端工程师,西安,10000人以上,本科,20,30,12
375,WEB前端开发工程师,杭州,1000-9999人,硕士,15,30,15
376,前端工程师开发/java/软件测试/android/c++/Go/ios开发工程师,北京,10000人以上,本科,15,30,14
377,前端开发,上海,1000-9999人,本科,15,30,12
378,前端工程师研发,上海,10000人以上,本科,20,60,16
379,前端工程师开发,北京,1000-9999人,大专,15,20,12
380,前端工程师开发工程师,上海,1000-9999人,本科,20,60,12
381,前端工程师,成都,20-99人,本科,15,30,13
382,安卓工程师丶IOS工程师(远程兼职),深圳,20-99人,学历不限,6,16,12
383,前端工程师研发工程师(I3143),杭州,20-99人,本科,15,30,16
384,cocos creator前端工程师,上海,20-99人,学历不限,12,35,13
385,前端开发工程师（双休、年终奖）,上海,10000人以上,本科,15,30,16
386,前端开发工程师,杭州,1000-9999人,本科,15,30,14
387,前端开发工程师,南京,20-99人,本科,12,18,13
388,前端开发工程师,成都,1000-9999人,本科,15,35,14
389,前端开发工程师,深圳,10000人以上,本科,25,45,14
390,前端工程师开发 双休周末加班双倍,深圳,1000-9999人,本科,15,40,14
391,平台研发全栈公程师,杭州,10000人以上,本科,30,60,15
392,OD前端工程师,成都,10000人以上,本科,15,30,14
393,前端开发工程师,北京,1000-9999人,本科,0,9999999,12
394,前端工程师开发,西安,10000人以上,学历不限,10,20,14
395,资深Android/IOS开发工程师——安全sdk方向,北京,10000人以上,本科,0,9999999,12
396,前端开发,上海,10000人以上,本科,0,9999999,12
397,游戏前端工程师,北京,500-999人,本科,18,35,13
398,前端工程师研发,杭州,10000人以上,本科,20,60,16
399,前端工程师开发,深圳,1000-9999人,大专,15,20,12
400,前端软件工程师,湖州,20-99人,本科,8,20,14
401,前端工程师,武汉,20-99人,本科,15,30,13
402,前端工程师(远程兼职),深圳,20-99人,学历不限,6,13,12
403,前端开发工程师,长沙,1000-9999人,本科,18,30,14
404,移动端开发工程师,深圳,20-99人,本科,8,15,12
405,前端开发工程师（双休、年终奖）,成都,10000人以上,本科,15,30,16
406,前端工程师,上海,100-499人,本科,13,18,12
407,前端工程师,宁波,10000人以上,本科,16,32,15
408,前端开发工程师,深圳,1000-9999人,本科,15,35,14
409,阿里-前端工程师,杭州,10000人以上,本科,0,9999999,12
410,前端工程师开发,北京,1000-9999人,本科,15,40,14
411,高级前端开发工程师,三亚,10000人以上,本科,0,9999999,12
412,OD前端工程师,南京,10000人以上,本科,15,30,14
413,WPF软件开发工程师,上海,100-499人,本科,0,9999999,12
414,前端开发工程师,上海,500-999人,本科,20,45,14
415,高级前端开发工程师,北京,10000人以上,本科,30,50,14
416,前端开发工程师,成都,0-20人,大专,1,2,12
417,U3D开发工程师,北京,500-999人,本科,15,30,13
418,Web前端开发工程师,杭州,10000人以上,本科,0,9999999,12
419,前端工程师开发,成都,1000-9999人,大专,15,20,12
420,web前端开发工程师,郑州,100-499人,学历不限,0,9999999,12
421,前端工程师,广州,20-99人,本科,15,30,13
422,前端开发工程师(J10710),北京,1000-9999人,学历不限,20,40,15
423,前端开发工程师,深圳,10000人以上,本科,10,40,15
424,前端工程师（社招内推）,上海,1000-9999人,本科,0,9999999,12
425,前端开发工程师,深圳,10000人以上,本科,18,35,12
426,初级/中级/高级前端开发工程师（外包）,北京,1000-9999人,学历不限,0,9999999,12
427,前端工程师,廊坊,100-499人,本科,6,14,12
428,前端开发工程师,杭州,1000-9999人,本科,15,35,14
429,前端开发工程师,上海,500-999人,本科,11,18,20
430,前端工程师开发,深圳,1000-9999人,本科,18,35,16
431,前端工程师开发工程师 - 通信中台,北京,10000人以上,学历不限,25,30,15
432,OD前端工程师,北京,10000人以上,本科,15,30,14
433,web,南京,10000人以上,本科,20,40,16
434,前端开发工程师,北京,500-999人,本科,20,45,14
435,前端开发工程师（React）,广州,10000人以上,本科,15,17,13
436,前端开发工程师（Cesium开发）,北京,0-20人,本科,0,9999999,12
437,Mapping Front-end Software Engineer,上海,100-499人,本科,20,50,15
438,高级前端工程师,北京,20-99人,本科,30,60,15
439,前端工程师开发,西安,10000人以上,本科,15,30,12
440,前端工程师开发,深圳,10000人以上,本科,15,25,14
441,前端工程师,北京,20-99人,本科,15,30,13
442,前端工程师开发,上海,10000人以上,本科,15,25,14
443,前端开发工程师,南京,10000人以上,本科,10,40,15
444,前端工程师（社招内推）,福州,1000-9999人,本科,0,9999999,12
445,前端工程师开发-可线上面试,北京,10000人以上,本科,10,40,14
446,前端工程师开发-可线上面试,深圳,10000人以上,本科,10,40,14
447,前端工程师开发-可线上面试,广州,10000人以上,本科,10,40,14
448,前端开发工程师,南京,1000-9999人,本科,15,35,14
449,前端工程师开发-可线上面试,杭州,10000人以上,本科,10,40,14
450,前端工程师开发,上海,1000-9999人,本科,18,35,16
451,全栈前端工程师-抖音支付,北京,10000人以上,本科,0,9999999,12
452,OD前端工程师,上海,10000人以上,本科,15,30,14
453,web,杭州,10000人以上,本科,20,40,16
454,前端工程师开发-可线上面试,南京,10000人以上,本科,10,40,14
455,前端开发工程师,广州,10000人以上,本科,13,17,13
456,前端工程师开发-可线上面试,武汉,10000人以上,本科,10,40,14
457,前端工程师开发-可线上面试,西安,10000人以上,本科,10,40,14
458,前端工程师,香港,10000人以上,学历不限,0,9999999,12
459,前端工程师开发,深圳,10000人以上,本科,15,40,14
460,前端开发工程师（ERP系统）,西安,10000人以上,本科,10,30,15
461,前端工程师,深圳,20-99人,本科,15,30,13
462,前端开发工程师,深圳,10000人以上,本科,12,30,15
463,前端开发工程师,上海,10000人以上,本科,15,30,14
464,前端开发工程师,武汉,10000人以上,本科,15,30,14
465,前端开发工程师,西安,10000人以上,本科,15,30,14
466,前端开发工程师,杭州,10000人以上,本科,15,30,14
467,前端开发工程师,北京,10000人以上,本科,15,30,14
468,前端开发工程师,西安,1000-9999人,本科,15,35,14
469,前端工程师,西安,10000人以上,本科,15,26,14
470,前端工程师开发,杭州,1000-9999人,本科,18,35,16
471,AML前端开发工程师,北京,10000人以上,本科,30,50,15
472,前端工程师,成都,10000人以上,本科,16,26,14
473,web,成都,10000人以上,本科,20,40,16
474,前端开发工程师,东莞,1000-9999人,本科,15,35,14
475,前端开发工程师,北京,10000人以上,本科,13,40,12
476,前端工程师开发,深圳,10000人以上,本科,20,30,16
477,前端工程师开发工程师,深圳,10000人以上,本科,15,30,14
478,前端开发工程师,深圳,10000人以上,本科,15,22,12
479,前端工程师开发,上海,10000人以上,本科,20,40,12
480,前端开发工程师,深圳,10000人以上,本科,15,40,14
481,前端开发工程师（双休、年终奖）,深圳,10000人以上,本科,15,30,16
482,web ,南京,10000人以上,本科,15,30,12
483,web（苏州/南京/杭州）,苏州,10000人以上,本科,15,30,12
484,前端开发工程师,深圳,10000人以上,本科,13,29,14
485,前端开发工程师（JS/TS）,深圳,10000人以上,本科,15,30,16
486,前端工程师,北京,10000人以上,本科,10,40,15
487,前端工程师,上海,10000人以上,本科,10,40,15
488,前端工程师,深圳,10000人以上,本科,10,40,15
489,前端工程师,杭州,10000人以上,本科,10,40,15
490,前端工程师开发,南京,1000-9999人,本科,18,35,16
491,前端开发工程师,北京,10000人以上,学历不限,0,9999999,12
492,前端工程师,南京,10000人以上,本科,10,40,15
493,web,厦门,10000人以上,本科,20,40,16
494,Web前端开发工程师,北京,10000人以上,本科,15,30,15
495,前端开发,北京,10000人以上,本科,15,40,15
496,【OD】软件开发工程师-前端,杭州,10000人以上,本科,15,30,15
497,算法工程师,武汉,10000人以上,本科,15,30,14
498,前端工程师开发/南京杭州上海武汉深莞,南京,10000人以上,本科,20,70,14
499,JavaScript（JS）开发工程师,北京,10000人以上,本科,15,30,12
500,JavaScript（JS）开发工程师,深圳,10000人以上,本科,15,30,12
501,JavaScript（JS）开发工程师,武汉,10000人以上,本科,15,30,12
502,JavaScript（JS）开发工程师,成都,10000人以上,本科,15,30,12
503,华为云-前端开发工程师,杭州,10000人以上,本科,10,35,15
504,云计算研发-web开发工程师,深圳,10000人以上,本科,16,45,16
505,前端开发工程师（智能驾驶）,深圳,10000人以上,本科,15,35,14
506,前端工程师开发,深圳,10000人以上,本科,13,25,13
507,前端工程师开发工程师,上海,10000人以上,本科,15,30,14
508,前端工程师开发工程师,北京,10000人以上,本科,15,30,14
509,前端工程师开发工程师,杭州,10000人以上,本科,15,30,14
510,前端工程师开发,西安,1000-9999人,本科,18,35,16
511,Web前端开发工程师,深圳,10000人以上,大专,25,50,15
512,前端工程师开发工程师,深圳,10000人以上,本科,15,30,14
513,web,武汉,10000人以上,本科,20,40,16
514,前端工程师开发工程师,南京,10000人以上,本科,15,30,14
515,前端工程师开发工程师,成都,10000人以上,本科,15,30,14
516,前端工程师开发工程师,武汉,10000人以上,本科,15,30,14
517,前端工程师开发工程师,西安,10000人以上,本科,15,30,14
518,前端工程师开发工程师,东莞,10000人以上,本科,15,30,14
519,前端工程师开发工程师,广州,10000人以上,本科,15,30,14
520,软件开发工程师（前端）,深圳,10000人以上,本科,17,30,14
521,前端工程师～华为OD,杭州,10000人以上,学历不限,0,9999999,0
522,前端工程师～华为OD,武汉,10000人以上,学历不限,0,9999999,0
523,【急招】web前端工程师开发工程师,西安,10000人以上,本科,15,35,15
524,前端工程师开发（OD）,广州,10000人以上,本科,15,30,12
525,前端工程师开发（OD）,南京,10000人以上,本科,15,30,12
526,JavaScript前端开发,北京,10000人以上,本科,15,30,15
527,前端工程师开发（OD）,济南,10000人以上,本科,15,30,12
528,前端工程师开发（OD）,深圳,10000人以上,本科,15,30,12
529,前端开发工程师 | OD岗 线上面试，六险一金，多地华为研究所可选择,西安,10000人以上,本科,18,35,14
530,前端工程师开发,武汉,1000-9999人,本科,18,35,16
531,Web前端开发工程师,上海,10000人以上,大专,25,50,15
532,前端开发工程师（德科OD）,上海,10000人以上,本科,15,30,12
533,软件开发工程师（JAVA/Android/C++/Web/H5）,深圳,10000人以上,本科,0,9999999,12
534,前端开发工程师（德科OD）,东莞,10000人以上,本科,15,30,12
535,前端工程师,上海,10000人以上,本科,15,40,14
536,前端工程师,深圳,10000人以上,本科,15,40,14
537,前端工程师,杭州,10000人以上,本科,15,40,14
538,前端工程师,南京,10000人以上,本科,15,40,14
539,前端工程师,成都,10000人以上,本科,15,40,14
540,前端工程师,武汉,10000人以上,本科,15,40,14
541,前端工程师,西安,10000人以上,本科,15,40,14
542,前端工程师,北京,10000人以上,本科,15,40,14
543,前端开发工程师,西安,10000人以上,本科,15,35,14
544,前端开发工程师 | OD岗 线上面试，六险一金，多地华为研究所可选择,深圳,10000人以上,本科,18,35,14
545,前端开发工程师,北京,10000人以上,本科,15,40,12
546,前端工程师开发工程师,西安,10000人以上,本科,15,30,14
547,web前端工程师开发工程师,深圳,10000人以上,本科,20,40,13
548,前端工程师,西安,10000人以上,本科,10,20,14
549,前端工程师～华为OD,深圳,10000人以上,学历不限,0,9999999,0
550,前端工程师开发,北京,1000-9999人,本科,18,35,16
551,Web前端开发工程师,杭州,10000人以上,大专,25,50,15
552,前端工程师～华为OD,南京,10000人以上,学历不限,0,9999999,0
553,前端工程师～华为OD,西安,10000人以上,学历不限,0,9999999,0
554,软件开发工程师,深圳,10000人以上,本科,15,25,16
555,底层软件高级工程师,西安,10000人以上,本科,20,40,16
556,云服务前端工程师开发工程师,深圳,10000人以上,本科,15,35,12
557,云服务前端工程师开发工程师,北京,10000人以上,本科,15,35,12
558,云服务前端工程师开发工程师,杭州,10000人以上,本科,15,35,12
559,云服务前端工程师开发工程师,武汉,10000人以上,本科,15,35,12
560,云服务前端工程师开发工程师,西安,10000人以上,本科,15,35,12
561,前端工程师开发工程师,深圳,10000人以上,本科,15,35,13
562,前端开发工程师,深圳,10000人以上,本科,15,35,14
563,前端开发工程师,成都,10000人以上,本科,15,30,14
564,前端工程师,东莞,10000人以上,学历不限,10,30,12
565,前端工程师开发,南京,10000人以上,本科,15,30,14
566,前端工程师,杭州,10000人以上,本科,20,45,14
567,前端工程师,成都,10000人以上,本科,20,45,14
568,前端开发工程师,深圳,10000人以上,本科,15,40,14
569,软件开发工程师（前端OD）,南京,10000人以上,本科,15,30,14
570,前端工程师,西安,10000人以上,本科,13,20,16
571,Web前端开发工程师,广州,10000人以上,大专,25,50,15
572,华为云OD招聘 - 数据智能lab - 前端 数据可视化和分析工程师,深圳,10000人以上,本科,0,9999999,12
573,华为云OD招聘 - 数据智能lab - 前端 数据可视化和分析工程师,杭州,10000人以上,本科,0,9999999,12
574,前端工程师,西安,10000人以上,本科,15,30,14
575,前端开发工程师,深圳,10000人以上,本科,15,30,14
576,华为云OD招聘 - 数据智能lab - 前端 数据可视化和分析工程师,西安,10000人以上,本科,0,9999999,12
577,（智能车云）前端开发工程师,深圳,10000人以上,本科,10,35,15
578,华为OD-前端开发工程师,南京,10000人以上,本科,15,35,16
579,前端工程师,西安,10000人以上,本科,22,35,14
580,前端工程师,深圳,10000人以上,本科,15,40,16
581,Web前端开发工程师,成都,10000人以上,大专,25,50,15
582,Web前端开发工程师,西安,10000人以上,大专,25,50,15
583,Web前端开发工程师,南京,10000人以上,大专,25,50,15
584,Web前端开发工程师,武汉,10000人以上,大专,25,50,15
585,Web前端开发工程师,厦门,10000人以上,大专,25,50,15
586,Web前端开发工程师,北京,10000人以上,大专,25,50,15
587,前端工程师,北京,10000人以上,大专,25,50,15
588,前端工程师,深圳,10000人以上,大专,25,50,15
589,前端开发,深圳,10000人以上,本科,15,40,14
590,前端工程师,西安,10000人以上,本科,15,30,16
591,高级前端开发工程师,广州,10000人以上,本科,20,40,15
592,高级前端开发工程师,北京,10000人以上,本科,0,9999999,12
593,高级前端开发工程师,深圳,10000人以上,本科,0,9999999,12
594,前端开发工程师,西安,10000人以上,本科,15,40,13
595,前端开发,西安,10000人以上,本科,15,25,15
596,华为云前端开发工程师,东莞,10000人以上,本科,15,25,12
597,华为云前端开发工程师,杭州,10000人以上,本科,15,25,12
598,华为云前端开发工程师,西安,10000人以上,本科,15,25,12
599,前端开发工程师,上海,10000人以上,本科,0,9999999,12
600,抖音开放平台-前端开发工程师,北京,10000人以上,本科,20,40,15
601,前端开发工程师-飞书业务中台,杭州,10000人以上,学历不限,22,80,15
