,0,1,2,3,4,5,6
0,通用软件开发工程师（留学生岗位）,杭州,10000人以上,本科,15,35,16
1,全栈工程师,上海,暂无,本科,13,25,14
2,软件开发C++/C/java/python,深圳,10000人以上,本科,0,9999999,12
3,IT软件开发工程师,上海,20-99人,本科,10,20,14
4,IT技术开发管培生,杭州,暂无,本科,10,15,13
5,赴日Java、node.js软件开发工程师,上海,暂无,本科,15,35,12
6,Fintech培训生（软件开发方向）,上海,1000-9999人,本科,0,9999999,12
7,桌面开发工程师,上海,暂无,本科,13,25,14
8,软件开发工程师,西安,10000人以上,本科,15,25,15
9,通用软件开发工程师,南京,10000人以上,本科,18,28,14
10,软硬件融合验证平台开发,北京,20-99人,本科,200,300,0
11,IT软件开发工程师（实习）,上海,20-99人,本科,150,220,14
12,【2023校招】数智化新领秀-开发,北京,10000人以上,本科,180,230,0
13,程序语言工具开发实习生(J10330),深圳,100-499人,本科,200,400,0
14,全栈开发工程师【实习】,北京,20-99人,本科,500,1000,0
15,软件开发岗（实习）,深圳,10000人以上,本科,200,500,0
16,全栈开发,西安,10000人以上,本科,200,210,0
17,【2023实习】软件架构师（武汉）,武汉,1000-9999人,硕士,200,300,0
18,AI 应用工程师【快手】【可转正】【应届可投】,北京,10000人以上,本科,300,500,0
19,MSRA 大模型开发实习生,北京,10000人以上,本科,200,400,0
20,前后端开发实习生,苏州,100-499人,硕士,300,500,0
21,全栈开发,武汉,10000人以上,本科,200,210,0
22,全栈开发,南京,10000人以上,本科,200,210,0
23,全栈开发,深圳,10000人以上,本科,200,210,0
24,全栈开发,成都,10000人以上,本科,200,210,0
25,全栈开发,上海,10000人以上,本科,200,210,0
26,全栈开发,西安,10000人以上,学历不限,0,9999999,0
27,软件测试开发工程师,南京,10000人以上,本科,0,9999999,0
28,华为软件开发工程师（暑期实习）,杭州,10000人以上,本科,250,520,0
29,后端开发工程师（实习）,东莞,10000人以上,本科,200,500,12
30,软件开发工程师（语言不限）,深圳,10000人以上,本科,180,280,0
31,软件开发工程师（语言不限）,上海,10000人以上,本科,180,280,0
32,软件开发工程师（语言不限）,成都,10000人以上,本科,180,280,0
33,华为计算,深圳,10000人以上,本科,0,9999999,0
34,全栈开发工程师,北京,0-20人,本科,15,35,14
35,Infra全栈工程师,北京,20-99人,本科,30,60,15
36,全栈开发工程师,上海,100-499人,本科,20,50,14
37,AI大模型_电商导购_不仅限电商,北京,10000人以上,本科,0,9999999,12
38,全栈开发,青岛,暂无,大专,10,18,12
39,全栈开发工程师（偏业务）,上海,20-99人,本科,15,30,12
40,软件开发工程师,广州,20-99人,本科,5,8,12
41,全栈开发,北京,暂无,本科,0,9999999,0
42,全栈工程师,深圳,20-99人,本科,8,16,12
43,偏前端工程师全栈（FLUTTER是必须项）,杭州,暂无,本科,20,30,12
44,软件开发工程师,上海,10000人以上,本科,0,9999999,12
45,CTO,深圳,20-99人,硕士,45000,50000,12
46,赴日高级软件工程师,上海,暂无,本科,20,40,12
47,技术总监,广州,暂无,学历不限,14,20,12
48,全栈开发工程师,北京,20-99人,本科,28,35,18
49,网络运维工程师（IT基础设施）,北京,10000人以上,本科,0,9999999,12
50,全栈开发工程师,南京,20-99人,本科,10,15,13
51,全栈开发,上海,暂无,学历不限,0,9999999,12
52,全栈开发,广州,1000-9999人,学历不限,10,20,16
53,全栈开发,上海,20-99人,本科,15,25,14
54,软件开发工程师,西安,10000人以上,本科,15,25,14
55,C#开发工程师(远程兼职),广州,20-99人,学历不限,6,16,12
56,全栈开发工程师,北京,20-99人,本科,0,9999999,12
57,软件开发工程师,成都,10000人以上,本科,16,19,14
58,IT高管,深圳,0-20人,本科,60,260,16
59,C#/.Net开发工程师,北京,10000人以上,本科,10,20,13
60,⾼级软件工程师-Web全栈,北京,100-499人,本科,0,9999999,0
61,全栈开发,上海,暂无,本科,0,9999999,0
62,全栈开发,武汉,暂无,本科,0,9999999,0
63,软件开发工程师,北京,10000人以上,本科,0,9999999,12
64,软件开发工程师,杭州,10000人以上,本科,0,9999999,12
65,软件开发工程师,南京,10000人以上,本科,0,9999999,12
66,软件开发工程师,深圳,10000人以上,本科,0,9999999,12
67,软件开发工程师,武汉,10000人以上,本科,0,9999999,12
68,软件开发工程师,西安,10000人以上,本科,0,9999999,12
69,全栈开发,西安,10000人以上,本科,16,35,16
70,软件开发工程师,西安,10000人以上,本科,15,40,12
71,软件开发工程师,西安,10000人以上,本科,15,40,13
72,5G无线软件工程师,西安,10000人以上,本科,15,40,13
73,底层驱动开发工程师,西安,10000人以上,本科,15,40,13
74,软件开发工程师,东莞,10000人以上,本科,13,45,15
75,软件开发,西安,10000人以上,本科,20,30,12
76,软件开发工程师,西安,10000人以上,本科,0,9999999,12
77,全栈开发,广州,10000人以上,学历不限,0,9999999,12
78,JS/Java/Python/C/C++/Go开发工程师,北京,10000人以上,本科,12,40,15
79,5G无线算法工程师,西安,10000人以上,本科,15,30,14
80,5G无线软件工程师,西安,10000人以上,本科,15,40,13
81, 底层驱动开发工程师,西安,10000人以上,本科,15,45,12
82,WEB全栈开发工程师,西安,10000人以上,本科,14,24,12
