,0,1,2,3,4,5,6
0,Python,西安,10000人以上,本科,5,7,13
1,【深圳】量化交易员助理,深圳,100-499人,本科,10,15,14
2,Python开发工程师,上海,20-99人,本科,8,12,13
3,python开发工程师,上海,10000人以上,本科,18,40,12
4,游戏研发工程师（24届校招）,成都,20-99人,学历不限,12,24,12
5,AI平台开发工程师,上海,100-499人,本科,20,35,16
6,python开发工程师,杭州,20-99人,本科,20,40,15
7,24届-数据分析师,上海,500-999人,学历不限,0,9999999,12
8,数据分析开发工程师（2023届校招）(J11211),北京,1000-9999人,本科,11,14,12
9,数据分析师,北京,100-499人,本科,15,25,14
10,Python开发工程师（系统开发）,上海,10000人以上,学历不限,0,9999999,12
11,【成都】量化交易员助理,成都,100-499人,本科,10,15,14
12,【2024届】通用软件开发工程师,北京,10000人以上,学历不限,0,9999999,12
13,Python,上海,10000人以上,本科,16,24,14
14,Python系统开发工程师（正式批）,上海,100-499人,本科,15,30,14
15,python开发工程师,西安,10000人以上,本科,18,30,16
16,Python开发工程师（自动化测试）,上海,10000人以上,学历不限,0,9999999,12
17,Python工程师,北京,1000-9999人,硕士,300,310,0
18,机器学习实习生,北京,0-20人,硕士,250,500,0
19,Python开发暑期实习&秋招（24届内推）,上海,100-499人,硕士,150,300,0
20,Python开发实习生,北京,20-99人,本科,250,300,0
21,python开发实习生,北京,暂无,硕士,200,300,0
22,AI研发实习生（Python）,北京,1000-9999人,硕士,230,280,0
23,Python开发实习生,北京,1000-9999人,本科,250,300,0
24,Python后端实习生-AI,深圳,0-20人,本科,180,300,0
25,python开发实习生（后端开发）,北京,100-499人,本科,200,250,0
26,后端研发实习生,北京,10000人以上,本科,240,360,0
27,Python开发实习生,北京,20-99人,本科,200,300,0
28,软件开发实习生2,长沙,10000人以上,本科,100,150,0
29,Python实习生,杭州,20-99人,本科,120,150,0
30,阿里巴巴-夸克事业部-数据开发实习生,杭州,10000人以上,学历不限,200,300,0
31,pnc infra python实习生,北京,10000人以上,本科,80,160,0
32,【华为OD】AI知识库开发工程师（实习）,杭州,10000人以上,本科,200,400,14
33,数据分析开发实习生,北京,1000-9999人,本科,150,240,0
34,Python数据开发实习生,成都,100-499人,本科,200,500,0
35,后端开发实习生（AIGC方向）,北京,0-20人,本科,200,350,0
36,Python开发实习生,南京,20-99人,本科,200,300,0
37,后端开发实习【提供转正hc】,北京,20-99人,本科,250,300,0
38,Python实习,杭州,20-99人,本科,150,180,0
39,Python开发暑期实习&秋招（24届内推）,上海,100-499人,硕士,150,300,0
40,Python后端开发实习生,深圳,20-99人,学历不限,150,200,0
41,python开发实习,深圳,20-99人,本科,120,300,0
42,数据开发工程师（实习有转正机会）,北京,暂无,本科,500,1000,0
43,Python开发实习生,杭州,100-499人,本科,200,280,0
44,Python开发实习生（场景生成方向）,北京,100-499人,硕士,150,250,0
45,EL-现场信息系统开发实习生,江门,10000人以上,本科,130,160,0
46,Java,北京,10000人以上,本科,200,370,0
47,python开发实习生,北京,20-99人,本科,150,300,0
48,软件开发实习生,长沙,10000人以上,本科,100,150,0
49,Python工程师,上海,100-499人,本科,300,500,0
50,Python实习生,上海,暂无,本科,150,300,0
51,基础架构（CICD）工程师,上海,10000人以上,本科,300,450,0
52,后端开发实习,上海,20-99人,硕士,150,200,0
53,算法实习生,北京,20-99人,本科,200,400,0
54,Python软件开发工程师,西安,10000人以上,本科,300,500,0
55,Python,北京,20-99人,学历不限,100,200,0
56,后端开发实习生-Python,北京,500-999人,本科,250,400,0
57,百度研究院_Python研发实习生,北京,10000人以上,学历不限,250,400,0
58,交易系统开发工程师,北京,20-99人,本科,500,1000,0
59,Python开发实习生（西安）,西安,1000-9999人,本科,150,160,0
60,PYTHON实习生,南京,20-99人,本科,150,200,0
61,Python开发实习生,深圳,500-999人,本科,200,300,0
62,Python系统开发实习生,上海,100-499人,本科,200,500,0
63,python开发实习生,杭州,100-499人,本科,200,280,0
64,AI工程实习生,北京,500-999人,硕士,230,300,0
65,MO-产线数字化实习生,上海,10000人以上,本科,160,170,0
66,软件开发工程师(实习),北京,10000人以上,学历不限,260,300,0
67,软件开发实习生（Tools &SCM）,南京,100-499人,硕士,200,280,0
68,软件开发战略实习生,长沙,10000人以上,硕士,250,310,0
69,python开发实习生,上海,100-499人,本科,400,600,0
70,商业产品开发实习生,北京,100-499人,本科,200,300,0
71,Python开发实习生（场景生成方向）,北京,500-999人,硕士,200,300,0
72,平台开发实习生（Python方向）,杭州,10000人以上,本科,200,400,0
73,算法实习生,北京,500-999人,本科,300,420,0
74,Python实习生,北京,1000-9999人,本科,120,200,0
75,量化开发实习生,北京,暂无,本科,500,1000,0
76,Python,深圳,10000人以上,本科,0,9999999,0
77,自然语言处理部深圳组_算法实习生,深圳,10000人以上,本科,200,250,0
78,机器视觉工程师,上海,20-99人,硕士,300,500,0
79,Python,北京,500-999人,本科,0,9999999,0
80,后端开发实习生（Python）,杭州,1000-9999人,本科,200,300,0
81,python实习生,杭州,20-99人,本科,180,280,0
82,Python数据开发实习生,成都,100-499人,本科,200,400,0
83,数值后端策划（代码）,北京,500-999人,本科,300,350,0
84,Python开发工程师（实习）,济南,10000人以上,本科,100,200,12
85,后端实习,杭州,20-99人,本科,200,250,0
86,Python开发工程师(OCR方向),北京,500-999人,本科,300,500,0
87,后端工程师（实习）,北京,20-99人,本科,400,500,0
88,Python系统开发实习生,深圳,100-499人,本科,200,400,0
89,2python实习生,北京,500-999人,硕士,150,260,0
90,机器学习研究实习生,北京,暂无,硕士,500,1000,0
91,量化研究实习生,北京,暂无,本科,500,1000,0
92,深度学习算法实习生,北京,500-999人,硕士,270,400,0
93,Python,上海,500-999人,本科,0,9999999,0
94,Python,苏州,500-999人,本科,0,9999999,0
95,算法实习生,杭州,20-99人,本科,150,280,0
96,后端工程师,北京,20-99人,本科,400,500,0
97,java/Python/C/C++/数据开发/算法/测试,杭州,10000人以上,本科,15,30,16
98,软件开发工程师,上海,10000人以上,硕士,12,22,12
99,python开发工程师,上海,1000-9999人,本科,15,35,12
100,Python开发工程师（社招）,上海,20-99人,本科,10,15,13
101,平台搭建-量化开发技术专家（python,上海,100-499人,本科,50,80,12
102,Python高级开发工程师,深圳,1000-9999人,本科,15,35,14
103,python开发,长沙,20-99人,大专,8,13,12
104,python开发工程师,上海,20-99人,本科,15,30,12
105,Python,重庆,100-499人,学历不限,7,10,12
106,阿里巴巴Python外包,杭州,10000人以上,本科,0,9999999,12
107,Python开发工程师,西安,10000人以上,学历不限,10,21,12
108,游戏服务端开发工程师,广州,20-99人,本科,12,24,14
109,Python开发工程师,西安,100-499人,本科,13,20,12
110,Python,杭州,10000人以上,本科,20,40,12
111,后端leader,北京,20-99人,本科,45,75,16
112,IT软件开发工程师,南京,1000-9999人,本科,15,25,14
113,python,广州,10000人以上,本科,20,40,16
114,Python开发工程师,广州,20-99人,本科,5,8,12
115,AI数据工程师,南京,20-99人,本科,15,25,14
116,Python数据开发工程师,上海,100-499人,本科,15,30,14
117,通用软件开发工程师Java/Python/C/C++/测试/算法工程师,上海,10000人以上,本科,15,30,15
118,中后台开发工程师（python-量化赛道）-北京,北京,20-99人,本科,0,9999999,12
119,python开发工程师,北京,1000-9999人,本科,15,35,12
120,后端开发工程师（AIGC方向）,北京,0-20人,本科,15,30,14
121,爬虫python工程师,上海,100-499人,本科,10,25,12
122,资深后端工程师,深圳,20-99人,本科,25,50,14
123,Python开发,上海,1000-9999人,本科,12,20,13
124,图像算法工程师,杭州,暂无,硕士,13,23,12
125,平台开发工程师 （python）-雷火事业群-平台创新中心-效能平台部,杭州,10000人以上,本科,0,9999999,12
126,Python开发工程师,上海,暂无,学历不限,40,60,18
127,后端工程师（周末双休，五险一金）,长沙,暂无,本科,6,10,12
128,开发工程师,广州,20-99人,本科,13,23,14
129,量化开发工程师（python）,北京,20-99人,硕士,20,40,15
130,游戏服务器开发工程师,深圳,500-999人,本科,11,20,12
131,python开发,北京,20-99人,硕士,35,55,16
132,研发工程师,杭州,1000-9999人,本科,15,40,15
133,Python,北京,10000人以上,本科,15,25,14
134,Python,南京,20-99人,本科,11,18,14
135,算法工程师,北京,20-99人,本科,25,50,12
136,Python系统开发工程师,成都,100-499人,本科,15,30,14
137,通用软件开发工程师Java/Python/C/C++/测试/算法工程师,深圳,10000人以上,本科,15,30,15
138,Python,上海,10000人以上,本科,12,24,15
139,python开发工程师,广州,1000-9999人,本科,15,35,12
140,python开发工程师,西安,1000-9999人,本科,15,19,12
141,量化开发工程师（Python）,上海,100-499人,本科,20,45,12
142,Python,长沙,20-99人,学历不限,9,12,12
143,python开发,上海,1000-9999人,本科,17,20,12
144,python,西安,10000人以上,本科,13,23,12
145,企业信息中心Python开发工程师,深圳,暂无,硕士,10,15,12
146,量化程序开发岗,北京,10000人以上,本科,15,30,12
147,高级Python开发工程师,北京,1000-9999人,学历不限,25,35,14
148,游戏工具链开发工程师,广州,20-99人,本科,13,23,14
149,python,成都,10000人以上,本科,12,24,14
150,软件工程师,重庆,20-99人,本科,10,25,12
151,Python高级开发,北京,20-99人,本科,40,60,16
152,研发工程师,上海,1000-9999人,本科,15,40,15
153,python开发,东莞,10000人以上,本科,8,19,12
154,量化研究员,北京,暂无,本科,0,9999999,12
155,软件开发工程师,杭州,1000-9999人,学历不限,0,9999999,0
156,Python系统开发工程师,成都,100-499人,本科,15,30,14
157,通用软件开发工程师Java/Python/C/C++/测试/算法工程师,成都,10000人以上,本科,15,30,15
158,软件开发工程师,上海,10000人以上,学历不限,18,30,15
159,python开发工程师,深圳,1000-9999人,本科,15,35,12
160,Python开发工程师,苏州,1000-9999人,本科,0,9999999,12
161,Python开发工程师,上海,1000-9999人,本科,20,40,14
162,python工程师(远程兼职),广州,20-99人,学历不限,6,16,12
163,高级爬虫工程师,深圳,1000-9999人,本科,20,40,15
164,python开发,西安,10000人以上,本科,11,26,14
165,Python开发工程师,深圳,暂无,本科,20,40,16
166,自动化硬件测试工程师,杭州,10000人以上,本科,20,40,14
167,高级机器学习算法工程师,北京,0-20人,硕士,25,50,14
168,高级Python开发工程师,北京,1000-9999人,本科,0,9999999,12
169,OD-python,成都,10000人以上,本科,15,35,16
170,Python开发工程师（后端）,北京,100-499人,本科,0,9999999,12
171,人工智能研究专员,杭州,1000-9999人,硕士,0,9999999,12
172,研发工程师,北京,1000-9999人,本科,15,40,15
173,python,北京,10000人以上,本科,15,25,12
174,软件开发工程师,北京,暂无,本科,0,9999999,12
175,软件测试工程师,西安,1000-9999人,本科,15,30,16
176,后端开发,北京,500-999人,本科,13,25,16
177,通用软件开发工程师Java/Python/C/C++/测试/算法工程师,武汉,10000人以上,本科,15,30,15
178,后端开发工程师,上海,10000人以上,本科,20,40,15
179,python开发工程师,成都,1000-9999人,本科,15,35,12
180,QT开发工程师(T4619),上海,100-499人,本科,18,28,14
181,python开发工程师,成都,1000-9999人,本科,14,28,12
182,运维开发工程师（Python）（2023届校招）(J11214),苏州,1000-9999人,本科,13,15,12
183,Python工程师（语音识别，本部岗）,北京,1000-9999人,本科,9,11,12
184,Python开发工程师,上海,20-99人,本科,0,9999999,12
185,软件工程师-虚拟化研发工程师,北京,100-499人,本科,0,9999999,0
186,自动化硬件测试工程师,东莞,10000人以上,本科,20,40,14
187,Python软件开发工程师,深圳,10000人以上,本科,13,29,14
188,python后端开发,深圳,10000人以上,本科,15,40,15
189,OD-python,北京,10000人以上,本科,15,35,16
190,Python工程师,深圳,10000人以上,本科,15,25,14
191,Python开发工程师,深圳,10000人以上,本科,15,30,14
192,研发工程师,西安,1000-9999人,本科,15,40,15
193,python,上海,10000人以上,本科,15,25,12
194,量化开发工程师,北京,暂无,本科,0,9999999,12
195,软件测试工程师,成都,1000-9999人,本科,15,30,16
196,Python开发/算法工程师/双休/社保全额/线上远程面试,北京,10000人以上,本科,15,30,16
197,【狂飙】软件开发工程师,上海,10000人以上,本科,20,30,12
198,Python,深圳,10000人以上,本科,15,40,14
199,Python,北京,10000人以上,本科,15,40,14
200,python开发工程师(D4774),上海,100-499人,本科,20,35,14
201,Python,南京,10000人以上,本科,15,40,14
202,Python,杭州,10000人以上,本科,15,40,14
203,应用开发工程师,北京,1000-9999人,本科,10,17,12
204,Python,成都,10000人以上,本科,15,40,14
205,Python,西安,10000人以上,本科,15,40,14
206,AI软件开发工程师,杭州,10000人以上,本科,20,30,16
207,软件开发工程师（Python）,深圳,10000人以上,本科,15,30,16
208,Python软件开发,北京,10000人以上,本科,15,30,14
209,OD-python,上海,10000人以上,本科,15,35,16
210,python,深圳,10000人以上,本科,12,30,14
211,java/C/C++/web/Python/测试/golang/算法,武汉,10000人以上,本科,15,30,15
212,云计算开发,杭州,1000-9999人,本科,15,30,12
213,python,广州,10000人以上,本科,15,25,12
214,java/C/C++/web/Python/测试/golang/算法,深圳,10000人以上,本科,15,30,15
215,java/C/C++/web/Python/测试/golang/算法,北京,10000人以上,本科,15,30,15
216,python,北京,10000人以上,本科,15,30,16
217,python开发工程师,西安,10000人以上,本科,15,30,16
218,python（数据开发）,北京,10000人以上,本科,15,40,16
219,C/C++/Java/Python软开,深圳,10000人以上,本科,12,30,15
220,软件开发工程师,杭州,10000人以上,本科,15,30,14
221,Python开发工程师,深圳,10000人以上,本科,12,35,14
222,通用软件开发工程师Java/Python/C/C++/测试/算法工程师,西安,10000人以上,本科,15,30,15
223,通用软件开发工程师Java/Python/C/C++/测试/算法工程师,北京,10000人以上,本科,15,30,15
224,通用软件开发工程师Java/Python/C/C++/测试/算法工程师,广州,10000人以上,本科,15,30,15
225,Python工程师,东莞,10000人以上,本科,10,30,14
226,Python工程师,西安,10000人以上,本科,10,30,14
227,Python工程师,成都,10000人以上,本科,10,30,14
228,java/Python/C/C++/数据开发/算法/测试,成都,10000人以上,本科,15,30,16
229,OD-python,南京,10000人以上,本科,15,35,16
230,Python工程师,北京,10000人以上,本科,15,30,16
231,Python工程师,上海,10000人以上,本科,15,30,16
232,Python工程师,深圳,10000人以上,本科,15,30,16
233,python,深圳,10000人以上,本科,15,25,12
234,Python工程师,成都,10000人以上,本科,15,30,16
235,Python工程师,南京,10000人以上,本科,15,30,16
236,Python工程师,武汉,10000人以上,本科,15,30,16
237,Python开发工程师,杭州,10000人以上,本科,15,30,15
238,Python软件开发工程师,北京,10000人以上,本科,15,30,15
239,Python开发工程师,西安,10000人以上,本科,15,40,13
240,Python开发工程师,西安,10000人以上,本科,15,40,13
241,python软件开发工程师 | OD岗 线上面试，六险一金，多地华为研究所可选择,深圳,10000人以上,本科,18,40,14
242,python软件开发工程师 | OD岗 线上面试，六险一金，多地华为研究所可选择,西安,10000人以上,本科,18,35,14
243,Python开发工程师,西安,10000人以上,本科,15,40,13
244,Python开发工程师,西安,10000人以上,本科,15,40,13
245,Python开发工程师,西安,10000人以上,本科,15,30,12
246,华为云python开发,杭州,10000人以上,本科,16,30,16
247,python,杭州,10000人以上,本科,15,25,12
248,python,南京,10000人以上,本科,15,25,12
249,Python开发工程师,成都,10000人以上,本科,16,26,14
250,python,成都,10000人以上,本科,15,25,12
251,python,武汉,10000人以上,本科,15,25,12
252,python,西安,10000人以上,本科,15,25,12
253,python,东莞,10000人以上,本科,15,25,12
254,python,深圳,10000人以上,本科,15,35,13
255,AI软件开发工程师,杭州,10000人以上,本科,15,30,14
256,python开发工程师,北京,10000人以上,本科,20,40,14
257,python开发工程师,杭州,10000人以上,本科,15,30,12
258,通用软件开发工程师,杭州,10000人以上,本科,16,30,16
259,python开发,上海,10000人以上,本科,15,25,12
260,软件测试工程师-华为OD,南京,10000人以上,本科,15,30,14
261,算法工程师,杭州,10000人以上,本科,16,30,14
262,Python软件开发工程师,深圳,10000人以上,本科,15,30,16
263,Python软件开发工程师,西安,10000人以上,本科,15,30,16
264,Python,西安,10000人以上,本科,15,25,12
265,软件开发工程师(Python),西安,10000人以上,本科,25,35,12
266,软件开发工程师(Python),深圳,10000人以上,本科,25,35,12
267,华为软件开发工程师（前端/后端/测开）,上海,10000人以上,本科,15,50,15
268,Python开发工程师,西安,10000人以上,本科,15,40,13
269,Python开发工程师,西安,10000人以上,本科,15,40,13
270,Python开发工程师,西安,10000人以上,本科,15,40,13
271,Python开发工程师,西安,10000人以上,本科,15,40,13
272,Python开发工程师,西安,10000人以上,本科,15,25,12
273,Python开发工程师-成都,成都,10000人以上,本科,15,25,14
274,Python开发工程师,上海,10000人以上,本科,15,25,12
275,python开发工程师,西安,10000人以上,本科,15,30,15
276,软件开发工程师（Python）,西安,10000人以上,本科,15,30,14
277,Python开发,西安,10000人以上,本科,15,28,15
278,python开发工程师,杭州,10000人以上,本科,15,25,14
279,python软件开发工程师,西安,10000人以上,本科,0,9999999,12
