,0,1,2,3,4,5,6
0,web前端,上海,20-99人,本科,6,12,13
1,【2024校招】web前端工程师,北京,1000-9999人,本科,14,18,15
2,web前端,深圳,1000-9999人,本科,18,40,14
3,【2024校招】web前端开发工程师,北京,500-999人,本科,14,18,15
4,web前端开发工程师【2024届正式批专场】,北京,1000-9999人,学历不限,0,9999999,12
5,【2024届秋招】web前端开发工程师,北京,1000-9999人,本科,12,16,14
6,Web前端开发工程师【正式批专场】,北京,100-499人,学历不限,15,25,14
7,前端开发工程师（重庆）,重庆,1000-9999人,本科,0,9999999,12
8,24届-前端开发工程师,上海,500-999人,学历不限,0,9999999,12
9,web前端,深圳,100-499人,学历不限,10,20,12
10,航天宏图-web前端开发工程师,北京,10000人以上,本科,10,20,12
11,前端开发实习生,北京,1000-9999人,本科,150,300,0
12,前端开发实习生,北京,10000人以上,本科,200,400,0
13,提前批-Web前端实习生(J13948),北京,1000-9999人,本科,170,230,0
14,web前端,上海,暂无,本科,150,200,0
15,web前端开发实习生,北京,1000-9999人,本科,400,450,0
16,前端工程师-实习,上海,0-20人,本科,300,500,0
17,前端开发（高级）工程师—云平台方向（xiaozhao/shixi）,北京,10000人以上,本科,400,500,0
18,webweb前端工程师,上海,20-99人,本科,200,300,0
19,Web前端开发实习生,杭州,10000人以上,本科,240,360,0
20,web前端实习生,上海,100-499人,本科,300,400,0
21,web前端,北京,20-99人,大专,260,370,0
22,前端开发工程师,北京,500-999人,本科,150,300,0
23,【日常实习】Web前端工程师,北京,10000人以上,本科,0,9999999,0
24,前端开发实习生,北京,10000人以上,本科,150,300,0
25,web前端研发实习生,北京,500-999人,本科,250,300,0
26,Webweb前端开发实习生【2024届】,深圳,500-999人,本科,200,250,0
27,前端开发实习生,上海,1000-9999人,本科,270,320,0
28,Web全栈工程师实习生,杭州,20-99人,本科,300,500,0
29,区块链前端开发实习生,杭州,0-20人,本科,200,300,0
30,web前端开发实习,上海,20-99人,本科,150,200,0
31,web前端,上海,1000-9999人,学历不限,200,250,0
32,【23暑期实习】WEB前端开发实习生(J10593),北京,500-999人,本科,150,200,0
33,提前批-Web前端实习生(J14005),北京,1000-9999人,本科,160,250,0
34,web前端,深圳,暂无,本科,150,200,0
35,前端开发工程师,北京,1000-9999人,本科,150,230,0
36,web前端,上海,10000人以上,本科,300,350,0
37,字节高级/资深前端研发工程师-开发者服务（xiaozhao/shixi）,广州,10000人以上,本科,400,500,0
38,webweb前端工程师,杭州,20-99人,本科,200,300,0
39,Web前端开发,北京,1000-9999人,本科,200,230,0
40,web前端实习生,北京,100-499人,本科,300,400,0
41,web前端,上海,20-99人,大专,260,370,0
42,前端开发工程师,上海,500-999人,本科,150,300,0
43,【日常实习】实习-Web前端工程师,北京,10000人以上,本科,0,9999999,0
44,Web 前端开发工程师,成都,暂无,本科,200,500,0
45,web前端,深圳,20-99人,本科,150,180,0
46,知乎前端开发实习生【急招】,北京,1000-9999人,本科,150,300,0
47,前端开发实习生,苏州,20-99人,本科,100,250,0
48,web前端开发 ,上海,20-99人,本科,150,200,0
49,web前端开发,上海,20-99人,本科,150,200,0
50,前端开发,北京,1000-9999人,本科,200,400,0
51,前端开发实习生,深圳,20-99人,本科,400,440,0
52,软件开发实习生（web前端）,南京,100-499人,硕士,200,250,0
53,实习-前端开发（北京落户指标）J13764,北京,1000-9999人,本科,180,220,0
54,web前端,广州,暂无,本科,150,200,0
55,前端开发工程师,成都,1000-9999人,本科,150,230,0
56,全栈工程师,北京,10000人以上,本科,300,500,0
57,前端开发实习生,北京,100-499人,本科,200,500,0
58,webweb前端工程师,苏州,20-99人,本科,200,300,0
59,阿里云2024届校园暑期实习招聘,北京,10000人以上,硕士,400,450,0
60,web前端实习生,深圳,100-499人,本科,300,400,0
61,web开发岗（23届可转正）,上海,100-499人,本科,250,300,0
62,前端开发工程师,广州,500-999人,本科,150,300,0
63,前端实习生,深圳,20-99人,本科,150,300,0
64,web前端开发实习生,广州,1000-9999人,学历不限,110,120,0
65,前端开发工程师,北京,20-99人,本科,300,500,0
66,前端工程师（实习）(J10291),深圳,100-499人,本科,0,9999999,0
67,web前端,杭州,10000人以上,本科,0,9999999,0
68,web前端实习速来宝子们,上海,1000-9999人,本科,200,360,0
69,Webweb前端研发实习生,上海,1000-9999人,本科,400,450,0
70,前端开发实习生,北京,1000-9999人,本科,200,400,0
71,web前端开发（包含秋招）,上海,10000人以上,本科,260,400,0
72,web前端校招生（实习）,广州,100-499人,本科,200,210,13
73,提前批-Web前端实习生(J13948),北京,1000-9999人,本科,170,230,0
74,前端开发工程师（实习）,上海,20-99人,本科,150,240,15
75,前端开发工程师,大连,1000-9999人,本科,150,230,0
76,前端实习生招聘,北京,10000人以上,学历不限,250,300,0
77,前端开发实习生,北京,100-499人,学历不限,250,400,0
78,web前端工程师（实习）,深圳,20-99人,学历不限,180,260,12
79,阿里云2024届校园暑期实习招聘,杭州,10000人以上,硕士,400,450,0
80,web前端开发实习生,北京,0-20人,本科,150,250,0
81,开发实习生,深圳,20-99人,本科,200,300,0
82,前端开发工程师,深圳,500-999人,本科,150,300,0
83,Web前端开发实习生,上海,20-99人,本科,150,200,0
84,React前端工程师（可远程）,北京,20-99人,本科,200,350,0
85,南通前端实习生,南通,20-99人,本科,150,200,0
86,web前端开发实习生,杭州,100-499人,本科,200,350,0
87,前端开发工程师,杭州,500-999人,本科,150,300,0
88,前端开发工程师,西安,500-999人,本科,150,300,0
89,前端开发工程师,厦门,500-999人,本科,150,300,0
90,前端开发实习,北京,1000-9999人,学历不限,260,500,0
91,前端开发工程师（2024届暑期实习生）,深圳,10000人以上,本科,200,230,0
92,前端开发工程师,武汉,500-999人,本科,150,300,0
93,前端实习生(J14100),北京,1000-9999人,本科,150,250,0
94,前端开发工程师,南京,500-999人,本科,150,300,0
95,前端工程师（J13747),大连,1000-9999人,本科,150,200,0
96,前端开发工程师,成都,500-999人,本科,150,300,0
97,前端开发实习,广州,1000-9999人,学历不限,260,500,0
98,23校招-前端工程师（J13747),大连,1000-9999人,本科,150,200,0
99,前端开发实习生,杭州,10000人以上,本科,200,250,0
100,前端工程师（J13747),大连,1000-9999人,本科,150,200,0
101,web前端开发工程师,北京,10000人以上,本科,12,45,16
102,新浪移动前端基础架构组-前端开发工程师,北京,1000-9999人,本科,15,35,14
103,web前端开发工程师,北京,10000人以上,本科,11,35,14
104,webweb前端开发,广州,20-99人,大专,8,14,12
105,web前端（社招）,上海,20-99人,本科,10,15,13
106,WEB前端开发工程师,杭州,20-99人,本科,8,13,12
107,前端实习生(J14163),北京,1000-9999人,本科,3,5,12
108,前端开发,北京,10000人以上,本科,16,30,13
109,Web前端开发工程师（代发）,西安,500-999人,本科,13,40,14
110,前端开发专家,北京,暂无,硕士,15,25,12
111,前端研发工程师-抖音平台策略-939,北京,10000人以上,本科,20,40,12
112,web前端,深圳,1000-9999人,本科,20,40,15
113,web前端开发工程师,深圳,暂无,本科,14,28,13
114,web前端,广州,10000人以上,本科,15,40,14
115,金融平台-美股清结算系统Web前端开发OTA系统工程师,深圳,1000-9999人,本科,0,9999999,12
116,React前端工程师,上海,暂无,本科,15,20,13
117,前端开发工程师,北京,20-99人,本科,0,9999999,12
118,前端可视化工程师(J10898),杭州,500-999人,本科,18,25,13
119,web前端开发,北京,20-99人,本科,15,30,15
120,web前端工程师,西安,1000-9999人,本科,0,9999999,12
121,web前端开发工程师,深圳,10000人以上,本科,12,45,16
122,Web前端高级研发工程师,南京,100-499人,本科,15,30,14
123,web前端开发工程师,上海,10000人以上,本科,11,35,14
124,前端开发工程师,杭州,1000-9999人,本科,12,20,12
125,web前端开发（零经验）,上海,20-99人,本科,6,12,13
126,WEB前端开发工程师,西安,20-99人,本科,8,13,12
127,前端工程师开发,上海,20-99人,本科,8,15,13
128,web前端,上海,1000-9999人,本科,0,9999999,12
129,高级web前端开发工程师,杭州,1000-9999人,本科,15,35,14
130,web前端,南京,10000人以上,本科,0,9999999,0
131,前端开发工程师-业务架构与平台方向-今日头条-nx0,广州,10000人以上,本科,20,40,12
132,web前端,西安,1000-9999人,本科,20,40,15
133,web前端—社招OD岗,西安,1000-9999人,本科,18,35,16
134,web前端,东莞,10000人以上,本科,15,40,14
135,网站前端开发工程师,广州,20-99人,本科,12,24,12
136,「社招」高级前端工程师,广州,1000-9999人,本科,0,9999999,12
137,web前端开发工程师（宁波）,宁波,20-99人,本科,9,20,13
138,【快手】前端开发,北京,10000人以上,本科,0,9999999,12
139,大淘宝内容技术web前端开发,杭州,10000人以上,本科,0,9999999,12
140,web前端,杭州,100-499人,本科,16,25,14
141,云服务Web开发工程师,深圳,10000人以上,本科,15,35,12
142,web前端,上海,1000-9999人,本科,10,18,12
143,web前端开发工程师,杭州,10000人以上,本科,11,35,14
144,Web前端开发工程师,济南,100-499人,本科,8,14,14
145,web前端,东莞,20-99人,学历不限,8,12,13
146,WEB前端开发工程师,济南,20-99人,本科,8,13,12
147,WEB前端开发工程师（可一直远程办公）,苏州,20-99人,学历不限,15,30,14
148,前端开发工程师,上海,1000-9999人,学历不限,30,60,16
149,高级web前端开发工程师,上海,1000-9999人,本科,15,50,15
150,web前端工程师,长沙,20-99人,本科,11,21,16
151,web前端开发工程师-音乐-luu,上海,10000人以上,本科,25,50,12
152,web前端,东莞,1000-9999人,本科,20,40,15
153,web前端—社招OD岗,杭州,1000-9999人,本科,18,35,16
154,web前端,深圳,10000人以上,本科,15,40,14
155,华为OD前端开发,成都,1000-9999人,本科,14,30,14
156,前端开发工程师,成都,20-99人,大专,6,10,12
157,前端研发工程师,北京,10000人以上,学历不限,20,40,12
158,web前端开发,武汉,1000-9999人,本科,15,30,12
159,大淘宝内容技术web前端开发,北京,10000人以上,本科,0,9999999,12
160,web前端开发,杭州,100-499人,本科,15,25,14
161,web前端开发,深圳,10000人以上,本科,15,30,16
162,前端开发工程师,北京,100-499人,本科,15,25,15
163,web前端开发工程师,南京,10000人以上,本科,11,35,14
164,农银金科Web开发岗,北京,10000人以上,本科,0,9999999,12
165,web前端开发工程师,北京,1000-9999人,硕士,10,25,14
166,前端研发实习生,北京,500-999人,本科,6,10,12
167,高级前端开发工程师,贵阳,20-99人,本科,8,15,12
168,高级Web前端开发工程师,上海,1000-9999人,本科,25,50,18
169,软件工程师-Web前端,北京,100-499人,本科,0,9999999,0
170,前端开发工程师,杭州,1000-9999人,硕士,17,30,15
171,web前端-字节-商业化,北京,10000人以上,学历不限,0,9999999,12
172,web前端,西安,1000-9999人,本科,18,40,14
173,web前端—社招OD岗,深圳,1000-9999人,本科,18,35,16
174,web前端,济南,10000人以上,本科,15,40,14
175,webweb前端,成都,1000-9999人,本科,15,30,15
176,云平台开发工程师-Web可视化方向,北京,1000-9999人,本科,16,35,12
177,web前端开发工程师,成都,10000人以上,本科,11,35,14
178,web前端开发工程师,深圳,10000人以上,本科,11,35,14
179,web前端开发工程师,东莞,10000人以上,本科,15,35,14
180,web前端开发,杭州,10000人以上,本科,15,30,16
181,web前端开发,南京,10000人以上,本科,15,30,16
182,web前端,西安,10000人以上,本科,15,30,16
183,web前端,深圳,10000人以上,本科,15,30,16
184,web前端,北京,10000人以上,本科,15,30,16
185,web前端开发工程师,西安,1000-9999人,硕士,10,25,14
186,web前端,深圳,10000人以上,本科,15,40,14
187,web前端,北京,10000人以上,本科,15,40,14
188,web前端,杭州,10000人以上,本科,15,40,14
189,web前端,南京,10000人以上,本科,15,40,14
190,web前端,成都,10000人以上,本科,15,40,14
191,web前端,西安,10000人以上,本科,15,40,14
192,WEB前端开发工程师,深圳,1000-9999人,本科,15,25,14
193,WEB开发（华为云）,北京,10000人以上,本科,12,30,15
194,web前端,西安,10000人以上,本科,15,40,14
195,webweb前端,上海,1000-9999人,本科,15,30,15
196,web前端,深圳,10000人以上,本科,12,24,14
197,前端开发工程师,深圳,10000人以上,本科,15,30,14
198,前端开发工程师,广州,10000人以上,本科,15,30,14
199,前端开发工程师,南京,10000人以上,本科,15,30,14
200,前端开发工程师,西安,10000人以上,本科,15,30,14
201,前端开发工程师,东莞,10000人以上,本科,15,30,14
202,前端开发工程师,北京,10000人以上,本科,15,30,14
203,前端开发工程师,杭州,10000人以上,本科,15,40,14
204,前端开发工程师,南京,10000人以上,本科,15,40,14
205,前端开发工程师,深圳,10000人以上,本科,15,40,14
206,前端开发工程师,东莞,10000人以上,本科,15,40,14
207,前端开发工程师,成都,10000人以上,本科,15,40,14
208,前端开发工程师,西安,10000人以上,本科,15,40,14
209,前端开发工程师,武汉,10000人以上,本科,15,40,14
210,web前端,深圳,10000人以上,本科,10,35,16
211,前端开发工程师（可接受23届，六险一金）,西安,10000人以上,本科,15,30,12
212,WEB前端开发工程师,南京,1000-9999人,本科,15,25,14
213,webweb前端,北京,10000人以上,本科,15,30,14
214,web前端,北京,10000人以上,本科,15,40,14
215,前端web开发工程师,成都,1000-9999人,本科,14,28,12
216,webweb前端,上海,10000人以上,本科,15,30,14
217,webweb前端,广州,10000人以上,本科,15,30,14
218,webweb前端,深圳,10000人以上,本科,15,30,14
219,webweb前端,西安,10000人以上,本科,15,30,14
220,webweb前端,东莞,10000人以上,本科,15,30,14
221,web前端,上海,10000人以上,本科,15,40,14
222,web前端,成都,10000人以上,本科,15,40,14
223,web前端开发工程师——外企德科,深圳,10000人以上,本科,15,30,16
224,web前端开发,北京,10000人以上,本科,15,30,15
225,web前端,北京,10000人以上,本科,15,30,15
226,前端开发工程师,西安,10000人以上,本科,10,30,16
227,华为招聘前端开发(OD),深圳,10000人以上,本科,20,40,16
228,前端开发（可线上面试）,深圳,10000人以上,本科,0,9999999,12
229,软件开发（前端）,东莞,10000人以上,本科,15,35,14
230,软件开发工程师（web前端、web后端）,东莞,10000人以上,本科,15,40,14
231,华为云-前端开发德科OD,成都,10000人以上,本科,15,30,16
232,华为云-前端开发德科OD,深圳,10000人以上,本科,15,30,16
233,华为云-前端开发德科OD,北京,10000人以上,本科,15,30,16
234,华为云-前端开发德科OD,西安,10000人以上,本科,15,30,16
235,华为云-前端开发德科OD,杭州,10000人以上,本科,15,30,16
236,华为云-前端开发德科OD,南京,10000人以上,本科,15,30,16
237,前端开发工程师,深圳,10000人以上,本科,20,40,14
238,前端开发工程师,西安,10000人以上,本科,20,40,14
239,前端开发工程师,武汉,10000人以上,本科,20,40,14
240,前端开发工程师,北京,10000人以上,本科,20,40,14
241,前端开发工程师,上海,10000人以上,本科,20,40,14
242,前端开发工程师,杭州,10000人以上,本科,20,40,14
243,华为OD web前端,深圳,10000人以上,本科,15,30,14
244,华为OD web前端,杭州,10000人以上,本科,15,30,14
245,web前端开发工程,深圳,10000人以上,本科,15,30,15
246,web前端开发工程,南京,10000人以上,本科,15,30,15
247,web前端开发工程,西安,10000人以上,本科,15,30,15
248,Web前端开发工程师【OD】,成都,10000人以上,本科,15,25,14
249,web前端,西安,10000人以上,本科,13,20,12
250,软件开发工程师（前端）,西安,10000人以上,本科,20,35,12
251,React/JS开发大数据开发工程师-OD,北京,10000人以上,本科,15,30,15
252,Web前端,东莞,10000人以上,本科,15,25,12
253,前端开发工程师,武汉,10000人以上,学历不限,15,30,12
254,前端开发工程师,武汉,10000人以上,本科,9,35,14
255,Web前端开发工程师-成都,成都,10000人以上,本科,15,25,12
256,Web前端开发工程师,上海,10000人以上,本科,15,25,12
257,Web前端开发工程师,西安,10000人以上,本科,15,25,12
258,web前端工程师,西安,10000人以上,本科,15,30,14
259,前端开发工程师-科锐：西安华为OD招聘,西安,10000人以上,本科,10,40,15
260,软件开发工程师（前端）,西安,10000人以上,本科,15,30,14
261,web前端高级工程师,西安,10000人以上,本科,0,9999999,12
262,JS软件开发工程师,东莞,10000人以上,本科,15,25,15
