,职位,地点,招聘人数,学历要求,最低月薪,最高月薪,发薪月份,平均薪资
0,通用软件开发工程师,杭州,10000人以上,本科,13.11,29.87,12.0,21.490000000000002
1,后端开发,上海,20-99人,学历不限,13.0,23.0,13.0,18.0
2,后端,上海,1000-9999人,本科,13.11,29.87,,21.490000000000002
3,【字节跳动】2024届校招提前批,北京,10000人以上,学历不限,13.11,29.87,12.0,21.490000000000002
4,【百度校招提前批】C++/PHP/GO研发工程师（边缘云方向）,深圳,10000人以上,本科,13.11,29.87,,21.490000000000002
5,磁共振成像研究员,北京,500-999人,硕士,22.0,32.0,12.0,27.0
6,通用软件开发工程师,杭州,1000-9999人,本科,20.0,40.0,15.0,30.0
7,数据研发工程师,北京,10000人以上,本科,18.0,28.0,12.0,23.0
8,京东-后端开发工程师,北京,10000人以上,硕士,13.11,29.87,,21.490000000000002
9,软件开发工程师,成都,1000-9999人,本科,13.11,29.87,12.0,21.490000000000002
10,服务器端开发工程师,深圳,20-99人,本科,15.0,30.0,12.0,22.5
11,24届提前批-软件工程师,西安,1000-9999人,本科,13.11,29.87,12.0,21.490000000000002
12,2024届—机器人后端开发,上海,100-499人,本科,15.0,30.0,15.0,22.5
13,软件研发工程师 (2023届校招)(J11284),苏州,1000-9999人,本科,13.0,18.0,15.0,15.5
14,通用软件工程师,上海,10000人以上,本科,13.11,29.87,12.0,21.490000000000002
15,【校招】游戏服务端开发工程师（北京）,北京,500-999人,本科,10.0,20.0,14.0,15.0
16,软件开发工程师（24届校招）,南京,10000人以上,本科,13.11,29.87,12.0,21.490000000000002
17,【急招】字节跳动-生活服务 秋招内推,深圳,10000人以上,本科,26.0,36.0,12.0,31.0
18,【百度校招提前批】C++/PHP/GO研发工程师（调度方向）,深圳,10000人以上,本科,13.11,29.87,12.0,21.490000000000002
19,后端开发工程师-国际电商,深圳,10000人以上,本科,20.0,26.0,12.0,23.0
20,后端开发工程师-国际电商,珠海,10000人以上,本科,16.0,21.0,12.0,18.5
21,网络研发工程师,北京,10000人以上,学历不限,13.11,29.87,,21.490000000000002
22,AI软件开发（杭州、成都、西安）,杭州,10000人以上,本科,13.11,29.87,12.0,21.490000000000002
23,【24届提前批】百度基础平台开发工程师,北京,10000人以上,本科,13.11,29.87,12.0,21.490000000000002
24,后端,北京,10000人以上,本科,20.0,30.0,16.0,25.0
25,后端,上海,10000人以上,本科,20.0,30.0,16.0,25.0
26,后端,深圳,10000人以上,本科,20.0,30.0,16.0,25.0
27,后端开发工程师-直播,上海,10000人以上,本科,13.11,29.87,12.0,21.490000000000002
28,后端开发,北京,10000人以上,本科,13.11,29.87,12.0,21.490000000000002
29,抖音支付后端（校招）,北京,10000人以上,本科,13.11,29.87,12.0,21.490000000000002
30,抖音支付-后端开发,北京,10000人以上,本科,13.11,29.87,12.0,21.490000000000002
31,通用软件开发工程师,北京,10000人以上,本科,13.0,30.0,13.0,21.5
32,2024届—机器人后端开发,上海,100-499人,本科,15.0,30.0,15.0,22.5
33,后端开发工程师,上海,10000人以上,本科,20.0,35.0,15.0,27.5
34,通用软件开发工程师,上海,10000人以上,本科,15.0,30.0,15.0,22.5
35,创新实验室软件工程师,北京,10000人以上,本科,18.0,28.0,14.0,23.0
36,后端开发实习生-新业务,北京,10000人以上,本科,13.11,29.87,12.0,21.490000000000002
37, 云计算软件开发工程师 秋招,杭州,10000人以上,本科,12.0,30.0,,21.0
38,后端,北京,暂无,本科,4.5,6.0,,5.25
39,AI平台研发工程师,北京,100-499人,本科,9.0,30.0,,19.5
40,软件开发暑期实习&秋招（24届内推）,苏州,100-499人,本科,4.5,9.0,,6.75
41,后端实习生,深圳,20-99人,本科,4.5,6.0,,5.25
42,后端开发实习生-抖音支付,北京,10000人以上,本科,12.0,13.5,,12.75
43,后端开发（实习）,北京,20-99人,学历不限,6.6,15.0,13.0,10.8
44,2024实习——后端工程师,北京,1000-9999人,本科,13.11,29.87,,21.490000000000002
45,【日常实习】系统工程组后端实习生,北京,10000人以上,本科,13.11,29.87,,21.490000000000002
46,Rust分布式存储开发,北京,20-99人,本科,6.0,9.0,,7.5
47,后端开发实习生,长沙,10000人以上,本科,3.6,4.5,,4.05
48,提前批-Java开发工程师（J13757）,北京,1000-9999人,硕士,5.4,7.5,,6.45
49,后端研发（实习）,北京,20-99人,本科,6.0,9.0,15.0,7.5
50,后端开发工程师,北京,500-999人,本科,6.0,7.5,,6.75
51,后端开发,深圳,20-99人,学历不限,5.4,7.8,,6.6
52,后端开发实习生,北京,10000人以上,学历不限,6.6,9.0,,7.8
53,后端,上海,1000-9999人,本科,9.0,15.0,,12.0
54,网易有数BI服务端开发实习生,杭州,10000人以上,本科,4.5,6.0,,5.25
55,云计算实习工程师,北京,1000-9999人,本科,3.6,4.5,,4.05
56,后端开发 node.js/python,上海,20-99人,本科,4.5,6.0,,5.25
57,软件开发工程师,东莞,10000人以上,本科,6.0,12.0,,9.0
58,后端,上海,暂无,本科,4.5,6.0,,5.25
59,数字化开发实习生,宁德,10000人以上,本科,4.5,6.0,,5.25
60,后端开发（直播技术）,北京,100-499人,本科,6.0,15.0,,10.5
61,后端开发实习生（直播）,上海,1000-9999人,本科,8.4,15.0,,11.7
62,后端开发实习,北京,10000人以上,本科,9.0,12.0,,10.5
63,后端开发（实习）,上海,20-99人,学历不限,6.6,15.0,13.0,10.8
64,后端开发(node.js/python),上海,20-99人,本科,4.5,6.0,,5.25
65,【日常实习】系统工程组JAVA后端实习生,北京,10000人以上,本科,13.11,29.87,,21.490000000000002
66,Rust高性能网络系统开发,北京,20-99人,本科,6.0,9.0,,7.5
67,传感器融合仿真实习生,北京,100-499人,硕士,6.0,9.0,,7.5
68,研发实习生,北京,1000-9999人,硕士,4.5,6.0,,5.25
69,【23暑期实习】JAVA开发实习生(J10592),北京,500-999人,本科,4.5,6.0,,5.25
70,服务器开发（实习）,北京,20-99人,学历不限,4.5,10.5,,7.5
71,后端开发,成都,20-99人,学历不限,5.4,7.8,,6.6
72,后端开发实习生（杭州）,杭州,1000-9999人,本科,4.8,5.1,,4.949999999999999
73,后端实习生-电商技术,上海,1000-9999人,本科,7.8,10.5,,9.15
74,软件开发工程师,北京,10000人以上,本科,10.5,12.0,,11.25
75,云计算实习工程师,上海,1000-9999人,本科,3.6,4.5,,4.05
76,后端开发实习生（杭州）,杭州,暂无,本科,4.5,6.0,,5.25
77,软件开发工程师AI/算法工程师（24届）,北京,10000人以上,本科,6.0,9.0,,7.5
78,后端,深圳,暂无,本科,4.5,6.0,,5.25
79,Golang/php,杭州,100-499人,本科,4.5,6.0,,5.25
80,后端开发,北京,100-499人,本科,6.0,15.0,,10.5
81,后端开发实习生（数仓平台）,上海,1000-9999人,本科,8.4,15.0,,11.7
82,后端开发实习生-番茄小说,上海,10000人以上,学历不限,10.5,13.5,,12.0
83,后端开发（实习）,广州,20-99人,学历不限,6.6,15.0,13.0,10.8
84,后端开发实习生,上海,100-499人,本科,7.5,9.0,,8.25
85,后端开发实习生（2024届）,杭州,100-499人,本科,7.5,12.0,,9.75
86,华为-计算产品线-软件开发实习生,杭州,1000-9999人,本科,7.5,8.4,,7.95
87,后端实习生,北京,1000-9999人,硕士,10.5,13.5,,12.0
88,数据库存储引擎研发（实习/校招）（实习）,深圳,暂无,本科,9.0,15.0,16.0,12.0
89,【24届阿里云实习】后端工程师,北京,10000人以上,硕士,12.0,13.5,,12.75
90,自动驾驶开发实习生,苏州,100-499人,硕士,12.0,15.0,,13.5
91,后端开发,武汉,20-99人,学历不限,5.4,7.5,,6.45
92,后端开发,大连,1000-9999人,本科,4.8,5.7,,5.25
93,24届实习-服务治理（沧州/承德）(J12243),沧州,10000人以上,本科,4.8,6.0,,5.4
94,后端Leader,成都,10000人以上,学历不限,8.1,11.1,,9.6
95,后端开发实习生,上海,1000-9999人,学历不限,8.1,11.1,,9.6
96,工程效能部-后端研发实习生,北京,10000人以上,本科,7.2,9.0,,8.1
97,通用软件开发大数据开发工程师（实习）,杭州,10000人以上,本科,6.0,15.0,12.0,10.5
98,流媒体后端,杭州,10000人以上,本科,12.0,12.3,,12.15
99,产品开发实习生,北京,100-499人,本科,6.0,9.0,,7.5
100,后端开发,上海,100-499人,本科,6.0,15.0,,10.5
101,后端研发实习生(A208610),杭州,20-99人,本科,9.0,15.0,,12.0
102,后端开发实习生-抖音支付,北京,10000人以上,本科,12.0,13.5,,12.75
103,软件开发工程师,北京,20-99人,大专,11.7,16.8,,14.25
104,后台开发（实习）,武汉,1000-9999人,本科,6.0,6.3,,6.15
105,后端,杭州,10000人以上,本科,13.11,29.87,,21.490000000000002
106,华为-计算产品线-软件开发实习生,东莞,1000-9999人,本科,7.5,8.4,,7.95
107,【24届实习】C++/Java开发工程师-搜推工程,上海,1000-9999人,本科,6.0,9.0,,7.5
108,数据库存储引擎研发（实习/校招）（实习）,北京,暂无,本科,9.0,15.0,16.0,12.0
109,【24届阿里云暑期实习】后端工程师,北京,10000人以上,硕士,12.0,13.5,,12.75
110,自动驾驶开发实习生,上海,100-499人,硕士,12.0,15.0,,13.5
111,java后端研发（实习）,武汉,20-99人,本科,80.0,280.0,,180.0
112,2024实习-后端工程师（北京、大连、成都）(J13977),成都,1000-9999人,本科,13.11,29.87,,21.490000000000002
113,后端开发工程师实习,深圳,10000人以上,本科,13.11,29.87,,21.490000000000002
114,后端Leader,武汉,10000人以上,学历不限,8.1,11.1,,9.6
115,后端开发实习生,北京,1000-9999人,学历不限,8.1,11.1,,9.6
116,[微软亚洲研究院] 前后端算法科研实习生,北京,10000人以上,本科,13.11,29.87,,21.490000000000002
117,通用软件开发大数据开发工程师（实习）,东莞,10000人以上,本科,6.0,15.0,12.0,10.5
118,后端开发（实习）,杭州,10000人以上,硕士,6.0,15.0,12.0,10.5
119,Golang后端开发工程师,北京,20-99人,本科,6.0,9.0,,7.5
120,后端开发,广州,100-499人,本科,6.0,15.0,,10.5
121,后端开发实习生,苏州,10000人以上,本科,8.1,11.1,,9.6
123,软件开发工程师,上海,20-99人,大专,11.7,16.8,,14.25
124,软件开发实习生（后端）,北京,100-499人,本科,6.0,12.0,,9.0
125,后端研发实习生（异构算力AI平台方向）,北京,500-999人,本科,9.0,15.0,,12.0
126,华为-计算产品线-软件开发实习生,西安,1000-9999人,本科,7.5,8.4,,7.95
127,【24届实习】中间件开发工程师,上海,1000-9999人,本科,6.0,9.0,,7.5
128,数据库存储引擎研发（实习/校招）（实习）,成都,暂无,本科,9.0,15.0,16.0,12.0
129,【24届阿里云暑期实习】后端工程师,深圳,10000人以上,硕士,12.0,13.5,,12.75
130,2024秋储-服务端开发实习生,北京,10000人以上,本科,6.0,9.0,,7.5
131,后台实习生,北京,100-499人,本科,12.0,15.0,,13.5
132,2024实习-后端工程师（北京、大连、成都）(J13977),大连,1000-9999人,本科,13.11,29.87,,21.490000000000002
133,学术研发实习生-数据库 Essay 写作,北京,500-999人,本科,6.0,9.0,,7.5
134,后端工程师,上海,100-499人,本科,13.11,29.87,,21.490000000000002
135,后端开发实习生,深圳,1000-9999人,学历不限,8.1,11.1,,9.6
136,软件开发工程师,广州,20-99人,大专,11.7,16.8,,14.25
137,【秋招】通用软件开发工程师,苏州,10000人以上,本科,9.0,10.5,,9.75
138,软件开发工程师,深圳,20-99人,大专,11.7,16.8,,14.25
139,软件开发工程师,天津,20-99人,大专,11.7,16.8,,14.25
140,后端开发,深圳,100-499人,本科,6.0,15.0,,10.5
141,后端开发实习生,北京,10000人以上,本科,8.1,11.1,,9.6
142,字节抖音支付,北京,10000人以上,学历不限,13.11,29.87,,21.490000000000002
143,软件开发工程师,廊坊,20-99人,大专,11.7,16.8,,14.25
144,校 招 软件开发/算法工程师,深圳,10000人以上,硕士,6.0,7.5,,6.75
145, 云计算软件开发工程师 秋招,东莞,10000人以上,本科,12.0,30.0,,21.0
146,后端软件开发实习生,杭州,1000-9999人,本科,8.1,8.4,,8.25
147,【24届实习】C++开发工程师,上海,1000-9999人,本科,6.0,9.0,,7.5
148,【秋招】通用软件开发工程师,杭州,10000人以上,本科,9.0,10.5,,9.75
149,【24届阿里云暑期实习】后端工程师,杭州,10000人以上,硕士,12.0,13.5,,12.75
150,抖音支付后端（实习）,北京,10000人以上,本科,6.0,15.0,12.0,10.5
151,抖音支付-后端开发（实习）,北京,10000人以上,本科,6.0,15.0,12.0,10.5
152,2024实习-后端工程师（北京、大连、成都）(J13977),大连,1000-9999人,本科,13.11,29.87,,21.490000000000002
153,抖音支付-后端开发（实习）,上海,10000人以上,本科,6.0,15.0,12.0,10.5
154,抖音支付-后端开发（实习）,深圳,10000人以上,本科,6.0,15.0,12.0,10.5
155,抖音支付-后端开发（实习）,杭州,10000人以上,本科,6.0,15.0,12.0,10.5
156,抖音支付-后端开发（实习）,武汉,10000人以上,本科,6.0,15.0,12.0,10.5
157, 云计算软件开发工程师 秋招,西安,10000人以上,本科,12.0,30.0,,21.0
158,字节跳动-后端开发实习生,北京,10000人以上,本科,11.7,12.0,,11.85
159,后端实习生,上海,10000人以上,本科,9.0,15.0,,12.0
160,后端实习生,北京,10000人以上,本科,9.0,15.0,,12.0
161,后端实习生,深圳,10000人以上,本科,9.0,15.0,,12.0
162,后端实习生,杭州,10000人以上,本科,9.0,15.0,,12.0
163,字节跳动-直播架构后端开发实习生,北京,10000人以上,本科,12.0,13.5,,12.75
164,字节跳动-直播架构后端开发实习生,深圳,10000人以上,本科,12.0,13.5,,12.75
165,软件开发工程师-实习,上海,10000人以上,本科,9.0,12.0,,10.5
166,软件开发工程师-实习,北京,10000人以上,本科,9.0,12.0,,10.5
167,后端开发实习生-新业务（实习）,北京,10000人以上,本科,6.0,15.0,,10.5
168,基础平台研发工程师（实习生）,杭州,10000人以上,硕士,3.0,15.0,,9.0
169,【24届阿里云实习】后端工程师,杭州,10000人以上,硕士,12.0,13.5,,12.75
170,后端开发实习生-商业化技术,上海,10000人以上,本科,12.0,15.0,,13.5
171,后端开发实习生-存储,北京,10000人以上,本科,12.0,15.0,,13.5
172,后端开发实习生-存储,杭州,10000人以上,本科,12.0,15.0,,13.5
173,后端开发实习生-存储,深圳,10000人以上,本科,12.0,15.0,,13.5
174,23届软开软测,深圳,10000人以上,本科,9.0,15.0,,12.0
175,23届软开软测,南京,10000人以上,本科,9.0,15.0,,12.0
176,23届软开软测,武汉,10000人以上,本科,9.0,15.0,,12.0
177,23届软开软测,西安,10000人以上,本科,9.0,15.0,,12.0
178,云原生数据库内核开发,北京,10000人以上,硕士,50.0,350.0,,200.0
179,阿里云云计算开发实习生 ,北京,10000人以上,硕士,7.5,10.5,,9.0
180,阿里云云计算开发实习生 ,杭州,10000人以上,硕士,7.5,10.5,,9.0
181,后端开发,杭州,10000人以上,本科,9.0,12.0,,10.5
182,后端开发,北京,10000人以上,本科,9.0,12.0,,10.5
183,【阿里巴巴春季内推】2024 届阿里云实习，部门直招,北京,10000人以上,本科,12.0,13.5,,12.75
184,【阿里巴巴春季内推】2024 届阿里云实习，部门直招,上海,10000人以上,本科,12.0,13.5,,12.75
185,【阿里巴巴春季内推】2024 届阿里云实习，部门直招,深圳,10000人以上,本科,12.0,13.5,,12.75
186,【阿里巴巴春季内推】2024 届阿里云实习，部门直招,杭州,10000人以上,本科,12.0,13.5,,12.75
187,华为安卓软件开发工程师（暑期实习）,杭州,10000人以上,本科,7.5,15.6,,11.55
188,后端开发实习生-抖音/抖音直播,北京,10000人以上,本科,12.0,13.5,,12.75
189,后端开发实习生,北京,10000人以上,本科,13.11,29.87,,21.490000000000002
190,【暑期实习】后端开发工程师-支付业务,北京,10000人以上,本科,12.0,30.0,,21.0
191,通用开发工程师,杭州,10000人以上,本科,18.0,25.0,12.0,21.5
192,后端工程师,上海,暂无,学历不限,13.0,20.0,14.0,16.5
193,大数据开发工程师-抖音/直播,北京,10000人以上,本科,30.0,60.0,15.0,45.0
194,后端开发工程师,长沙,1000-9999人,本科,11.0,14.0,12.0,12.5
195,阿里巴巴lazada 卖家链路后端开发【p6】,深圳,1000-9999人,本科,35.0,50.0,16.0,42.5
196,广告服务端开发,上海,1000-9999人,本科,30.0,95.0,23.0,62.5
197,Java/后端/python/C++/算法工程师（欢迎内推）,上海,10000人以上,本科,18.0,28.0,14.0,23.0
198,磁共振成像高级研究员,北京,500-999人,硕士,25.0,40.0,12.0,32.5
199,后端开发,上海,20-99人,本科,8.0,15.0,12.0,11.5
200,后端,北京,10000人以上,学历不限,15.0,45.0,16.0,30.0
201,后端开发（node.js/go/python),上海,20-99人,本科,8.0,15.0,12.0,11.5
202,后端开发,上海,20-99人,本科,8.0,15.0,12.0,11.5
203,华为社招 - 软件开发工程师(OD),上海,10000人以上,本科,13.11,29.87,12.0,21.490000000000002
204,后端开发工程师(初级/中级/高级),北京,10000人以上,本科,18.0,40.0,15.0,29.0
205,渲染引擎研发工程师,广州,1000-9999人,本科,15.0,30.0,15.0,22.5
206,Netsuite软件开发工程师,杭州,暂无,本科,15.0,35.0,13.0,25.0
207,游戏服务器端开发工程师,深圳,20-99人,本科,15.0,30.0,12.0,22.5
208,高级java开发工程师【金融监管】(J10579),北京,500-999人,本科,25.0,35.0,14.0,30.0
209,SCG-高级后端开发工程师1-成都,成都,1000-9999人,本科,13.11,29.87,12.0,21.490000000000002
210,后端,上海,20-99人,本科,25.0,55.0,16.0,40.0
211,软件开发工程师,深圳,10000人以上,本科,15.0,40.0,15.0,27.5
212,模拟CAD设计工程师 ,上海,暂无,本科,25.0,40.0,15.0,32.5
213,抖音生活服务-大数据后端开发工程师,北京,10000人以上,本科,30.0,60.0,16.0,45.0
214,后端开发工程师,长沙,1000-9999人,本科,11.0,14.0,12.0,12.5
215,阿里巴巴lazada 卖家链路后端开发【p6】,广州,1000-9999人,本科,35.0,50.0,16.0,42.5
216,数学研究员,厦门,20-99人,本科,10.0,20.0,12.0,15.0
217,Java/python/Web前端/C++/算法工程师(OD招聘）,上海,10000人以上,本科,18.0,28.0,14.0,23.0
218,Backend Engineer 后端工程师,上海,20-99人,学历不限,18.0,25.0,12.0,21.5
219,后端工程师,深圳,20-99人,本科,8.0,18.0,12.0,13.0
220,百度贴吧后端,北京,10000人以上,本科,13.11,29.87,12.0,21.490000000000002
221,后端-社区方向,上海,1000-9999人,本科,13.11,29.87,12.0,21.490000000000002
222,JAVA后端开发,北京,0-20人,本科,25.0,35.0,15.0,30.0
223,后端开发,杭州,1000-9999人,本科,22.0,32.0,15.0,27.0
224,软件开发工程师（北京）,北京,1000-9999人,本科,10.0,40.0,16.0,25.0
225,后端开发,郑州,100-499人,学历不限,13.11,29.87,12.0,21.490000000000002
226,软件开发架构师（中间件方向）,北京,1000-9999人,本科,13.11,29.87,12.0,21.490000000000002
227,物理设计工程师,上海,20-99人,学历不限,13.11,29.87,,21.490000000000002
228,平台开发工程师,西安,10000人以上,本科,15.0,25.0,14.0,20.0
229,后端开发,北京,1000-9999人,大专,13.0,19.0,12.0,16.0
230,后端,北京,20-99人,本科,25.0,55.0,16.0,40.0
231,软件测试工程师,深圳,10000人以上,本科,15.0,40.0,15.0,27.5
232,模拟CAD设计工程师 ,成都,暂无,本科,25.0,40.0,15.0,32.5
233,抖音生活服务-大数据后端开发工程师,成都,10000人以上,本科,30.0,60.0,16.0,45.0
234,Java/python/C/C++测试/数据开发,杭州,1000-9999人,本科,15.0,35.0,12.0,25.0
235,华为OD项目,深圳,0-20人,本科,20.0,45.0,16.0,32.5
236,图形算法研究员（博士专项）,武汉,1000-9999人,硕士,28.0,40.0,15.0,34.0
237,华为后端OD开发,成都,1000-9999人,本科,14.0,30.0,14.0,22.0
238,（深圳）金融业务-证券基础服务后台开发工程师,深圳,1000-9999人,本科,15.0,25.0,12.0,20.0
239,游戏服务端开发工程师,广州,20-99人,学历不限,10.0,35.0,15.0,22.5
240,后台开发,深圳,100-499人,本科,25.0,50.0,15.0,37.5
241,后端开发,北京,10000人以上,本科,13.11,29.87,12.0,21.490000000000002
242,后端开发工程师,深圳,1000-9999人,本科,20.0,40.0,15.0,30.0
243,软件开发工程师（java/c/c++/python/js),北京,10000人以上,本科,15.0,30.0,16.0,22.5
244,软件开发工程师（西安）,西安,1000-9999人,本科,10.0,40.0,16.0,25.0
245,Java/python/C/C++测试/数据开发,深圳,1000-9999人,本科,15.0,35.0,12.0,25.0
246,Java/python/C/C++测试/数据开发,南京,1000-9999人,本科,15.0,35.0,12.0,25.0
247,Java/python/C/C++测试/数据开发,成都,1000-9999人,本科,15.0,35.0,12.0,25.0
248,Java/python/C/C++测试/数据开发,武汉,1000-9999人,本科,15.0,35.0,12.0,25.0
249,Java/python/C/C++测试/数据开发,西安,1000-9999人,本科,15.0,35.0,12.0,25.0
250,Java/python/C/C++测试/数据开发,北京,1000-9999人,本科,15.0,35.0,12.0,25.0
251,软件开发工程师,北京,10000人以上,本科,15.0,30.0,12.0,22.5
252,Java/python/C/C++测试/数据开发,东莞,1000-9999人,本科,15.0,35.0,12.0,25.0
253,抖音生活服务-大数据后端开发工程师,上海,10000人以上,本科,30.0,60.0,16.0,45.0
254,后端开发工程师-dc5,深圳,10000人以上,本科,25.0,50.0,12.0,37.5
255,后端开发工程师-d6b,上海,10000人以上,本科,20.0,40.0,12.0,30.0
256,后端工程师-抖音生活服务-u36,北京,10000人以上,本科,25.0,50.0,12.0,37.5
257,后端,成都,1000-9999人,本科,15.0,30.0,16.0,22.5
258,（深圳）金融业务-账户系统web后台开发工程师,深圳,1000-9999人,本科,20.0,30.0,15.0,25.0
259,后端研发工程师-中国区商业平台-hwj,北京,10000人以上,本科,20.0,40.0,12.0,30.0
260,后端开发工程师（反垃圾方向）-飞书邮箱-xj4,广州,10000人以上,本科,20.0,40.0,12.0,30.0
261,后端研发Leader-电商供应链与物流,北京,10000人以上,本科,40.0,80.0,15.0,60.0
262,物流供应链研发,北京,10000人以上,本科,25.0,50.0,15.0,37.5
263,软件开发工程师（c/c++/java/js/python/前端/后端）,北京,10000人以上,本科,15.0,30.0,16.0,22.5
264,软件开发工程师（深圳）,深圳,1000-9999人,本科,10.0,40.0,16.0,25.0
265,软件开发工程师,广州,10000人以上,学历不限,15.0,30.0,14.0,22.5
266,软件研发工程师,杭州,10000人以上,本科,15.0,40.0,12.0,27.5
267,Java/JS/测试（线上面试/双休/接受优秀应届生）,深圳,10000人以上,本科,15.0,40.0,16.0,27.5
268,C/C++ 软件开发工程师,北京,10000人以上,本科,15.0,30.0,15.0,22.5
269,高级后端开发工程师,郑州,1000-9999人,本科,11.0,14.0,12.0,12.5
270,高级后端开发工程师,郑州,1000-9999人,本科,11.0,14.0,12.0,12.5
271,后端架构师,北京,10000人以上,本科,13.11,29.87,12.0,21.490000000000002
272,Java/JS/测试（线上面试/双休/接受优秀应届生）,西安,10000人以上,本科,15.0,40.0,16.0,27.5
273,Java/JS/测试（线上面试/双休/接受优秀应届生）,武汉,10000人以上,本科,15.0,40.0,16.0,27.5
274,Java/JS/测试（线上面试/双休/接受优秀应届生）,长沙,10000人以上,本科,15.0,40.0,16.0,27.5
275,Java/JS/测试（线上面试/双休/接受优秀应届生）,重庆,10000人以上,本科,15.0,40.0,16.0,27.5
276,Java/JS/测试（线上面试/双休/接受优秀应届生）,珠海,10000人以上,本科,15.0,40.0,16.0,27.5
277,Java/JS/测试（线上面试/双休/接受优秀应届生）,惠州,10000人以上,本科,15.0,40.0,16.0,27.5
278,Java/JS/测试（线上面试/双休/接受优秀应届生）,成都,10000人以上,本科,15.0,40.0,16.0,27.5
279,Java/JS/测试（线上面试/双休/接受优秀应届生）,南京,10000人以上,本科,15.0,40.0,16.0,27.5
280,Java/JS/测试（线上面试/双休/接受优秀应届生）,杭州,10000人以上,本科,15.0,40.0,16.0,27.5
281,Java/JS/测试（线上面试/双休/接受优秀应届生）,东莞,10000人以上,本科,15.0,40.0,16.0,27.5
282,Java/JS/测试（线上面试/双休/接受优秀应届生）,广州,10000人以上,本科,15.0,40.0,16.0,27.5
283,Java/JS/测试（线上面试/双休/接受优秀应届生）,北京,10000人以上,本科,15.0,40.0,16.0,27.5
284,软件开发工程师（武汉）,武汉,1000-9999人,本科,10.0,40.0,16.0,25.0
285,Java/JS/测试（线上面试/双休/接受优秀应届生）,上海,10000人以上,本科,20.0,40.0,16.0,30.0
286,嵌入式软件开发高级工程师,西安,10000人以上,本科,15.0,30.0,14.0,22.5
287,软件开发工程师,南京,10000人以上,本科,12.0,45.0,15.0,28.5
288,软件开发工程师,成都,10000人以上,本科,12.0,45.0,15.0,28.5
289,软件开发工程师,武汉,10000人以上,本科,12.0,45.0,15.0,28.5
290,软件开发工程师,西安,10000人以上,本科,12.0,45.0,15.0,28.5
291,AML 机器学习系统研发工程师,北京,10000人以上,本科,30.0,50.0,15.0,40.0
292,软件开发工程师,深圳,10000人以上,本科,12.0,45.0,15.0,28.5
293,软件开发工程师,上海,10000人以上,本科,12.0,45.0,15.0,28.5
294,软件开发工程师,北京,10000人以上,本科,12.0,45.0,15.0,28.5
295,软件开发工程师,济南,10000人以上,本科,12.0,45.0,15.0,28.5
296,软件开发工程师,杭州,10000人以上,本科,12.0,45.0,15.0,28.5
297,软件开发工程师,北京,10000人以上,本科,15.0,40.0,12.0,27.5
298,软件开发工程师,上海,10000人以上,本科,15.0,40.0,12.0,27.5
299,软件测试工程师,深圳,10000人以上,本科,15.0,30.0,13.0,22.5
300,软件开发工程师（JAVA/C++/Python/Android/IOS/JS）,深圳,10000人以上,本科,15.0,25.0,15.0,20.0
301,华为OD云服务开发工程师(深圳),西安,10000人以上,本科,12.0,24.0,14.0,18.0
302,【德科】AI软件开发工程师,杭州,10000人以上,本科,15.0,40.0,14.0,27.5
303,5G EBO创新业务解决方案设计师,西安,10000人以上,本科,10.0,30.0,14.0,20.0
304,大数据内核引擎开发(Java/C++),深圳,1000-9999人,本科,15.0,30.0,14.0,22.5
305,后端开发工程师,广州,10000人以上,本科,13.11,29.87,,21.490000000000002
306,后端开发工程师,深圳,10000人以上,本科,13.11,29.87,,21.490000000000002
307,软件开发/测试工程师,东莞,10000人以上,本科,13.11,29.87,12.0,21.490000000000002
308,软件工程师,深圳,10000人以上,本科,15.0,25.0,14.0,20.0
309,软件工程师,上海,10000人以上,本科,15.0,25.0,14.0,20.0
310,软件工程师,南京,10000人以上,本科,15.0,25.0,14.0,20.0
311,软件工程师,武汉,10000人以上,本科,15.0,25.0,14.0,20.0
312,软件工程师,西安,10000人以上,本科,15.0,25.0,14.0,20.0
313,软件开发工程师,成都,10000人以上,本科,10.0,26.0,15.0,18.0
314,新通信开发工程师（外企德科OD+部门直招+非猎头）,北京,10000人以上,本科,11.0,28.0,13.0,19.5
315,后端开发,西安,10000人以上,本科,20.0,40.0,16.0,30.0
316,软件开发工程师,深圳,10000人以上,本科,15.0,30.0,15.0,22.5
317,后端开发,北京,10000人以上,本科,13.11,29.87,12.0,21.490000000000002
318,后端开发,上海,10000人以上,本科,13.11,29.87,12.0,21.490000000000002
319,后端开发,深圳,10000人以上,本科,13.11,29.87,12.0,21.490000000000002
320,软件开发工程师（杭州）,杭州,1000-9999人,本科,10.0,40.0,16.0,25.0
321,后端开发工程师,深圳,10000人以上,本科,13.11,29.87,,21.490000000000002
322,软件开发工程师,北京,10000人以上,本科,15.0,30.0,14.0,22.5
323,软件开发工程师,深圳,10000人以上,本科,15.0,30.0,14.0,22.5
324,软件开发工程师,杭州,10000人以上,本科,15.0,30.0,14.0,22.5
325,软件开发工程师,武汉,10000人以上,本科,15.0,30.0,14.0,22.5
326,软件开发工程师,西安,10000人以上,本科,15.0,30.0,14.0,22.5
327,基站软件高级工程师,西安,10000人以上,本科,15.0,30.0,12.0,22.5
328,5G 创新业务软件工程师,西安,10000人以上,本科,15.0,30.0,12.0,22.5
329,5G无线软件工程师,西安,10000人以上,本科,20.0,40.0,16.0,30.0
330,底层驱动开发工程师,西安,10000人以上,本科,20.0,40.0,16.0,30.0
331,软件开发工程师,西安,10000人以上,本科,20.0,30.0,12.0,25.0
332, 软件开发（java/python，华为OD，可转正编）,深圳,10000人以上,本科,12.0,28.0,14.0,20.0
333,后端开发,杭州,10000人以上,学历不限,13.11,29.87,12.0,21.490000000000002
334,通用软件开发工程师,武汉,10000人以上,本科,20.0,50.0,14.0,35.0
335,外企德科OD后端软件开发及测试岗,武汉,10000人以上,本科,15.0,50.0,16.0,32.5
336,高级软件开发工程师,深圳,10000人以上,本科,15.0,30.0,14.0,22.5
337,高级软件开发工程师,上海,10000人以上,本科,15.0,30.0,14.0,22.5
338,高级软件开发工程师,成都,10000人以上,本科,15.0,30.0,14.0,22.5
339,高级软件开发工程师,西安,10000人以上,本科,15.0,30.0,14.0,22.5
340,高级软件开发工程师,杭州,10000人以上,本科,15.0,30.0,14.0,22.5
341,高级软件开发工程师,武汉,10000人以上,本科,15.0,30.0,14.0,22.5
342,后端开发工程师,东莞,10000人以上,本科,20.0,40.0,14.0,30.0
343,后端开发工程师,杭州,10000人以上,本科,20.0,40.0,14.0,30.0
344,后端开发工程师,成都,10000人以上,本科,20.0,40.0,14.0,30.0
345,后端开发工程师,南京,10000人以上,本科,20.0,40.0,14.0,30.0
346,软件开发工程师（JAVA/C++/Python/Android/IOS/JS）,北京,10000人以上,本科,15.0,30.0,16.0,22.5
347,软件开发工程师,东莞,10000人以上,本科,15.0,30.0,16.0,22.5
348,TikTokLive 后端研发,杭州,10000人以上,学历不限,13.11,29.87,12.0,21.490000000000002
349,TikTokLive 后端研发,上海,10000人以上,学历不限,13.11,29.87,12.0,21.490000000000002
350,软件开发工程师,西安,10000人以上,本科,15.0,30.0,14.0,22.5
351,通用软件开发（JAVA/JS/python/Go/c++）,深圳,10000人以上,本科,18.0,30.0,16.0,24.0
352,高级后端开发工程师-互联网信贷风控,北京,10000人以上,本科,13.11,29.87,12.0,21.490000000000002
353,后端开发工程师,东莞,10000人以上,本科,20.0,35.0,14.0,27.5
354,软件开发工程师,北京,10000人以上,本科,18.0,35.0,15.0,26.5
355,软件开发工程师,深圳,10000人以上,本科,12.0,35.0,12.0,23.5
