,职位,地点,招聘人数,学历要求,最低月薪,最高月薪,发薪月份,平均薪资
0,软件开发工程师【华为秋招】,深圳,10000人以上,本科,15.0,30.0,15.0,22.5
1,C工程师（大模型机器学习平台）,杭州,10000人以上,本科,25.0,35.0,16.0,30.0
2,嵌入式软件开发工程师(显控类),济南,20-99人,本科,8.0,15.0,12.0,11.5
3,C开发工程师,南京,1000-9999人,本科,16.57,31.47,12.0,24.02
4,嵌入式开发工程师,上海,1000-9999人,硕士,12.0,16.0,16.0,14.0
5,24届应届软件工程师,杭州,10000人以上,本科,20.0,35.0,14.0,27.5
6,C开发工程师,南京,1000-9999人,本科,16.57,31.47,12.0,24.02
7,【2012实验室】数据库内核开发工程师,深圳,10000人以上,本科,10.0,40.0,12.0,25.0
8,Linux内核网络模块开发,北京,20-99人,本科,6.0,9.0,,7.5
9,软件开发实习生,北京,10000人以上,本科,9.0,10.5,,9.75
10,量化研究员（alpha/cta方向）实习,北京,100-499人,学历不限,12.0,18.0,,15.0
11,内核研发实习生,武汉,1000-9999人,本科,6.0,9.0,,7.5
12,C工程师,重庆,100-499人,学历不限,4.5,6.0,,5.25
13,软件开发工程师（北京）,北京,1000-9999人,本科,6.0,9.0,,7.5
14,固件开发实习生,北京,100-499人,硕士,6.0,7.5,,6.75
15,数据库工程师实习（c/c++）,北京,10000人以上,本科,6.0,15.0,,10.5
16,软件开发工程师,上海,10000人以上,硕士,7.5,9.3,,8.4
17,广告文案实习生 / Copy Intern,北京,10000人以上,本科,80.0,100.0,,90.0
18,通用软件/测试开发工程师,成都,10000人以上,本科,9.0,15.0,,12.0
19,算法/嵌入式/硬件等研发岗 及 产品等非研发岗 ,北京,1000-9999人,本科,13.5,16.5,,15.0
20,SSC实习生,广州,20-99人,学历不限,3.0,4.5,,3.75
21,软件开发实习生,上海,10000人以上,本科,9.0,10.5,,9.75
22,嵌入式软件开发工程师（实习生）,杭州,10000人以上,本科,6.0,6.3,,6.15
23,软件开发工程师,成都,1000-9999人,本科,6.0,9.0,,7.5
24,数据库内核实习生（c/c++）,北京,10000人以上,本科,6.0,15.0,,10.5
25,阿里云数据库工程师库C/C++/Java（实习）,北京,10000人以上,本科,6.0,15.0,,10.5
26,C工程师,南京,10000人以上,本科,16.57,31.47,,24.02
27,【OD】数据库软件开发工程师,深圳,10000人以上,本科,20.0,40.0,14.0,30.0
28,linux C开发,北京,20-99人,大专,10.0,20.0,12.0,15.0
29,搜索推荐Java/C++后台开发,上海,1000-9999人,本科,30.0,60.0,12.0,45.0
30,嵌入式软件工程师,天津,500-999人,本科,10.0,14.0,12.0,12.0
31,C工程师,杭州,20-99人,学历不限,8.0,15.0,14.0,11.5
32,数据库内核开发工程师,上海,10000人以上,本科,20.0,50.0,16.0,35.0
33,嵌入式C 测开,昆山,1000-9999人,本科,27.0,30.0,13.0,28.5
34,linux C语言内核驱动开发工程师,武汉,20-99人,本科,10.0,20.0,12.0,15.0
35,嵌入式C,东莞,10000人以上,本科,9.0,20.0,12.0,14.5
36,C工程师,南京,10000人以上,本科,16.0,27.0,24.0,21.5
37,LinuxGPU内核驱动开发工程师（社招）,上海,100-499人,本科,30.0,60.0,13.0,45.0
38,内核优化专家,深圳,100-499人,本科,40.0,80.0,15.0,60.0
39,软件C工程师,香港,暂无,本科,20.0,25.0,13.0,22.5
40,5G软件开发工程师,成都,10000人以上,本科,13.0,21.0,12.0,17.0
41,C工程师,杭州,1000-9999人,本科,16.57,31.47,,24.02
42,C软件开发工程师（分布式存储）,深圳,500-999人,本科,15.0,25.0,12.0,20.0
43,软件开发工程师--OD--1~3年,成都市,1000-9999人,本科,15.0,30.0,14.0,22.5
44,软件工程师,东莞,500-999人,学历不限,8.0,18.0,12.0,13.0
45,【2023届提前批】C/C++/C#软件开发岗,上海,1000-9999人,本科,13.0,25.0,15.0,19.0
46,嵌入式软件开发工程师,天津,1000-9999人,本科,15.0,30.0,12.0,22.5
47,软件开发工程师（华为海思）,北京,10000人以上,本科,12.0,30.0,15.0,21.0
48,分布式存储研发工程师,成都,500-999人,本科,25.0,45.0,12.0,35.0
49,系统软件工程师-深圳（MJ000014）,深圳,100-499人,本科,20.0,30.0,15.0,25.0
50,软件开发,上海,20-99人,本科,8.0,25.0,12.0,16.5
51,linux系统工程师（应届生）,深圳,100-499人,本科,8.0,15.0,13.0,11.5
52,软件开发工程师,上海,10000人以上,本科,20.0,50.0,16.0,35.0
53,软件开发工程师（C通用/嵌入式）,深圳,10000人以上,本科,15.0,30.0,16.0,22.5
54,C,北京,10000人以上,本科,13.0,30.0,12.0,21.5
55,C/C++开发工程师,南京,10000人以上,本科,10.0,40.0,16.0,25.0
56,华为OD C/C++/Python软件开发岗位招聘,深圳,10000人以上,本科,16.57,31.47,12.0,24.02
57,WindowsGPU内核驱动开发工程师（社招）,上海,100-499人,本科,30.0,60.0,13.0,45.0
58,内核优化专家,上海,100-499人,本科,40.0,80.0,15.0,60.0
59,软件C工程师,深圳,暂无,本科,20.0,25.0,13.0,22.5
60,软件开发工程师,成都,10000人以上,本科,10.0,26.0,16.0,18.0
61,软件C工程师,武汉,10000人以上,本科,13.0,26.0,12.0,19.5
62,软件开发工程师od（通用/嵌入式）,北京,10000人以上,本科,18.0,30.0,15.0,24.0
63,软件开发工程师--OD--1年内,成都,1000-9999人,本科,15.0,30.0,14.0,22.5
64,C/C++开发工程师,武汉,10000人以上,本科,10.0,35.0,16.0,22.5
65,【2023届提前批】C/C++/C#软件开发岗,成都,1000-9999人,本科,13.0,25.0,15.0,19.0
66,【华为社招】软件开发工程师,武汉,10000人以上,学历不限,15.0,30.0,14.0,22.5
67,AI集群网络工程师,北京,10000人以上,本科,16.57,31.47,12.0,24.02
68,AI集群网络工程师,杭州,10000人以上,本科,16.57,31.47,12.0,24.02
69,AI集群网络工程师,深圳,10000人以上,本科,16.57,31.47,12.0,24.02
70,AI集群网络工程师,西安,10000人以上,本科,16.57,31.47,12.0,24.02
71,嵌入式C开发工程师,深圳,10000人以上,本科,10.0,30.0,16.0,20.0
72,华为无线5G开发,上海,10000人以上,本科,20.0,30.0,15.0,25.0
73,软件开发工程师od（通用/嵌入式）,北京,10000人以上,本科,18.0,30.0,12.0,24.0
74,算法工程师,西安,10000人以上,本科,15.0,30.0,15.0,22.5
75,C/C++开发工程师,北京,10000人以上,本科,15.0,30.0,15.0,22.5
76,软件开发工程师OD（通用/嵌入式）,北京,10000人以上,本科,18.0,30.0,14.0,24.0
77,Android图形开发工程师（急招，社招）,上海,100-499人,本科,20.0,40.0,13.0,30.0
78,内核优化专家,杭州,100-499人,本科,40.0,80.0,15.0,60.0
79,软件开发(od),北京,10000人以上,本科,18.0,30.0,14.0,24.0
80,软件开发工程师（od）,北京,10000人以上,本科,18.0,30.0,12.0,24.0
81,操作系统开发工程师,南京,10000人以上,本科,15.0,25.0,15.0,20.0
82,软件开发工程师,杭州,10000人以上,本科,20.0,35.0,16.0,27.5
83,软件开发工程师--OD--3~5年,成都,1000-9999人,本科,20.0,30.0,14.0,25.0
84,软件开发工程师,西安,10000人以上,本科,20.0,35.0,16.0,27.5
85,【2023届提前批】C/C++/C#软件开发岗,福州,1000-9999人,本科,13.0,25.0,15.0,19.0
86,软件开发工程师,深圳,10000人以上,本科,20.0,35.0,16.0,27.5
87,软件开发工程师,成都,10000人以上,本科,20.0,35.0,16.0,27.5
88,底层软件高级工程师,西安,10000人以上,本科,15.0,30.0,12.0,22.5
89,基站软件高级C工程师,西安,10000人以上,本科,15.0,30.0,12.0,22.5
90,基站软件高级工程师,西安,10000人以上,本科,15.0,30.0,14.0,22.5
91,底层软件高级工程师,西安,10000人以上,本科,15.0,30.0,16.0,22.5
92,嵌入式开发工程师&通用软件工程师&通信研发工程师&5G开发工程师&C开发工程师,上海,10000人以上,本科,24.0,34.0,16.0,29.0
93,基站软件高级工程师,西安,10000人以上,本科,15.0,30.0,12.0,22.5
94,5G 创新业务软件工程师,西安,10000人以上,本科,15.0,30.0,12.0,22.5
95,底层软件高级工程师,西安,10000人以上,本科,15.0,30.0,12.0,22.5
96,GPU编译器开发工程师(社招),上海,100-499人,本科,30.0,60.0,13.0,45.0
97,软件开发工程师,成都,10000人以上,本科,15.0,35.0,14.0,25.0
98,内核优化专家,南京,100-499人,本科,40.0,80.0,15.0,60.0
99,软件开发工程师,西安,10000人以上,本科,15.0,35.0,14.0,25.0
100,软件开发工程师,杭州,10000人以上,本科,15.0,35.0,14.0,25.0
101,软件开发工程师(C/C++/Python/Java/Lua),成都,10000人以上,本科,15.0,30.0,14.0,22.5
102,软件开发工程师(C/C++/Python/Java/Lua),杭州,10000人以上,本科,15.0,30.0,14.0,22.5
103,软件开发工程师(C/C++/Python/Java/Lua),西安,10000人以上,本科,15.0,30.0,14.0,22.5
104,软件开发工程师,广州,10000人以上,本科,15.0,30.0,14.0,22.5
105,软件开发工程师,深圳,10000人以上,本科,15.0,30.0,14.0,22.5
106,软件开发工程师,珠海,10000人以上,本科,15.0,30.0,14.0,22.5
107,软件开发工程师,佛山,10000人以上,本科,15.0,30.0,14.0,22.5
108,软件开发工程师,惠州,10000人以上,本科,15.0,30.0,14.0,22.5
109,软件开发工程师,中山,10000人以上,本科,15.0,30.0,14.0,22.5
110,软件开发工程师,东莞,10000人以上,本科,15.0,30.0,14.0,22.5
111,C/C++工程师,西安,10000人以上,学历不限,16.57,31.47,12.0,24.02
112,C工程师,上海,10000人以上,本科,20.0,45.0,14.0,32.5
113,软件开发工程师--OD,北京,10000人以上,本科,13.0,35.0,15.0,24.0
114,应用软件开发工程师,西安,10000人以上,学历不限,16.57,31.47,,24.02
115,C工程师,西安,10000人以上,本科,16.57,31.47,,24.02
116,LinuxGPU内核驱动开发工程师,上海,100-499人,本科,30.0,60.0,13.0,45.0
117,C工程师,西安,10000人以上,本科,16.57,31.47,,24.02
118,华为云-分布式系统软件开发工程师,深圳,10000人以上,本科,20.0,40.0,15.0,30.0
119,软件开发运维工程师,西安,10000人以上,本科,16.57,31.47,12.0,24.02
120,C工程师,成都,10000人以上,本科,15.0,35.0,14.0,25.0
121,5G 创新业务软件工程师,西安,10000人以上,本科,15.0,30.0,12.0,22.5
122,WindowsGPU内核驱动开发工程师,上海,100-499人,本科,30.0,60.0,13.0,45.0
123,Android图形开发工程师,上海,100-499人,本科,30.0,60.0,13.0,45.0
