,职位,地点,招聘人数,学历要求,最低月薪,最高月薪,发薪月份,平均薪资
0,数据分析师（2024）,北京,1000-9999人,本科,20.0,30.0,14.0,25.0
1,系统工程师2601,深圳,10000人以上,本科,10.65,22.91,,16.78
2,数据分析师分析,南昌,20-99人,硕士,5.0,10.0,12.0,7.5
3,【2024校招】数据分析师,北京,500-999人,本科,18.0,26.0,15.0,22.0
4, 【2024届秋招】数据分析师,北京,1000-9999人,本科,12.0,16.0,14.0,14.0
5,游戏数据分析师【正式批专场】,北京,100-499人,学历不限,15.0,25.0,14.0,20.0
6,快手-数据分析师,北京,10000人以上,本科,20.0,30.0,16.0,25.0
7,Fintech培训生（数据分析挖掘方向）,上海,1000-9999人,本科,10.65,22.91,12.0,16.78
8,数据分析实习生-校招,上海,暂无,学历不限,10.0,25.0,12.0,17.5
9,数据分析师,天津,20-99人,本科,10.65,22.91,,16.78
10,数据运营-HR方向,北京,1000-9999人,本科,15.0,25.0,14.0,20.0
11,数据分析,北京,1000-9999人,硕士,11.0,15.0,13.0,13.0
12,游戏数据分析-北京-2023Campus-春招,北京,1000-9999人,本科,8.0,12.0,12.0,10.0
13,数据分析师,北京,1000-9999人,学历不限,10.65,22.91,12.0,16.78
14,数据分析工程师【正式批专场】,北京,100-499人,学历不限,15.0,25.0,14.0,20.0
15,宏观金融数据分析师（实习）,上海,20-99人,本科,9.0,12.0,,10.5
16,数据分析师,北京,暂无,本科,4.5,6.0,,5.25
17,数据分析师实习生,北京,1000-9999人,本科,6.0,9.0,,7.5
18,数据分析师（实习）只收愿意转正留下来的实习生,重庆,20-99人,本科,3.0,6.0,,4.5
19,商业数据分析岗-实习,上海,0-20人,本科,7.5,12.0,,9.75
20,数据分析师分析,北京,20-99人,学历不限,7.8,9.3,,8.55
21,【日常实习】数据分析实习生,北京,10000人以上,本科,10.65,22.91,,16.78
22,数据分析实习生(A247601),北京,100-499人,学历不限,12.0,18.0,,15.0
23,数据分析师,深圳,20-99人,学历不限,5.4,7.8,,6.6
24,数据分析师,北京,10000人以上,学历不限,6.6,12.0,,9.3
25,户外数据分析,北京,1000-9999人,学历不限,6.9,12.0,,9.45
26,数据分析师分析,上海,1000-9999人,本科,9.0,15.0,,12.0
27,管培生（数据分析方向）,成都,20-99人,本科,6.0,7.5,,6.75
29,数据分析师,北京,1000-9999人,本科,9.0,15.0,,12.0
30,数据分析师分析实习生-国际化短视频商业变现,上海,10000人以上,本科,4.2,5.7,,4.95
31,金融数据分析实习生（上海）,上海,100-499人,硕士,6.0,7.5,,6.75
32,24届秋储-数据分析实习生,北京,10000人以上,本科,6.0,7.5,,6.75
33,数据分析师分析,北京,10000人以上,本科,9.0,15.0,,12.0
34,数据分析师分析,深圳,1000-9999人,本科,7.8,15.0,,11.4
35,数据分析师,北京,100-499人,本科,6.0,15.0,,10.5
36,数据分析师,上海,暂无,本科,4.5,6.0,,5.25
37,数据分析师实习生,深圳,1000-9999人,本科,6.0,9.0,,7.5
38,数据分析师（实习）,重庆,20-99人,本科,3.0,6.0,12.0,4.5
39,商业数据分析岗(工程方向)-实习,上海,0-20人,本科,7.5,12.0,,9.75
40,数据分析师分析,深圳,20-99人,学历不限,7.8,9.3,,8.55
41,数据分析实习生,上海,1000-9999人,本科,8.4,15.0,,11.7
42,数据分析师,北京,10000人以上,本科,7.8,15.3,,11.55
43,InternforBusinessAnalysis,上海,1000-9999人,本科,4.8,5.4,,5.1
44,百度研究院时空数据分析实习生招聘,北京,10000人以上,本科,7.5,9.0,,8.25
45,户外数据分析,杭州,1000-9999人,学历不限,6.9,12.0,,9.45
46,数据分析师分析,北京,1000-9999人,本科,9.0,15.0,,12.0
49,数据分析师,上海,1000-9999人,本科,9.0,15.0,,12.0
50,大数据分析实习生,北京,20-99人,本科,7.5,10.5,,9.0
51,数据标注实习生（凌晨2点--早上9点）,上海,100-499人,本科,6.0,7.5,,6.75
52,24届秋储-数据分析实习生,上海,10000人以上,本科,6.0,7.5,,6.75
53,数据分析师分析,上海,10000人以上,本科,9.0,15.0,,12.0
54,数据分析师 - BASE 上海,巴西,暂无,学历不限,3.6,5.1,,4.35
55,数据核查实习生,上海,100-499人,本科,4.5,5.4,,4.95
56,数据分析师,深圳,暂无,本科,4.5,6.0,,5.25
57,数据分析师实习生,上海,1000-9999人,本科,6.0,9.0,,7.5
58,数据分析师分析实习生,天津,1000-9999人,本科,3.9,6.0,,4.95
59,解决方案分析员（实习生）,北京,100-499人,硕士,3.6,5.4,,4.5
60,数据分析师分析,上海,20-99人,学历不限,7.8,9.3,,8.55
61,数据分析师分析实习生（大会员）,上海,1000-9999人,本科,8.4,15.0,,11.7
62,数据分析师,杭州,10000人以上,本科,7.8,15.3,,11.55
63,数据分析实习生,杭州,100-499人,本科,6.0,10.5,,8.25
64,【数据工程师】实习,上海,100-499人,本科,12.0,18.0,,15.0
65,户外数据分析,深圳,1000-9999人,学历不限,6.9,12.0,,9.45
66,数据分析师,上海,1000-9999人,本科,9.0,15.0,,12.0
67,数据分析实习生-校招（实习）,上海,暂无,学历不限,6.0,15.0,12.0,10.5
68,大数据开发实习,合肥,10000人以上,硕士,3.0,4.5,,3.75
69,【24实习】数据分析师,北京,1000-9999人,硕士,6.0,7.5,,6.75
70,数据分析实习生,北京,100-499人,本科,4.5,4.8,,4.65
71,数据分析实习生,上海,10000人以上,本科,3.0,4.5,,3.75
72,数据分析实习生,北京,10000人以上,本科,7.2,9.0,,8.1
73,数据分析师分析,南京,10000人以上,本科,9.0,15.0,,12.0
74,数据分析实习生,北京,500-999人,硕士,9.0,9.0,,9.0
75,数据分析实习生,上海,100-499人,本科,4.5,5.4,,4.95
76,数据分析师分析,北京,10000人以上,硕士,9.0,15.0,,12.0
77, 【贝壳招聘】2024秋招数据分析内推,北京,10000人以上,本科,6.0,15.0,,10.5
79,数据分析师- 气体数据分析与可视化（远程）,深圳,100-499人,本科,4.5,7.5,,6.0
80,数据分析师分析,广州,20-99人,学历不限,7.8,9.3,,8.55
81,哔哩哔哩_数据分析师分析实习生,上海,1000-9999人,本科,8.4,15.0,,11.7
82,数据分析师,上海,10000人以上,本科,7.8,15.3,,11.55
83,数据分析实习生（北京）-24届及以上可投,北京,10000人以上,硕士,6.0,9.0,,7.5
84,电商数据分析实习生,上海,100-499人,本科,4.5,5.4,,4.95
85,西安 信息化主管（国企正编 非实习）,上海,1000-9999人,本科,14.7,30.0,,22.35
86,数据分析师,北京,1000-9999人,本科,9.0,15.0,,12.0
87,数据分析师,上海,10000人以上,本科,6.0,6.3,,6.15
88,数据分析师分析（实习）,西安,1000-9999人,本科,6.0,6.3,,6.15
89,数据分析师,北京,1000-9999人,本科,4.5,6.0,,5.25
90,产品需求实习生,广州,100-499人,本科,5.4,8.1,,6.75
91,BA商业数据分析师,上海,500-999人,本科,3.0,4.5,,3.75
92,数据分析师,北京,500-999人,本科,5.1,6.6,,5.85
93,数据分析师,北京,10000人以上,学历不限,6.9,10.8,,8.850000000000001
94,数据分析师（实习）,杭州,100-499人,本科,7.5,10.5,,9.0
95,广州数据分析师分析实习生,广州,100-499人,本科,4.5,6.0,,5.25
96,【线下实习】数据分析师,上海,100-499人,本科,8.4,9.6,,9.0
97,数据分析师,北京,10000人以上,本科,4.5,9.0,,6.75
98,数据分析师（技术类）,上海,10000人以上,本科,9.0,12.0,,10.5
99,数据分析师- 气体数据分析与可视化（远程）,成都,100-499人,本科,4.5,7.5,,6.0
100,数据分析师分析,成都,20-99人,学历不限,7.8,9.3,,8.55
101,数据分析师,上海,1000-9999人,学历不限,7.5,9.0,,8.25
102,数据分析师,深圳,10000人以上,本科,7.8,15.3,,11.55
103,数据分析实习生,北京,1000-9999人,本科,10.65,22.91,,16.78
104,数据分析实习生,上海,500-999人,本科,5.4,6.0,,5.7
105,商业分析师,成都,1000-9999人,学历不限,6.9,15.0,,10.95
106,Intern for Business Analyst,上海,1000-9999人,本科,4.8,5.4,,5.1
107,数据分析师分析,上海,10000人以上,本科,4.5,6.0,,5.25
108,电商数据分析实习生（偏python）,上海,100-499人,本科,4.5,5.4,,4.95
109,数据分析师,北京,1000-9999人,硕士,7.2,12.6,,9.9
110,数据分析,深圳,10000人以上,本科,6.0,9.0,,7.5
111,数据分析实习生,北京,10000人以上,本科,5.4,6.6,,6.0
112,市场调研,天津,500-999人,本科,5.1,6.6,,5.85
113,数据分析师,南京,10000人以上,学历不限,6.9,10.8,,8.850000000000001
114,24届实习数据分析师,北京,10000人以上,学历不限,9.0,12.0,,10.5
115,深圳数据分析师分析实习生,深圳,100-499人,本科,4.5,6.0,,5.25
116,数据分析实习生,上海,100-499人,本科,9.0,10.5,,9.75
117,【实习】【上海】美团优选商业分析实习生招聘,上海,10000人以上,本科,10.65,22.91,,16.78
118,商业分析师,北京,1000-9999人,学历不限,6.9,15.0,,10.95
119,数据分析师- 气体数据分析与可视化（远程）,北京,100-499人,本科,4.5,7.5,,6.0
120,数据分析师,北京,10000人以上,学历不限,7.5,9.0,,8.25
121,数据分析师,上海,1000-9999人,本科,7.5,8.1,,7.8
122,快手数据分析师,北京,10000人以上,本科,9.0,10.5,,9.75
123,快手国际化数据分析,北京,10000人以上,本科,6.0,12.0,,9.0
124,数据科学,北京,10000人以上,本科,9.0,10.5,,9.75
125,数据分析师- 气体数据分析与可视化（远程）,上海,100-499人,本科,4.5,7.5,,6.0
126,数据分析师- 气体数据分析与可视化（远程）,广州,100-499人,本科,4.5,7.5,,6.0
127,商业分析实习生,北京,10000人以上,本科,4.5,10.5,,7.5
128,数据分析师,天津,500-999人,本科,5.1,6.6,,5.85
129,数据分析]实习生-【快手】,北京,10000人以上,本科,6.0,12.0,,9.0
130,杭州技术支持实习生,杭州,100-499人,本科,4.5,6.0,,5.25
131,数据运营实习生,北京,10000人以上,本科,3.6,4.2,,3.9000000000000004
132,数据科学实习 - 快手海外DS中台急招,北京,10000人以上,本科,9.0,12.0,,10.5
133,数据分析师,杭州,10000人以上,本科,25.0,50.0,15.0,37.5
134,数据分析师,北京,10000人以上,本科,24.0,25.0,16.0,24.5
135,商业分析专家,南京,1000-9999人,硕士,20.0,45.0,12.0,32.5
136,金融数据分析师,重庆,20-99人,本科,6.0,12.0,12.0,9.0
137,用户增长数据分析,上海,1000-9999人,本科,18.0,40.0,12.0,29.0
138,隐私计算算法工程师,杭州,1000-9999人,本科,18.0,40.0,12.0,29.0
139,数据分析师,广州,20-99人,本科,18.0,35.0,12.0,26.5
140,数据分析师,北京,20-99人,本科,20.0,30.0,13.0,25.0
141,（深圳）业务数据分析师,深圳,1000-9999人,本科,25.0,35.0,12.0,30.0
142,数据分析师分析,北京,暂无,大专,6.0,10.0,12.0,8.0
143,数据分析工程师,杭州,10000人以上,本科,14.0,30.0,14.0,22.0
144,数据分析师,佛山,1000-9999人,学历不限,6.0,16.0,12.0,11.0
145,数据分析师分析,广州,1000-9999人,本科,8.0,13.0,15.0,10.5
146,数据分析师,深圳,暂无,本科,10.65,22.91,,16.78
147,数据分析,东莞,10000人以上,本科,9.0,20.0,12.0,14.5
148,数据分析师,上海,500-999人,本科,11.0,18.0,20.0,14.5
149,产品研究（偏数据分析）,北京,20-99人,本科,10.0,20.0,13.0,15.0
150,数据分析师,北京,10000人以上,本科,25.0,30.0,14.0,27.5
151,数据分析专员,南京,10000人以上,本科,10.65,22.91,,16.78
152,金融业务研究员,杭州,10000人以上,本科,10.65,22.91,,16.78
153,数据分析师,石家庄,0-20人,本科,4.0,6.0,12.0,5.0
154,高级数据分析师（流量分析方向）-【电商】,北京,10000人以上,本科,25.0,60.0,16.0,42.5
155,淘天技术-数据分析师科学-杭州,杭州,10000人以上,本科,10.65,22.91,12.0,16.78
156,需求分析工程师,重庆,20-99人,本科,6.0,12.0,12.0,9.0
157,海外用户增长数据分析师分析,上海,1000-9999人,本科,20.0,70.0,16.0,45.0
158,数据分析师,全国,20-99人,大专,6.0,9.0,12.0,7.5
159,数据分析师,深圳,20-99人,本科,18.0,35.0,12.0,26.5
160,数据分析师,北京,1000-9999人,本科,20.0,35.0,12.0,27.5
161,数据分析师分析,上海,暂无,本科,11.0,15.0,13.0,13.0
162,python开发工程师,上海,10000人以上,本科,15.0,35.0,16.0,25.0
163,基站软件高级工程师,西安,10000人以上,本科,15.0,30.0,16.0,22.5
164,数据分析师,佛山,1000-9999人,学历不限,5.0,9.0,12.0,7.0
165,BI数据分析专家,北京,1000-9999人,本科,10.65,22.91,12.0,16.78
166,数据分析师（社招）,北京,500-999人,本科,15.0,20.0,13.0,17.5
167,数据科学家-留学生专场,上海,500-999人,本科,20.0,40.0,12.0,30.0
168,数据分析师,深圳,1000-9999人,本科,18.0,30.0,14.0,24.0
169,数据分析师,北京,100-499人,本科,18.0,35.0,14.0,26.5
170,数据分析,济南,暂无,本科,6.0,12.0,12.0,9.0
171,数据分析师,珠海,20-99人,本科,18.0,35.0,12.0,26.5
172,金融业务研究员,上海,10000人以上,本科,10.65,22.91,,16.78
173,数据分析师,东莞,20-99人,本科,18.0,35.0,12.0,26.5
174,快手数据分析,北京,10000人以上,本科,30.0,60.0,16.0,45.0
175,数据分析师开发/分析工程师（消息营销方向）,上海,1000-9999人,本科,10.65,22.91,12.0,16.78
176,数据分析师,北京,10000人以上,本科,20.0,30.0,16.0,25.0
177,数据分析师（社交方向）,上海,1000-9999人,本科,10.65,22.91,12.0,16.78
178,海外用户增长数据分析,上海,1000-9999人,本科,10.65,22.91,,16.78
179,高级数据分析师（买家增长方向）-【电商】,北京,10000人以上,本科,20.0,40.0,16.0,30.0
180,数据分析师,上海,1000-9999人,学历不限,10.65,22.91,12.0,16.78
181,数据分析师,上海,1000-9999人,本科,10.65,22.91,12.0,16.78
182,数据分析师（消费者体验分析）,上海,1000-9999人,本科,20.0,40.0,16.0,30.0
183,数据分析师（物流方向）,上海,1000-9999人,本科,30.0,60.0,16.0,45.0
184,快手电商数据分析专家（C端产品分析方向）,北京,10000人以上,本科,10.65,22.91,12.0,16.78
185,数据分析师,上海,1000-9999人,本科,10.65,22.91,12.0,16.78
186,数据分析师,长沙,1000-9999人,本科,18.0,30.0,14.0,24.0
187,数据科学家（实习）,北京,500-999人,本科,6.0,10.0,12.0,8.0
