,职位,地点,招聘人数,学历要求,最低月薪,最高月薪,发薪月份,平均薪资
0,2024校招-前端开发工程师,北京,1000-9999人,本科,25.0,35.0,13.0,30.0
1,前端开发,北京,500-999人,本科,12.0,25.0,14.0,18.5
2,前端工程师,北京,10000人以上,本科,13.25,31.77,,22.509999999999998
3,前端工程师,上海,20-99人,学历不限,8.0,15.0,12.0,11.5
4,前端工程师开发工程师,北京,10000人以上,学历不限,20.0,25.0,16.0,22.5
5,前端工程师,深圳,10000人以上,本科,13.25,31.77,,22.509999999999998
6,前端工程师,上海,暂无,本科,9.0,10.0,12.0,9.5
7,前端开发工程师,北京,100-499人,本科,15.0,25.0,14.0,20.0
8,创新软件开发工程师,南京,10000人以上,本科,18.0,26.0,14.0,22.0
9,前端工程师（2024）,北京,1000-9999人,本科,15.0,30.0,14.0,22.5
10,北京-商业研发部前端方向,北京,10000人以上,学历不限,13.25,31.77,12.0,22.509999999999998
11,前端工程师,北京,10000人以上,本科,13.25,31.77,12.0,22.509999999999998
12,（2024应届生）前端工程师(J11080),上海,1000-9999人,本科,15.0,25.0,14.0,20.0
13,前端工程师,深圳,100-499人,本科,16.0,26.0,15.0,21.0
14,前端工程师开发,杭州,10000人以上,本科,15.0,30.0,12.0,22.5
15,前端开发工程师-2024届,上海,100-499人,本科,11.0,28.0,13.0,19.5
16,前端开发工程师,南京,1000-9999人,本科,13.25,31.77,12.0,22.509999999999998
17,前端工程师,上海,1000-9999人,学历不限,15.0,30.0,14.0,22.5
18,2024届校招——前端工程师（实习）,深圳,1000-9999人,硕士,13.25,31.77,12.0,22.509999999999998
19,实习生,石家庄,100-499人,大专,3.0,4.0,12.0,3.5
20,数据可视化工程师（高级）,北京,0-20人,本科,25.0,35.0,12.0,30.0
21,前端开发工程师校招,深圳,10000人以上,本科,13.25,31.77,12.0,22.509999999999998
22,前端工程师,杭州,10000人以上,本科,13.25,31.77,,22.509999999999998
23,前端软件开发工程师,北京,500-999人,本科,7.0,9.0,15.0,8.0
24,IC前端设计工程师(MJ000072),深圳,100-499人,硕士,20.0,25.0,15.0,22.5
25,2023届校招-前端工程师,北京,1000-9999人,本科,15.0,25.0,14.0,20.0
26,前端工程师,上海,暂无,本科,9.0,10.0,12.0,9.5
27,创新实验室软件工程师（前端）,南京,10000人以上,本科,17.0,26.0,14.0,21.5
28,创新实验室软件工程师（前端）,北京,10000人以上,本科,18.0,28.0,14.0,23.0
29,前端工程师,北京,10000人以上,学历不限,9.0,19.0,12.0,14.0
30,前端工程师,上海,1000-9999人,学历不限,15.0,30.0,14.0,22.5
31,前端工程师开发实习生,北京,0-20人,本科,6.0,10.5,,8.25
32,前端开发工程师,厦门,500-999人,大专,4.5,9.0,,6.75
33,前端开发实习生,深圳,100-499人,本科,6.6,8.1,,7.35
34,前端开发师,北京,1000-9999人,学历不限,6.0,12.0,,9.0
35,前端开发师,深圳,10000人以上,学历不限,6.0,7.5,,6.75
36,前端开发暑期实习&秋招（24届内推）,上海,100-499人,硕士,4.5,9.0,,6.75
37,前端工程师 - 25届实习 - Leader直聘 - 商业化营销科学,北京,10000人以上,本科,12.0,12.3,,12.15
38,前端实习生,深圳,20-99人,本科,4.5,6.0,,5.25
39,前端开发实习生,北京,100-499人,本科,7.5,9.0,,8.25
40,前端开发实习生,北京,100-499人,本科,6.0,7.5,,6.75
41,LAZADA-2024届早鸟计划-前端开发工程师-广告&搜索-北京（实习）,北京,10000人以上,硕士,6.0,15.0,,10.5
42,见习前端开发工程师,广州,100-499人,本科,3.0,4.5,,3.75
43,【日常实习】软件开发工程师,北京,10000人以上,本科,13.25,31.77,,22.509999999999998
44,前端工程师实习生,杭州,20-99人,本科,9.0,12.0,,10.5
45,前端开发实习生（react方向）,北京,20-99人,本科,7.5,9.0,,8.25
46,提前批-前端开发实习生（可转正）(J13764),北京,1000-9999人,硕士,4.5,7.5,,6.0
47,前端工程师（实习）,杭州,0-20人,本科,4.5,7.5,,6.0
48,前端工程师开发工程师,北京,500-999人,本科,6.0,7.5,,6.75
49,前端工程师,深圳,20-99人,学历不限,5.4,7.8,,6.6
50,数据可视化技术开发工程师,厦门,1000-9999人,本科,3.6,4.5,,4.05
51,2024实习-前端工程师,北京,1000-9999人,本科,13.25,31.77,,22.509999999999998
52,前端开发工程师,北京,500-999人,大专,4.5,9.0,,6.75
53,前端工程师开发实习生,深圳,100-499人,本科,9.0,15.0,,12.0
54,前端开发师,上海,1000-9999人,学历不限,6.0,12.0,,9.0
55,前端开发师,上海,10000人以上,学历不限,6.0,7.5,,6.75
56,前端开发暑期实习&秋招（24届内推）,上海,100-499人,硕士,4.5,9.0,,6.75
57,前端工程师（实习）,上海,暂无,本科,6.0,9.0,12.0,7.5
58,前端工程师开发工程师（实习）,北京,100-499人,本科,6.0,15.0,14.0,10.5
59,前端实习生,无锡,20-99人,本科,40.0,90.0,,65.0
60,24届秋储-前端研发实习生-移动端方向,北京,10000人以上,本科,6.0,7.5,,6.75
61,前端工程师,杭州,20-99人,本科,4.5,9.0,,6.75
62,前端工程师实习生(A9659),北京,10000人以上,本科,7.5,12.0,,9.75
63,前端工程师开发,北京,10000人以上,学历不限,70.0,300.0,,185.0
64,前端工程师,天津,10000人以上,本科,6.0,15.0,,10.5
65,前端开发实习生,杭州,100-499人,本科,7.5,9.0,,8.25
66,前端实习生,杭州,1000-9999人,本科,4.5,6.0,,5.25
67,前端工程师,北京,10000人以上,本科,6.0,10.5,,8.25
68,前端开发实习生,上海,500-999人,本科,7.5,8.4,,7.95
69,前端工程师,成都,20-99人,学历不限,5.4,7.8,,6.6
70,软件前端实习生,南京,10000人以上,本科,6.0,9.0,,7.5
71,前端开发实习生,深圳,1000-9999人,学历不限,6.0,9.0,,7.5
72,前端开发工程师,上海,500-999人,大专,4.5,9.0,,6.75
73,XY本地测试-面试类型模式(J12170),呼和浩特,1000-9999人,硕士,13.25,31.77,,22.509999999999998
74,前端开发师,深圳,1000-9999人,学历不限,6.0,12.0,,9.0
75,前端开发师,北京,10000人以上,学历不限,6.0,7.5,,6.75
76,前端工程师实习生,北京,1000-9999人,硕士,10.5,13.5,,12.0
77,前端开发工程师-实习,上海,500-999人,本科,5.4,7.5,,6.45
78,前端工程师工程-淘宝天猫集团-电商核心,杭州,10000人以上,本科,12.0,15.0,,13.5
79,前端开发实习生,厦门,1000-9999人,本科,3.0,3.6,,3.3
80,24届秋储-安全开发实习生（Web端）-SSTG,北京,10000人以上,本科,6.0,7.5,,6.75
81,前端工程师实习工程师,北京,20-99人,本科,3.0,6.0,,4.5
82,COBOL实习生,大连,10000人以上,本科,90.0,110.0,,100.0
83,字节跳动-组内直招-实习内推-前端开发工程师,北京,10000人以上,本科,10.0,1000.0,,505.0
84,前端工程师,成都,10000人以上,本科,6.0,15.0,,10.5
85,B端技术-前端开发实习生,上海,1000-9999人,本科,9.0,12.0,,10.5
86,前端开发工程师,雄安新区,100-499人,本科,80.0,100.0,,90.0
87,前端开发工程师（24届实习生）,广州,1000-9999人,本科,6.0,13.5,,9.75
88,前端工程师（2024届）,广州,10000人以上,硕士,3.3,3.6,,3.45
89,前端开发工程师,北京,10000人以上,本科,10.5,12.0,,11.25
90,开源前端实习工程师,北京,100-499人,本科,4.5,6.0,,5.25
91,前端开发实习生,上海,1000-9999人,学历不限,6.0,9.0,,7.5
92,前端开发工程师,广州,500-999人,大专,4.5,9.0,,6.75
93,2024实习-前端工程师（北京、成都、大连）(J13980),大连,1000-9999人,本科,13.25,31.77,,22.509999999999998
94,前端开发工程师,杭州,1000-9999人,学历不限,6.0,12.0,,9.0
95,前端开发师,广州,10000人以上,学历不限,6.0,7.5,,6.75
96,前端开发工程师（美团·北京|上海）实习可转正 2024毕业,北京,10000人以上,本科,10.5,10.8,,10.65
97,[2024届-深圳]前端工程师开发实习生,深圳,1000-9999人,本科,6.6,9.0,,7.8
98,前端工程师工程-淘宝天猫集团-电商核心,广州,10000人以上,本科,12.0,15.0,,13.5
99,前端工程师（实习）,上海,暂无,本科,4.5,6.0,12.0,5.25
100,前端开发实习生,上海,500-999人,本科,5.4,6.0,,5.7
101,质量效能研发组_前端开发实习生,上海,10000人以上,本科,6.0,7.5,,6.75
102,前端实习生,深圳,20-99人,本科,4.5,9.0,,6.75
103,前端工程师,杭州,10000人以上,学历不限,12.0,12.3,,12.15
104,前端实习生（武汉）,武汉,100-499人,本科,4.5,7.5,,6.0
105,前端开发实习生,北京,20-99人,本科,9.0,12.0,,10.5
106,软件开发实习生,北京,10000人以上,本科,4.8,6.0,,5.4
107,前端开发工程师（24届实习生）,北京,1000-9999人,本科,6.0,13.5,,9.75
108,前端开发工程师,成都,暂无,大专,4.5,7.5,,6.0
109,前端工程实习-AIGC方向,杭州,20-99人,本科,6.0,12.0,,9.0
110,增长效能部-前端研发实习生,北京,10000人以上,本科,7.2,9.0,,8.1
111,Web前端开发工程师,上海,10000人以上,本科,3.0,9.0,,6.0
112,前端开发工程师,深圳,500-999人,大专,4.5,9.0,,6.75
113,前端开发实习生（石家庄）,石家庄,100-499人,本科,3.0,4.5,,3.75
114,前端开发工程师,北京,1000-9999人,学历不限,6.0,12.0,,9.0
115,前端开发工程师 - 增长实验室（实习）,杭州,1000-9999人,大专,6.0,15.0,,10.5
116,前端工程师实习生,武汉,20-99人,本科,60.0,150.0,,105.0
117,数据可视化工程师（高级）（实习）,北京,0-20人,本科,6.0,15.0,12.0,10.5
118,前端工程师工程-淘宝天猫集团-电商核心,深圳,10000人以上,本科,12.0,15.0,,13.5
119,前端开发实习生,上海,100-499人,本科,7.5,9.0,,8.25
120, 【2024届贝壳】前端工程师内推,北京,10000人以上,本科,10.0,500.0,,255.0
121,问一问法律前端实习生,北京,10000人以上,本科,9.0,10.5,,9.75
122,前端工程师（实习）,北京,1000-9999人,本科,6.0,15.0,12.0,10.5
123,【字节跳动】前端开发实习生-抖音支付,深圳,10000人以上,本科,11.7,12.0,,11.85
124,前端工程师,杭州,100-499人,本科,4.5,7.5,,6.0
125,前端开发工程师,上海,1000-9999人,本科,6.0,12.0,,9.0
126,2024实习-前端工程师（北京、成都、大连）(J13980),大连,1000-9999人,本科,13.25,31.77,,22.509999999999998
127,前端开发工程师,武汉,1000-9999人,本科,4.5,6.0,,5.25
128,前端开发实习（小程序）,深圳,0-20人,本科,4.5,6.0,,5.25
129,前端开发实习生-大连,大连,1000-9999人,本科,6.0,9.0,,7.5
130,用户体验技术-前端研发实习生,北京,10000人以上,本科,7.2,9.0,,8.1
131,前端开发实习生(T3537),杭州,20-99人,学历不限,9.0,15.0,,12.0
132,前端开发工程师,杭州,500-999人,大专,4.5,9.0,,6.75
133,Web前端工程师,杭州,20-99人,本科,4.5,5.4,,4.95
134,前端实习 - 岗位多急招,北京,1000-9999人,本科,4.5,9.0,,6.75
135,【急招】前端开发工程师-品牌零售方向,杭州,1000-9999人,本科,6.0,12.0,,9.0
136,前端开发实习生,上海,1000-9999人,本科,9.0,24.0,,16.5
137,Web前端开发工程师,北京,10000人以上,本科,3.0,9.0,,6.0
138,前端工程师工程-淘宝天猫集团-电商核心,上海,10000人以上,本科,12.0,15.0,,13.5
139,前端工程师开发工程师（实习）,武汉,暂无,本科,6.0,15.0,12.0,10.5
140,前端工程师开发（实习）,西安,1000-9999人,本科,6.0,6.3,,6.15
141,前端开发实习生,上海,10000人以上,本科,9.0,10.5,,9.75
142,前端工程师,杭州,10000人以上,硕士,13.25,31.77,,22.509999999999998
143,前端开发实习生,杭州,10000人以上,学历不限,9.0,15.0,,12.0
144,前端工程师（实习）,杭州,100-499人,本科,6.0,7.5,14.0,6.75
145,核心研发平台-前端开发实习生-合肥,合肥,10000人以上,本科,3.0,4.5,,3.75
146,2024实习-前端工程师（北京、成都、大连）(J13980),大连,1000-9999人,本科,13.25,31.77,,22.509999999999998
147,前端开发工程师,深圳,1000-9999人,本科,4.5,6.0,,5.25
148,React前端开发实习生,上海,100-499人,本科,6.0,7.5,,6.75
149,前端开发工程师实习,深圳,10000人以上,本科,13.25,31.77,,22.509999999999998
150,实习生-前端开发 (可转正）,上海,0-20人,本科,6.0,12.0,,9.0
151,软件开发工程师（JN202201）（实习）,济南,500-999人,本科,6.0,15.0,14.0,10.5
152,前端开发工程师,南京,500-999人,大专,4.5,9.0,,6.75
153,Web前端工程师,西安,20-99人,本科,4.5,5.4,,4.95
154,前端开发师,广州,1000-9999人,学历不限,6.0,12.0,,9.0
155,【急招】前端开发工程师-品牌零售方向,深圳,1000-9999人,本科,6.0,12.0,,9.0
156,前端工程师（上海校招）,上海,20-99人,本科,6.0,12.0,,9.0
157,Web前端开发工程师,天津,10000人以上,本科,3.0,9.0,,6.0
158,前端工程师工程-淘宝天猫集团-电商核心,北京,10000人以上,本科,12.0,15.0,,13.5
159,前端研发工程师,北京,20-99人,本科,6.0,9.0,,7.5
160,开发（实习）,北京,1000-9999人,本科,4.5,15.0,15.0,9.75
161,前端实习生,北京,10000人以上,本科,9.0,12.0,,10.5
162,前端开发工程师-2023校招(P5860)（实习）,北京,20-99人,本科,6.0,15.0,16.0,10.5
163,字节跳动实习前端工程师,北京,10000人以上,学历不限,12.0,13.5,,12.75
164,前端开发工程师,北京,1000-9999人,硕士,6.0,9.0,,7.5
165,前端实习生,北京,1000-9999人,本科,5.4,6.0,,5.7
166,前端工程师（J13747),大连,1000-9999人,本科,4.5,6.0,,5.25
167,前端实习生,北京,1000-9999人,本科,6.6,7.2,,6.9
168,前端开发工程师（上海）,上海,20-99人,学历不限,6.0,7.5,,6.75
169,2024秋储-前端开发实习生,北京,10000人以上,本科,6.0,9.0,,7.5
170,web前端开发工程师,杭州,100-499人,本科,6.0,7.5,,6.75
171,游戏前端开发工程师,北京,100-499人,学历不限,24.0,30.0,,27.0
172,前端开发工程师,成都,500-999人,大专,4.5,9.0,,6.75
173,前端开发实习生,北京,500-999人,本科,9.0,12.0,,10.5
174,2023前端开发实习生（北京）(MJ008232),北京,10000人以上,本科,3.6,4.5,,4.05
175,【急招】前端开发工程师-品牌零售方向,上海,1000-9999人,本科,6.0,12.0,,9.0
176,Web前端开发工程师,南京,1000-9999人,本科,4.5,6.0,,5.25
177,Web前端开发工程师,深圳,10000人以上,本科,3.0,9.0,,6.0
178,大淘宝用户平台技术前端工程师,杭州,10000人以上,本科,7.5,12.0,,9.75
179,前端工程师,上海,10000人以上,本科,13.25,31.77,,22.509999999999998
180,前端开发工程师,北京,1000-9999人,本科,6.0,7.5,,6.75
181,前端工程师,上海,20-99人,本科,6.0,9.0,,7.5
182,前端开发工程师-2023校招(P5860)（实习）,上海,20-99人,本科,6.0,15.0,16.0,10.5
183,字节跳动实习前端工程师,深圳,10000人以上,学历不限,12.0,13.5,,12.75
184,网易有道高级前端开发实习生,北京,10000人以上,本科,6.0,12.0,,9.0
185,前端可视化工程师（校招）,深圳,1000-9999人,本科,3.0,6.0,,4.5
186,前端工程师,上海,100-499人,本科,13.25,31.77,,22.509999999999998
187,前端开发工程师（实习）,上海,100-499人,本科,6.0,9.0,,7.5
188,前端开发工程师,武汉,500-999人,大专,4.5,9.0,,6.75
189,前端开发工程师,西安,500-999人,大专,4.5,9.0,,6.75
190,前端工程师,深圳,10000人以上,学历不限,12.0,13.5,,12.75
191,web前端工程师,北京,10000人以上,大专,10.5,16.5,,13.5
192,前端工程师,北京,10000人以上,大专,10.5,16.5,,13.5
193,财经支付前端开发实习生,杭州,10000人以上,学历不限,13.25,31.77,,22.509999999999998
194,抖音支付前端开发实习生,深圳,10000人以上,本科,10.5,12.0,,11.25
195,【急招】前端开发工程师-品牌零售方向,北京,1000-9999人,本科,6.0,12.0,,9.0
196,大淘宝用户平台技术前端工程师,深圳,10000人以上,本科,7.5,12.0,,9.75
197,前端工程师开发,杭州,10000人以上,学历不限,10.5,12.0,,11.25
198,大淘宝用户平台技术前端工程师,北京,10000人以上,本科,7.5,12.0,,9.75
199,大淘宝用户平台技术前端工程师,上海,10000人以上,本科,7.5,12.0,,9.75
200,【24届阿里云实习】前端工程师,北京,10000人以上,硕士,12.0,13.5,,12.75
201,【24届阿里云实习】前端工程师,杭州,10000人以上,硕士,12.0,13.5,,12.75
202,【阿里巴巴】淘宝-闲鱼-实习前端&移动端开发工程师(前端 或 移动端),杭州,10000人以上,本科,6.0,7.5,,6.75
203,大淘宝前端实习生,杭州,10000人以上,本科,10.5,12.0,,11.25
204,前端开发实习生,北京,10000人以上,本科,8.4,9.0,,8.7
205,前端开发工程师（校招/实习）,深圳,1000-9999人,本科,3.0,6.0,,4.5
206,机器学习前端实习生,北京,10000人以上,本科,12.0,15.0,,13.5
207,前端工程师研发实习生 - 游戏,上海,10000人以上,本科,12.0,15.0,,13.5
208,阿里巴巴2024年应届生前端实习,北京,10000人以上,硕士,6.0,30.0,,18.0
209,阿里巴巴2024年应届生前端实习,上海,10000人以上,硕士,6.0,30.0,,18.0
210,阿里巴巴2024年应届生前端实习,西安,10000人以上,硕士,6.0,30.0,,18.0
211,阿里巴巴2024年应届生前端实习,深圳,10000人以上,硕士,6.0,30.0,,18.0
212,2024届阿里云-前端实习生,苏州,10000人以上,硕士,3.6,30.0,,16.8
213,2024届阿里云-前端实习生,南京,10000人以上,硕士,3.6,30.0,,16.8
214,2024届阿里云-前端实习生,合肥,10000人以上,硕士,3.6,30.0,,16.8
215,2024届阿里云-前端实习生,武汉,10000人以上,硕士,3.6,30.0,,16.8
216,2024届阿里云-前端实习生,深圳,10000人以上,硕士,3.6,30.0,,16.8
217,2024届阿里云-前端实习生,上海,10000人以上,硕士,3.6,30.0,,16.8
218,2024届阿里云-前端实习生,北京,10000人以上,硕士,3.6,30.0,,16.8
219,2024届阿里云-前端实习生,成都,10000人以上,硕士,3.6,30.0,,16.8
220,前端工程师,杭州,10000人以上,学历不限,12.0,12.3,,12.15
221,前端工程师-阿里云（实习）,上海,10000人以上,硕士,6.0,15.0,12.0,10.5
222,前端工程师-阿里云（实习）,北京,10000人以上,硕士,6.0,15.0,12.0,10.5
223,前端工程师-阿里云（实习）,广州,10000人以上,硕士,6.0,15.0,12.0,10.5
224,前端工程师-阿里云（实习）,深圳,10000人以上,硕士,6.0,15.0,12.0,10.5
225,终端开发工程师,杭州,10000人以上,本科,9.0,15.0,,12.0
226,阿里巴巴春季2024届实习生前端开发岗招聘,杭州,10000人以上,本科,10.0,40.0,,25.0
227,前端开发实习生【可转正】,北京,10000人以上,学历不限,12.0,12.3,,12.15
228,前端工程师,杭州,10000人以上,学历不限,6.0,7.5,,6.75
229,前端实习工程师,杭州,10000人以上,本科,10.5,12.0,,11.25
230,2024届 终端开发工程师 薪资面议,杭州,10000人以上,学历不限,10.0,1000.0,,505.0
231,前端工程师,杭州,10000人以上,学历不限,10.5,12.0,,11.25
232,前端工程师开发,杭州,10000人以上,学历不限,60.0,300.0,,180.0
233,前端工程师,杭州,10000人以上,本科,13.25,31.77,,22.509999999999998
234,前端工程师,杭州,10000人以上,本科,11.7,12.6,,12.149999999999999
235,前端工程师,杭州,10000人以上,本科,13.25,31.77,,22.509999999999998
236,前端工程师,杭州,10000人以上,本科,13.25,31.77,,22.509999999999998
237,前端开发工程师-剪映（实习）,深圳,10000人以上,本科,12.0,30.0,15.0,21.0
238,前端开发实习生,上海,10000人以上,本科,13.25,31.77,,22.509999999999998
239,【暑期实习】前端开发工程师,上海,10000人以上,本科,13.25,31.77,,22.509999999999998
240,抖音开放平台-前端开发工程师实习生-可转正,北京,10000人以上,本科,12.0,18.0,,15.0
241,前端实习生,上海,10000人以上,本科,13.25,31.77,,22.509999999999998
242,前端研发实习岗,北京,10000人以上,本科,13.25,31.77,,22.509999999999998
243,24届实习前端开发工程师,北京,10000人以上,本科,10.5,12.0,,11.25
244,掘金/ByteTech前端开发,北京,10000人以上,本科,12.0,15.0,,13.5
245,前端工程师开发,北京,10000人以上,本科,20.0,40.0,12.0,30.0
246,前端开发工程师,北京,0-20人,本科,13.25,31.77,,22.509999999999998
247,前端实习生(J14128),北京,1000-9999人,本科,4.0,6.0,12.0,5.0
248,前端工程师开发,北京,1000-9999人,本科,15.0,30.0,16.0,22.5
249,前端工程师开发/java/软件测试/android/c++/Go/ios开发工程师,成都,10000人以上,本科,15.0,30.0,14.0,22.5
250,软件开发工程师,西安,1000-9999人,本科,15.0,35.0,12.0,25.0
251,高级/资深前端研发工程师-开发者服务,北京,10000人以上,本科,30.0,70.0,15.0,50.0
252,前端工程师,深圳,20-99人,本科,16.0,35.0,15.0,25.5
253,大前端架构师-008,北京,1000-9999人,本科,13.25,31.77,12.0,22.509999999999998
254,前端开发工程师,深圳,1000-9999人,本科,13.25,31.77,12.0,22.509999999999998
255,前端工程师,南京,0-20人,本科,15.0,28.0,14.0,21.5
256,前端软件开发工程师,杭州,1000-9999人,本科,16.0,35.0,12.0,25.5
257,前端开发工程师/UI设计师,北京,10000人以上,本科,35.0,90.0,12.0,62.5
258,前端开发工程师,北京,20-99人,本科,30.0,40.0,16.0,35.0
259,前端开发工程师,北京,10000人以上,本科,15.0,30.0,14.0,22.5
260,前端工程师,杭州,20-99人,本科,12.0,22.0,16.0,17.0
261,前端工程师开发工程师,合肥,20-99人,本科,13.25,31.77,12.0,22.509999999999998
262,web,深圳,100-499人,本科,16.0,26.0,16.0,21.0
263,前端工程师,佛山,10000人以上,本科,13.25,31.77,,22.509999999999998
264,（深圳）互联网业务-跨平台前端工程师开发工程师,深圳,1000-9999人,本科,20.0,30.0,14.0,25.0
265,前端工程师开发-可线上面试,上海,10000人以上,本科,10.0,40.0,14.0,25.0
266,高级/资深前端工程师,南京,10000人以上,本科,15.0,25.0,14.0,20.0
267,飞猪旅行-前端(高级)开发工程师,北京,10000人以上,本科,20.0,40.0,16.0,30.0
268,前端工程师开发,上海,1000-9999人,本科,15.0,30.0,16.0,22.5
269,前端实习生(J14117),北京,1000-9999人,本科,4.0,6.0,12.0,5.0
270,软件开发工程师,北京,1000-9999人,本科,15.0,35.0,12.0,25.0
271,前端开发工程师-广告系统-8g4,北京,10000人以上,本科,20.0,40.0,12.0,30.0
272,前端工程师开发(技术栈 VUE发展方向全栈）,上海,20-99人,本科,8.0,15.0,12.0,11.5
273,前端工程师开发工程师,上海,20-99人,本科,11.0,20.0,13.0,15.5
274,前端工程师,青岛,暂无,学历不限,10.0,18.0,12.0,14.0
275,前端开发工程师,武汉,0-20人,本科,12.0,24.0,14.0,18.0
276,前端开发/java/软件测试/android/c++/Go/ios开发工程师,武汉,10000人以上,本科,15.0,30.0,14.0,22.5
277,产品开发工程师,深圳,10000人以上,本科,13.25,31.77,12.0,22.509999999999998
278,WEB前端开发工程师,西安,10000人以上,本科,12.0,25.0,15.0,18.5
279,前端工程师,杭州,10000人以上,学历不限,20.0,30.0,12.0,25.0
280,高级前端工程师,杭州,20-99人,本科,18.0,28.0,16.0,23.0
281,前端工程师,武汉,暂无,本科,13.25,31.77,,22.509999999999998
282,前端研发工程师--react,北京,10000人以上,本科,25.0,50.0,16.0,37.5
283,高级前端开发工程师（A38226）,合肥,100-499人,本科,15.0,20.0,15.0,17.5
284,服务端开发前端工程师,深圳,暂无,本科,23.0,35.0,13.0,29.0
285,前端工程师开发-可线上面试,成都,10000人以上,本科,10.0,40.0,14.0,25.0
286,SHEIN-前端工程师,广州,10000人以上,本科,10.0,18.0,12.0,14.0
287,前端工程师开发工程,杭州,10000人以上,本科,15.0,35.0,12.0,25.0
288,前端工程师开发,深圳,1000-9999人,本科,15.0,30.0,16.0,22.5
289,高级前端工程师,深圳,100-499人,本科,20.0,40.0,12.0,30.0
290,前端工程师开发,广州,1000-9999人,本科,15.0,40.0,14.0,27.5
291,前端开发工程师-今日头条-sd,深圳,10000人以上,本科,20.0,40.0,12.0,30.0
292,前端开发工程师,北京,20-99人,本科,15.0,40.0,14.0,27.5
293,前端开发工程师,上海,20-99人,硕士,15.0,30.0,24.0,22.5
294,前端工程师,上海,暂无,学历不限,15.0,20.0,13.0,17.5
295,【急招】前端开发工程师,北京,10000人以上,本科,13.25,31.77,12.0,22.509999999999998
296,前端开发/java/软件测试/android/c++/Go/ios开发工程师,南京,10000人以上,本科,15.0,30.0,14.0,22.5
297,中高级前端开发\甲方,杭州,10000人以上,本科,28.0,60.0,12.0,44.0
298,高级前端开发工程师,深圳,20-99人,本科,15.0,28.0,14.0,21.5
299,前端研发工程师-北京,北京,20-99人,本科,15.0,30.0,15.0,22.5
300,前端工程师,上海,1000-9999人,本科,13.25,31.77,,22.509999999999998
301,前端开发工程师,上海,100-499人,本科,7.0,12.0,13.0,9.5
302,前端工程师(有经验),上海,20-99人,本科,6.0,12.0,13.0,9.0
303,前端开发,上海,1000-9999人,本科,12.0,18.0,13.0,15.0
304, web前端开发工程师,上海,20-99人,本科,8.0,15.0,12.0,11.5
305,前端工程师,北京,10000人以上,本科,15.0,35.0,16.0,25.0
306,赴日软件开发工程师,上海,暂无,本科,18.0,35.0,12.0,26.5
307,前端工程师,北京,20-99人,学历不限,28.0,55.0,16.0,41.5
308,前端工程师开发,杭州,1000-9999人,本科,15.0,30.0,16.0,22.5
309,前端开发工程师,上海,100-499人,本科,20.0,45.0,12.0,32.5
310,前端工程师开发,成都,1000-9999人,本科,15.0,40.0,14.0,27.5
311,前端开发工程师,杭州,10000人以上,本科,25.0,50.0,15.0,37.5
312,前端开发工程师,上海,20-99人,本科,15.0,25.0,12.0,20.0
313,前端工程师,成都,10000人以上,本科,20.0,30.0,15.0,25.0
314,前端工程师,上海,暂无,学历不限,30.0,50.0,15.0,40.0
315,web前端工程师,厦门,1000-9999人,本科,13.25,31.77,12.0,22.509999999999998
316,前端开发/java/软件测试/android/c++/Go/ios开发工程师,深圳,10000人以上,本科,15.0,30.0,14.0,22.5
317,前端工程师,深圳,10000人以上,本科,15.0,25.0,12.0,20.0
318,高级前端开发工程师,东莞,20-99人,本科,15.0,28.0,14.0,21.5
319,前端(J14090),北京,1000-9999人,本科,15.0,30.0,15.0,22.5
320,前端工程师,苏州,10000人以上,学历不限,15.0,25.0,12.0,20.0
321,前端工程师,广州,100-499人,本科,10.0,20.0,14.0,15.0
322,前端工程师开发工程师,杭州,1000-9999人,本科,20.0,35.0,12.0,27.5
323,资深前端工程师（社招）,厦门,20-99人,本科,15.0,25.0,13.0,20.0
324,高级前端工程师（支付业务）,深圳,1000-9999人,本科,35.0,60.0,16.0,47.5
325,前端开发工程师,深圳,10000人以上,本科,15.0,40.0,14.0,27.5
326,前端工程师开发工程师（客户端）,广州,1000-9999人,本科,13.25,31.77,12.0,22.509999999999998
327,前端工程师,上海,20-99人,学历不限,28.0,55.0,16.0,41.5
328,前端工程师开发,南京,1000-9999人,本科,15.0,30.0,16.0,22.5
329,高级前端工程师,南京,10000人以上,本科,13.25,31.77,12.0,22.509999999999998
330,前端工程师开发,武汉,1000-9999人,本科,15.0,40.0,14.0,27.5
331,前端工程师开发-字节-商业化,北京,10000人以上,学历不限,13.25,31.77,12.0,22.509999999999998
332,Web前端工程师开发工程师,杭州,20-99人,大专,10.0,15.0,12.0,12.5
333,高级前端研发工程师（社招）,北京,10000人以上,本科,13.25,31.77,12.0,22.509999999999998
334,高级前端工程师,郑州,100-499人,本科,12.0,25.0,15.0,18.5
335,前端工程师,北京,0-20人,本科,30.0,40.0,15.0,35.0
336,前端开发/java/软件测试/android/c++/Go/ios开发工程师,上海,10000人以上,本科,15.0,30.0,14.0,22.5
337,前端开发工程师,上海,10000人以上,本科,13.25,31.77,12.0,22.509999999999998
338,前端开发工程师,西安,100-499人,本科,16.0,24.0,12.0,20.0
339,高级前端开发工程师岗,上海,1000-9999人,本科,25.0,30.0,12.0,27.5
340,中高级前端工程师,上海,100-499人,本科,15.0,30.0,14.0,22.5
341,前端工程师开发工程师,深圳,1000-9999人,本科,18.0,30.0,13.0,24.0
342,前端工程师开发,杭州,1000-9999人,本科,20.0,40.0,15.0,30.0
343,前端开发工程师,广州,20-99人,本科,15.0,25.0,12.0,20.0
344,前端工程师,成都,暂无,大专,13.0,30.0,15.0,21.5
345,前端工程师,上海,10000人以上,本科,15.0,40.0,14.0,27.5
346,前端工程师,北京,10000人以上,本科,13.25,31.77,12.0,22.509999999999998
347,资深前端开发工程师,上海,100-499人,本科,25.0,40.0,15.0,32.5
348,前端工程师开发,成都,1000-9999人,本科,15.0,30.0,16.0,22.5
349,数据可视化工程师（高级）（社招）,北京,0-20人,本科,25.0,35.0,12.0,30.0
350,前端工程师开发,西安,1000-9999人,本科,15.0,40.0,14.0,27.5
351,高级前端开发工程师,上海,10000人以上,本科,30.0,60.0,15.0,45.0
352,Java/Python/前端工程师,成都,10000人以上,本科,14.0,30.0,14.0,22.0
353,前端工程师,青岛,10000人以上,硕士,13.25,31.77,,22.509999999999998
354,前端高级开发工程师,西安,10000人以上,本科,12.0,24.0,12.0,18.0
355,企业信息中心Web前端工程师,深圳,暂无,硕士,10.0,15.0,12.0,12.5
356,前端工程师开发/java/软件测试/android/c++/Go/ios开发工程师,杭州,10000人以上,本科,15.0,30.0,14.0,22.5
357,前端工程师,全国,20-99人,本科,6.0,11.0,13.0,8.5
358,前端工程师研发,广州,10000人以上,本科,20.0,60.0,16.0,40.0
359,前端开发工程师（懂测试优先）,上海,20-99人,本科,13.25,31.77,12.0,22.509999999999998
360,高级前端工程师,临沂,20-99人,本科,4.0,6.0,12.0,5.0
361,前端工程师,杭州,20-99人,本科,15.0,30.0,13.0,22.5
362,前端工程师,杭州,1000-9999人,本科,20.0,30.0,14.0,25.0
363,游戏客户端-Unity3D开发工程师,广州,1000-9999人,本科,13.25,31.77,12.0,22.509999999999998
364,前端工程师,杭州,1000-9999人,本科,13.25,31.77,12.0,22.509999999999998
365,前端开发工程师（双休、年终奖）,北京,10000人以上,本科,15.0,30.0,16.0,22.5
366,前端开发工程师,上海,10000人以上,本科,15.0,35.0,16.0,25.0
367,初级前端开发工程师,南京,20-99人,本科,6.0,10.0,13.0,8.0
368,前端工程师开发,武汉,1000-9999人,本科,15.0,30.0,16.0,22.5
369,前端开发工程师,徐州,20-99人,学历不限,4.0,8.0,13.0,6.0
370,前端工程师开发,深圳,1000-9999人,本科,15.0,35.0,12.0,25.0
371,前端开发工程师,上海,10000人以上,本科,30.0,60.0,15.0,45.0
372,前端工程师架构师,成都,10000人以上,本科,12.0,26.0,14.0,19.0
373,前端开发工程师,杭州,500-999人,学历不限,12.0,18.0,13.0,15.0
374,德科“华为精英研发项目”招聘+前端工程师,西安,10000人以上,本科,20.0,30.0,12.0,25.0
375,WEB前端开发工程师,杭州,1000-9999人,硕士,15.0,30.0,15.0,22.5
376,前端工程师开发/java/软件测试/android/c++/Go/ios开发工程师,北京,10000人以上,本科,15.0,30.0,14.0,22.5
377,前端开发,上海,1000-9999人,本科,15.0,30.0,12.0,22.5
378,前端工程师研发,上海,10000人以上,本科,20.0,60.0,16.0,40.0
379,前端工程师开发,北京,1000-9999人,大专,15.0,20.0,12.0,17.5
380,前端工程师开发工程师,上海,1000-9999人,本科,20.0,60.0,12.0,40.0
381,前端工程师,成都,20-99人,本科,15.0,30.0,13.0,22.5
382,安卓工程师丶IOS工程师(远程兼职),深圳,20-99人,学历不限,6.0,16.0,12.0,11.0
383,前端工程师研发工程师(I3143),杭州,20-99人,本科,15.0,30.0,16.0,22.5
384,cocos creator前端工程师,上海,20-99人,学历不限,12.0,35.0,13.0,23.5
385,前端开发工程师（双休、年终奖）,上海,10000人以上,本科,15.0,30.0,16.0,22.5
386,前端开发工程师,杭州,1000-9999人,本科,15.0,30.0,14.0,22.5
387,前端开发工程师,南京,20-99人,本科,12.0,18.0,13.0,15.0
388,前端开发工程师,成都,1000-9999人,本科,15.0,35.0,14.0,25.0
389,前端开发工程师,深圳,10000人以上,本科,25.0,45.0,14.0,35.0
390,前端工程师开发 双休周末加班双倍,深圳,1000-9999人,本科,15.0,40.0,14.0,27.5
391,平台研发全栈公程师,杭州,10000人以上,本科,30.0,60.0,15.0,45.0
392,OD前端工程师,成都,10000人以上,本科,15.0,30.0,14.0,22.5
393,前端开发工程师,北京,1000-9999人,本科,13.25,31.77,12.0,22.509999999999998
394,前端工程师开发,西安,10000人以上,学历不限,10.0,20.0,14.0,15.0
395,资深Android/IOS开发工程师——安全sdk方向,北京,10000人以上,本科,13.25,31.77,12.0,22.509999999999998
396,前端开发,上海,10000人以上,本科,13.25,31.77,12.0,22.509999999999998
397,游戏前端工程师,北京,500-999人,本科,18.0,35.0,13.0,26.5
398,前端工程师研发,杭州,10000人以上,本科,20.0,60.0,16.0,40.0
399,前端工程师开发,深圳,1000-9999人,大专,15.0,20.0,12.0,17.5
400,前端软件工程师,湖州,20-99人,本科,8.0,20.0,14.0,14.0
401,前端工程师,武汉,20-99人,本科,15.0,30.0,13.0,22.5
402,前端工程师(远程兼职),深圳,20-99人,学历不限,6.0,13.0,12.0,9.5
403,前端开发工程师,长沙,1000-9999人,本科,18.0,30.0,14.0,24.0
404,移动端开发工程师,深圳,20-99人,本科,8.0,15.0,12.0,11.5
405,前端开发工程师（双休、年终奖）,成都,10000人以上,本科,15.0,30.0,16.0,22.5
406,前端工程师,上海,100-499人,本科,13.0,18.0,12.0,15.5
407,前端工程师,宁波,10000人以上,本科,16.0,32.0,15.0,24.0
408,前端开发工程师,深圳,1000-9999人,本科,15.0,35.0,14.0,25.0
409,阿里-前端工程师,杭州,10000人以上,本科,13.25,31.77,12.0,22.509999999999998
410,前端工程师开发,北京,1000-9999人,本科,15.0,40.0,14.0,27.5
411,高级前端开发工程师,三亚,10000人以上,本科,13.25,31.77,12.0,22.509999999999998
412,OD前端工程师,南京,10000人以上,本科,15.0,30.0,14.0,22.5
413,WPF软件开发工程师,上海,100-499人,本科,13.25,31.77,12.0,22.509999999999998
414,前端开发工程师,上海,500-999人,本科,20.0,45.0,14.0,32.5
415,高级前端开发工程师,北京,10000人以上,本科,30.0,50.0,14.0,40.0
416,前端开发工程师,成都,0-20人,大专,1.0,2.0,12.0,1.5
417,U3D开发工程师,北京,500-999人,本科,15.0,30.0,13.0,22.5
418,Web前端开发工程师,杭州,10000人以上,本科,13.25,31.77,12.0,22.509999999999998
419,前端工程师开发,成都,1000-9999人,大专,15.0,20.0,12.0,17.5
420,web前端开发工程师,郑州,100-499人,学历不限,13.25,31.77,12.0,22.509999999999998
421,前端工程师,广州,20-99人,本科,15.0,30.0,13.0,22.5
422,前端开发工程师(J10710),北京,1000-9999人,学历不限,20.0,40.0,15.0,30.0
423,前端开发工程师,深圳,10000人以上,本科,10.0,40.0,15.0,25.0
424,前端工程师（社招内推）,上海,1000-9999人,本科,13.25,31.77,12.0,22.509999999999998
425,前端开发工程师,深圳,10000人以上,本科,18.0,35.0,12.0,26.5
426,初级/中级/高级前端开发工程师（外包）,北京,1000-9999人,学历不限,13.25,31.77,12.0,22.509999999999998
427,前端工程师,廊坊,100-499人,本科,6.0,14.0,12.0,10.0
428,前端开发工程师,杭州,1000-9999人,本科,15.0,35.0,14.0,25.0
429,前端开发工程师,上海,500-999人,本科,11.0,18.0,20.0,14.5
430,前端工程师开发,深圳,1000-9999人,本科,18.0,35.0,16.0,26.5
431,前端工程师开发工程师 - 通信中台,北京,10000人以上,学历不限,25.0,30.0,15.0,27.5
432,OD前端工程师,北京,10000人以上,本科,15.0,30.0,14.0,22.5
433,web,南京,10000人以上,本科,20.0,40.0,16.0,30.0
434,前端开发工程师,北京,500-999人,本科,20.0,45.0,14.0,32.5
435,前端开发工程师（React）,广州,10000人以上,本科,15.0,17.0,13.0,16.0
436,前端开发工程师（Cesium开发）,北京,0-20人,本科,13.25,31.77,12.0,22.509999999999998
437,Mapping Front-end Software Engineer,上海,100-499人,本科,20.0,50.0,15.0,35.0
438,高级前端工程师,北京,20-99人,本科,30.0,60.0,15.0,45.0
439,前端工程师开发,西安,10000人以上,本科,15.0,30.0,12.0,22.5
440,前端工程师开发,深圳,10000人以上,本科,15.0,25.0,14.0,20.0
441,前端工程师,北京,20-99人,本科,15.0,30.0,13.0,22.5
442,前端工程师开发,上海,10000人以上,本科,15.0,25.0,14.0,20.0
443,前端开发工程师,南京,10000人以上,本科,10.0,40.0,15.0,25.0
444,前端工程师（社招内推）,福州,1000-9999人,本科,13.25,31.77,12.0,22.509999999999998
445,前端工程师开发-可线上面试,北京,10000人以上,本科,10.0,40.0,14.0,25.0
446,前端工程师开发-可线上面试,深圳,10000人以上,本科,10.0,40.0,14.0,25.0
447,前端工程师开发-可线上面试,广州,10000人以上,本科,10.0,40.0,14.0,25.0
448,前端开发工程师,南京,1000-9999人,本科,15.0,35.0,14.0,25.0
449,前端工程师开发-可线上面试,杭州,10000人以上,本科,10.0,40.0,14.0,25.0
450,前端工程师开发,上海,1000-9999人,本科,18.0,35.0,16.0,26.5
451,全栈前端工程师-抖音支付,北京,10000人以上,本科,13.25,31.77,12.0,22.509999999999998
452,OD前端工程师,上海,10000人以上,本科,15.0,30.0,14.0,22.5
453,web,杭州,10000人以上,本科,20.0,40.0,16.0,30.0
454,前端工程师开发-可线上面试,南京,10000人以上,本科,10.0,40.0,14.0,25.0
455,前端开发工程师,广州,10000人以上,本科,13.0,17.0,13.0,15.0
456,前端工程师开发-可线上面试,武汉,10000人以上,本科,10.0,40.0,14.0,25.0
457,前端工程师开发-可线上面试,西安,10000人以上,本科,10.0,40.0,14.0,25.0
458,前端工程师,香港,10000人以上,学历不限,13.25,31.77,12.0,22.509999999999998
459,前端工程师开发,深圳,10000人以上,本科,15.0,40.0,14.0,27.5
460,前端开发工程师（ERP系统）,西安,10000人以上,本科,10.0,30.0,15.0,20.0
461,前端工程师,深圳,20-99人,本科,15.0,30.0,13.0,22.5
462,前端开发工程师,深圳,10000人以上,本科,12.0,30.0,15.0,21.0
463,前端开发工程师,上海,10000人以上,本科,15.0,30.0,14.0,22.5
464,前端开发工程师,武汉,10000人以上,本科,15.0,30.0,14.0,22.5
465,前端开发工程师,西安,10000人以上,本科,15.0,30.0,14.0,22.5
466,前端开发工程师,杭州,10000人以上,本科,15.0,30.0,14.0,22.5
467,前端开发工程师,北京,10000人以上,本科,15.0,30.0,14.0,22.5
468,前端开发工程师,西安,1000-9999人,本科,15.0,35.0,14.0,25.0
469,前端工程师,西安,10000人以上,本科,15.0,26.0,14.0,20.5
470,前端工程师开发,杭州,1000-9999人,本科,18.0,35.0,16.0,26.5
471,AML前端开发工程师,北京,10000人以上,本科,30.0,50.0,15.0,40.0
472,前端工程师,成都,10000人以上,本科,16.0,26.0,14.0,21.0
473,web,成都,10000人以上,本科,20.0,40.0,16.0,30.0
474,前端开发工程师,东莞,1000-9999人,本科,15.0,35.0,14.0,25.0
475,前端开发工程师,北京,10000人以上,本科,13.0,40.0,12.0,26.5
476,前端工程师开发,深圳,10000人以上,本科,20.0,30.0,16.0,25.0
477,前端工程师开发工程师,深圳,10000人以上,本科,15.0,30.0,14.0,22.5
478,前端开发工程师,深圳,10000人以上,本科,15.0,22.0,12.0,18.5
479,前端工程师开发,上海,10000人以上,本科,20.0,40.0,12.0,30.0
480,前端开发工程师,深圳,10000人以上,本科,15.0,40.0,14.0,27.5
481,前端开发工程师（双休、年终奖）,深圳,10000人以上,本科,15.0,30.0,16.0,22.5
482,web ,南京,10000人以上,本科,15.0,30.0,12.0,22.5
483,web（苏州/南京/杭州）,苏州,10000人以上,本科,15.0,30.0,12.0,22.5
484,前端开发工程师,深圳,10000人以上,本科,13.0,29.0,14.0,21.0
485,前端开发工程师（JS/TS）,深圳,10000人以上,本科,15.0,30.0,16.0,22.5
486,前端工程师,北京,10000人以上,本科,10.0,40.0,15.0,25.0
487,前端工程师,上海,10000人以上,本科,10.0,40.0,15.0,25.0
488,前端工程师,深圳,10000人以上,本科,10.0,40.0,15.0,25.0
489,前端工程师,杭州,10000人以上,本科,10.0,40.0,15.0,25.0
490,前端工程师开发,南京,1000-9999人,本科,18.0,35.0,16.0,26.5
491,前端开发工程师,北京,10000人以上,学历不限,13.25,31.77,12.0,22.509999999999998
492,前端工程师,南京,10000人以上,本科,10.0,40.0,15.0,25.0
493,web,厦门,10000人以上,本科,20.0,40.0,16.0,30.0
494,Web前端开发工程师,北京,10000人以上,本科,15.0,30.0,15.0,22.5
495,前端开发,北京,10000人以上,本科,15.0,40.0,15.0,27.5
496,【OD】软件开发工程师-前端,杭州,10000人以上,本科,15.0,30.0,15.0,22.5
497,算法工程师,武汉,10000人以上,本科,15.0,30.0,14.0,22.5
498,前端工程师开发/南京杭州上海武汉深莞,南京,10000人以上,本科,20.0,70.0,14.0,45.0
499,JavaScript（JS）开发工程师,北京,10000人以上,本科,15.0,30.0,12.0,22.5
500,JavaScript（JS）开发工程师,深圳,10000人以上,本科,15.0,30.0,12.0,22.5
501,JavaScript（JS）开发工程师,武汉,10000人以上,本科,15.0,30.0,12.0,22.5
502,JavaScript（JS）开发工程师,成都,10000人以上,本科,15.0,30.0,12.0,22.5
503,华为云-前端开发工程师,杭州,10000人以上,本科,10.0,35.0,15.0,22.5
504,云计算研发-web开发工程师,深圳,10000人以上,本科,16.0,45.0,16.0,30.5
505,前端开发工程师（智能驾驶）,深圳,10000人以上,本科,15.0,35.0,14.0,25.0
506,前端工程师开发,深圳,10000人以上,本科,13.0,25.0,13.0,19.0
507,前端工程师开发工程师,上海,10000人以上,本科,15.0,30.0,14.0,22.5
508,前端工程师开发工程师,北京,10000人以上,本科,15.0,30.0,14.0,22.5
509,前端工程师开发工程师,杭州,10000人以上,本科,15.0,30.0,14.0,22.5
510,前端工程师开发,西安,1000-9999人,本科,18.0,35.0,16.0,26.5
511,Web前端开发工程师,深圳,10000人以上,大专,25.0,50.0,15.0,37.5
512,前端工程师开发工程师,深圳,10000人以上,本科,15.0,30.0,14.0,22.5
513,web,武汉,10000人以上,本科,20.0,40.0,16.0,30.0
514,前端工程师开发工程师,南京,10000人以上,本科,15.0,30.0,14.0,22.5
515,前端工程师开发工程师,成都,10000人以上,本科,15.0,30.0,14.0,22.5
516,前端工程师开发工程师,武汉,10000人以上,本科,15.0,30.0,14.0,22.5
517,前端工程师开发工程师,西安,10000人以上,本科,15.0,30.0,14.0,22.5
518,前端工程师开发工程师,东莞,10000人以上,本科,15.0,30.0,14.0,22.5
519,前端工程师开发工程师,广州,10000人以上,本科,15.0,30.0,14.0,22.5
520,软件开发工程师（前端）,深圳,10000人以上,本科,17.0,30.0,14.0,23.5
521,前端工程师～华为OD,杭州,10000人以上,学历不限,13.25,31.77,,22.509999999999998
522,前端工程师～华为OD,武汉,10000人以上,学历不限,13.25,31.77,,22.509999999999998
523,【急招】web前端工程师开发工程师,西安,10000人以上,本科,15.0,35.0,15.0,25.0
524,前端工程师开发（OD）,广州,10000人以上,本科,15.0,30.0,12.0,22.5
525,前端工程师开发（OD）,南京,10000人以上,本科,15.0,30.0,12.0,22.5
526,JavaScript前端开发,北京,10000人以上,本科,15.0,30.0,15.0,22.5
527,前端工程师开发（OD）,济南,10000人以上,本科,15.0,30.0,12.0,22.5
528,前端工程师开发（OD）,深圳,10000人以上,本科,15.0,30.0,12.0,22.5
529,前端开发工程师 | OD岗 线上面试，六险一金，多地华为研究所可选择,西安,10000人以上,本科,18.0,35.0,14.0,26.5
530,前端工程师开发,武汉,1000-9999人,本科,18.0,35.0,16.0,26.5
531,Web前端开发工程师,上海,10000人以上,大专,25.0,50.0,15.0,37.5
532,前端开发工程师（德科OD）,上海,10000人以上,本科,15.0,30.0,12.0,22.5
533,软件开发工程师（JAVA/Android/C++/Web/H5）,深圳,10000人以上,本科,13.25,31.77,12.0,22.509999999999998
534,前端开发工程师（德科OD）,东莞,10000人以上,本科,15.0,30.0,12.0,22.5
535,前端工程师,上海,10000人以上,本科,15.0,40.0,14.0,27.5
536,前端工程师,深圳,10000人以上,本科,15.0,40.0,14.0,27.5
537,前端工程师,杭州,10000人以上,本科,15.0,40.0,14.0,27.5
538,前端工程师,南京,10000人以上,本科,15.0,40.0,14.0,27.5
539,前端工程师,成都,10000人以上,本科,15.0,40.0,14.0,27.5
540,前端工程师,武汉,10000人以上,本科,15.0,40.0,14.0,27.5
541,前端工程师,西安,10000人以上,本科,15.0,40.0,14.0,27.5
542,前端工程师,北京,10000人以上,本科,15.0,40.0,14.0,27.5
543,前端开发工程师,西安,10000人以上,本科,15.0,35.0,14.0,25.0
544,前端开发工程师 | OD岗 线上面试，六险一金，多地华为研究所可选择,深圳,10000人以上,本科,18.0,35.0,14.0,26.5
545,前端开发工程师,北京,10000人以上,本科,15.0,40.0,12.0,27.5
546,前端工程师开发工程师,西安,10000人以上,本科,15.0,30.0,14.0,22.5
547,web前端工程师开发工程师,深圳,10000人以上,本科,20.0,40.0,13.0,30.0
548,前端工程师,西安,10000人以上,本科,10.0,20.0,14.0,15.0
549,前端工程师～华为OD,深圳,10000人以上,学历不限,13.25,31.77,,22.509999999999998
550,前端工程师开发,北京,1000-9999人,本科,18.0,35.0,16.0,26.5
551,Web前端开发工程师,杭州,10000人以上,大专,25.0,50.0,15.0,37.5
552,前端工程师～华为OD,南京,10000人以上,学历不限,13.25,31.77,,22.509999999999998
553,前端工程师～华为OD,西安,10000人以上,学历不限,13.25,31.77,,22.509999999999998
554,软件开发工程师,深圳,10000人以上,本科,15.0,25.0,16.0,20.0
555,底层软件高级工程师,西安,10000人以上,本科,20.0,40.0,16.0,30.0
556,云服务前端工程师开发工程师,深圳,10000人以上,本科,15.0,35.0,12.0,25.0
557,云服务前端工程师开发工程师,北京,10000人以上,本科,15.0,35.0,12.0,25.0
558,云服务前端工程师开发工程师,杭州,10000人以上,本科,15.0,35.0,12.0,25.0
559,云服务前端工程师开发工程师,武汉,10000人以上,本科,15.0,35.0,12.0,25.0
560,云服务前端工程师开发工程师,西安,10000人以上,本科,15.0,35.0,12.0,25.0
561,前端工程师开发工程师,深圳,10000人以上,本科,15.0,35.0,13.0,25.0
562,前端开发工程师,深圳,10000人以上,本科,15.0,35.0,14.0,25.0
563,前端开发工程师,成都,10000人以上,本科,15.0,30.0,14.0,22.5
564,前端工程师,东莞,10000人以上,学历不限,10.0,30.0,12.0,20.0
565,前端工程师开发,南京,10000人以上,本科,15.0,30.0,14.0,22.5
566,前端工程师,杭州,10000人以上,本科,20.0,45.0,14.0,32.5
567,前端工程师,成都,10000人以上,本科,20.0,45.0,14.0,32.5
568,前端开发工程师,深圳,10000人以上,本科,15.0,40.0,14.0,27.5
569,软件开发工程师（前端OD）,南京,10000人以上,本科,15.0,30.0,14.0,22.5
570,前端工程师,西安,10000人以上,本科,13.0,20.0,16.0,16.5
571,Web前端开发工程师,广州,10000人以上,大专,25.0,50.0,15.0,37.5
572,华为云OD招聘 - 数据智能lab - 前端 数据可视化和分析工程师,深圳,10000人以上,本科,13.25,31.77,12.0,22.509999999999998
573,华为云OD招聘 - 数据智能lab - 前端 数据可视化和分析工程师,杭州,10000人以上,本科,13.25,31.77,12.0,22.509999999999998
574,前端工程师,西安,10000人以上,本科,15.0,30.0,14.0,22.5
575,前端开发工程师,深圳,10000人以上,本科,15.0,30.0,14.0,22.5
576,华为云OD招聘 - 数据智能lab - 前端 数据可视化和分析工程师,西安,10000人以上,本科,13.25,31.77,12.0,22.509999999999998
577,（智能车云）前端开发工程师,深圳,10000人以上,本科,10.0,35.0,15.0,22.5
578,华为OD-前端开发工程师,南京,10000人以上,本科,15.0,35.0,16.0,25.0
579,前端工程师,西安,10000人以上,本科,22.0,35.0,14.0,28.5
580,前端工程师,深圳,10000人以上,本科,15.0,40.0,16.0,27.5
581,Web前端开发工程师,成都,10000人以上,大专,25.0,50.0,15.0,37.5
582,Web前端开发工程师,西安,10000人以上,大专,25.0,50.0,15.0,37.5
583,Web前端开发工程师,南京,10000人以上,大专,25.0,50.0,15.0,37.5
584,Web前端开发工程师,武汉,10000人以上,大专,25.0,50.0,15.0,37.5
585,Web前端开发工程师,厦门,10000人以上,大专,25.0,50.0,15.0,37.5
586,Web前端开发工程师,北京,10000人以上,大专,25.0,50.0,15.0,37.5
587,前端工程师,北京,10000人以上,大专,25.0,50.0,15.0,37.5
588,前端工程师,深圳,10000人以上,大专,25.0,50.0,15.0,37.5
589,前端开发,深圳,10000人以上,本科,15.0,40.0,14.0,27.5
590,前端工程师,西安,10000人以上,本科,15.0,30.0,16.0,22.5
591,高级前端开发工程师,广州,10000人以上,本科,20.0,40.0,15.0,30.0
592,高级前端开发工程师,北京,10000人以上,本科,13.25,31.77,12.0,22.509999999999998
593,高级前端开发工程师,深圳,10000人以上,本科,13.25,31.77,12.0,22.509999999999998
594,前端开发工程师,西安,10000人以上,本科,15.0,40.0,13.0,27.5
595,前端开发,西安,10000人以上,本科,15.0,25.0,15.0,20.0
596,华为云前端开发工程师,东莞,10000人以上,本科,15.0,25.0,12.0,20.0
597,华为云前端开发工程师,杭州,10000人以上,本科,15.0,25.0,12.0,20.0
598,华为云前端开发工程师,西安,10000人以上,本科,15.0,25.0,12.0,20.0
599,前端开发工程师,上海,10000人以上,本科,13.25,31.77,12.0,22.509999999999998
600,抖音开放平台-前端开发工程师,北京,10000人以上,本科,20.0,40.0,15.0,30.0
601,前端开发工程师-飞书业务中台,杭州,10000人以上,学历不限,22.0,80.0,15.0,51.0
