,职位,地点,招聘人数,学历要求,最低月薪,最高月薪,发薪月份,平均薪资
0,通用软件开发工程师（留学生岗位）,杭州,10000人以上,本科,15.0,35.0,16.0,25.0
1,全栈工程师,上海,暂无,本科,13.0,25.0,14.0,19.0
2,软件开发C++/C/java/python,深圳,10000人以上,本科,34.5,51.2,12.0,42.85
3,IT软件开发工程师,上海,20-99人,本科,10.0,20.0,14.0,15.0
4,IT技术开发管培生,杭州,暂无,本科,10.0,15.0,13.0,12.5
5,赴日Java、node.js软件开发工程师,上海,暂无,本科,15.0,35.0,12.0,25.0
6,Fintech培训生（软件开发方向）,上海,1000-9999人,本科,34.5,51.2,12.0,42.85
7,桌面开发工程师,上海,暂无,本科,13.0,25.0,14.0,19.0
8,软件开发工程师,西安,10000人以上,本科,15.0,25.0,15.0,20.0
9,通用软件开发工程师,南京,10000人以上,本科,18.0,28.0,14.0,23.0
10,软硬件融合验证平台开发,北京,20-99人,本科,6.0,9.0,,7.5
11,IT软件开发工程师（实习）,上海,20-99人,本科,4.5,6.6,14.0,5.55
12,【2023校招】数智化新领秀-开发,北京,10000人以上,本科,5.4,6.9,,6.15
13,程序语言工具开发实习生(J10330),深圳,100-499人,本科,6.0,12.0,,9.0
14,全栈开发工程师【实习】,北京,20-99人,本科,15.0,30.0,,22.5
15,软件开发岗（实习）,深圳,10000人以上,本科,6.0,15.0,,10.5
16,全栈开发,西安,10000人以上,本科,6.0,6.3,,6.15
17,【2023实习】软件架构师（武汉）,武汉,1000-9999人,硕士,6.0,9.0,,7.5
18,AI 应用工程师【快手】【可转正】【应届可投】,北京,10000人以上,本科,9.0,15.0,,12.0
19,MSRA 大模型开发实习生,北京,10000人以上,本科,6.0,12.0,,9.0
20,前后端开发实习生,苏州,100-499人,硕士,9.0,15.0,,12.0
21,全栈开发,武汉,10000人以上,本科,6.0,6.3,,6.15
22,全栈开发,南京,10000人以上,本科,6.0,6.3,,6.15
23,全栈开发,深圳,10000人以上,本科,6.0,6.3,,6.15
24,全栈开发,成都,10000人以上,本科,6.0,6.3,,6.15
25,全栈开发,上海,10000人以上,本科,6.0,6.3,,6.15
26,全栈开发,西安,10000人以上,学历不限,34.5,51.2,,42.85
27,软件测试开发工程师,南京,10000人以上,本科,34.5,51.2,,42.85
28,华为软件开发工程师（暑期实习）,杭州,10000人以上,本科,7.5,15.6,,11.55
29,后端开发工程师（实习）,东莞,10000人以上,本科,6.0,15.0,12.0,10.5
30,软件开发工程师（语言不限）,深圳,10000人以上,本科,5.4,8.4,,6.9
31,软件开发工程师（语言不限）,上海,10000人以上,本科,5.4,8.4,,6.9
32,软件开发工程师（语言不限）,成都,10000人以上,本科,5.4,8.4,,6.9
33,华为计算,深圳,10000人以上,本科,34.5,51.2,,42.85
34,全栈开发工程师,北京,0-20人,本科,15.0,35.0,14.0,25.0
35,Infra全栈工程师,北京,20-99人,本科,30.0,60.0,15.0,45.0
36,全栈开发工程师,上海,100-499人,本科,20.0,50.0,14.0,35.0
37,AI大模型_电商导购_不仅限电商,北京,10000人以上,本科,34.5,51.2,12.0,42.85
38,全栈开发,青岛,暂无,大专,10.0,18.0,12.0,14.0
39,全栈开发工程师（偏业务）,上海,20-99人,本科,15.0,30.0,12.0,22.5
40,软件开发工程师,广州,20-99人,本科,5.0,8.0,12.0,6.5
41,全栈开发,北京,暂无,本科,34.5,51.2,,42.85
42,全栈工程师,深圳,20-99人,本科,8.0,16.0,12.0,12.0
43,偏前端工程师全栈（FLUTTER是必须项）,杭州,暂无,本科,20.0,30.0,12.0,25.0
44,软件开发工程师,上海,10000人以上,本科,34.5,51.2,12.0,42.85
45,CTO,深圳,20-99人,硕士,1350.0,1500.0,12.0,1425.0
46,赴日高级软件工程师,上海,暂无,本科,20.0,40.0,12.0,30.0
47,技术总监,广州,暂无,学历不限,14.0,20.0,12.0,17.0
48,全栈开发工程师,北京,20-99人,本科,28.0,35.0,18.0,31.5
49,网络运维工程师（IT基础设施）,北京,10000人以上,本科,34.5,51.2,12.0,42.85
50,全栈开发工程师,南京,20-99人,本科,10.0,15.0,13.0,12.5
51,全栈开发,上海,暂无,学历不限,34.5,51.2,12.0,42.85
52,全栈开发,广州,1000-9999人,学历不限,10.0,20.0,16.0,15.0
53,全栈开发,上海,20-99人,本科,15.0,25.0,14.0,20.0
54,软件开发工程师,西安,10000人以上,本科,15.0,25.0,14.0,20.0
55,C#开发工程师(远程兼职),广州,20-99人,学历不限,6.0,16.0,12.0,11.0
56,全栈开发工程师,北京,20-99人,本科,34.5,51.2,12.0,42.85
57,软件开发工程师,成都,10000人以上,本科,16.0,19.0,14.0,17.5
58,IT高管,深圳,0-20人,本科,60.0,260.0,16.0,160.0
59,C#/.Net开发工程师,北京,10000人以上,本科,10.0,20.0,13.0,15.0
60,⾼级软件工程师-Web全栈,北京,100-499人,本科,34.5,51.2,,42.85
61,全栈开发,上海,暂无,本科,34.5,51.2,,42.85
62,全栈开发,武汉,暂无,本科,34.5,51.2,,42.85
63,软件开发工程师,北京,10000人以上,本科,34.5,51.2,12.0,42.85
64,软件开发工程师,杭州,10000人以上,本科,34.5,51.2,12.0,42.85
65,软件开发工程师,南京,10000人以上,本科,34.5,51.2,12.0,42.85
66,软件开发工程师,深圳,10000人以上,本科,34.5,51.2,12.0,42.85
67,软件开发工程师,武汉,10000人以上,本科,34.5,51.2,12.0,42.85
68,软件开发工程师,西安,10000人以上,本科,34.5,51.2,12.0,42.85
69,全栈开发,西安,10000人以上,本科,16.0,35.0,16.0,25.5
70,软件开发工程师,西安,10000人以上,本科,15.0,40.0,12.0,27.5
71,软件开发工程师,西安,10000人以上,本科,15.0,40.0,13.0,27.5
72,5G无线软件工程师,西安,10000人以上,本科,15.0,40.0,13.0,27.5
73,底层驱动开发工程师,西安,10000人以上,本科,15.0,40.0,13.0,27.5
74,软件开发工程师,东莞,10000人以上,本科,13.0,45.0,15.0,29.0
75,软件开发,西安,10000人以上,本科,20.0,30.0,12.0,25.0
76,软件开发工程师,西安,10000人以上,本科,34.5,51.2,12.0,42.85
77,全栈开发,广州,10000人以上,学历不限,34.5,51.2,12.0,42.85
78,JS/Java/Python/C/C++/Go开发工程师,北京,10000人以上,本科,12.0,40.0,15.0,26.0
79,5G无线算法工程师,西安,10000人以上,本科,15.0,30.0,14.0,22.5
80,5G无线软件工程师,西安,10000人以上,本科,15.0,40.0,13.0,27.5
81, 底层驱动开发工程师,西安,10000人以上,本科,15.0,45.0,12.0,30.0
82,WEB全栈开发工程师,西安,10000人以上,本科,14.0,24.0,12.0,19.0
