,职位,地点,招聘人数,学历要求,最低月薪,最高月薪,发薪月份,平均薪资
0,Python,西安,10000人以上,本科,5.0,7.0,13.0,6.0
1,【深圳】量化交易员助理,深圳,100-499人,本科,10.0,15.0,14.0,12.5
2,Python开发工程师,上海,20-99人,本科,8.0,12.0,13.0,10.0
3,python开发工程师,上海,10000人以上,本科,18.0,40.0,12.0,29.0
4,游戏研发工程师（24届校招）,成都,20-99人,学历不限,12.0,24.0,12.0,18.0
5,AI平台开发工程师,上海,100-499人,本科,20.0,35.0,16.0,27.5
6,python开发工程师,杭州,20-99人,本科,20.0,40.0,15.0,30.0
7,24届-数据分析师,上海,500-999人,学历不限,13.28,25.5,12.0,19.39
8,数据分析开发工程师（2023届校招）(J11211),北京,1000-9999人,本科,11.0,14.0,12.0,12.5
9,数据分析师,北京,100-499人,本科,15.0,25.0,14.0,20.0
10,Python开发工程师（系统开发）,上海,10000人以上,学历不限,13.28,25.5,12.0,19.39
11,【成都】量化交易员助理,成都,100-499人,本科,10.0,15.0,14.0,12.5
12,【2024届】通用软件开发工程师,北京,10000人以上,学历不限,13.28,25.5,12.0,19.39
13,Python,上海,10000人以上,本科,16.0,24.0,14.0,20.0
14,Python系统开发工程师（正式批）,上海,100-499人,本科,15.0,30.0,14.0,22.5
15,python开发工程师,西安,10000人以上,本科,18.0,30.0,16.0,24.0
16,Python开发工程师（自动化测试）,上海,10000人以上,学历不限,13.28,25.5,12.0,19.39
17,Python工程师,北京,1000-9999人,硕士,9.0,9.3,,9.15
18,机器学习实习生,北京,0-20人,硕士,7.5,15.0,,11.25
19,Python开发暑期实习&秋招（24届内推）,上海,100-499人,硕士,4.5,9.0,,6.75
20,Python开发实习生,北京,20-99人,本科,7.5,9.0,,8.25
21,python开发实习生,北京,暂无,硕士,6.0,9.0,,7.5
22,AI研发实习生（Python）,北京,1000-9999人,硕士,6.9,8.4,,7.65
23,Python开发实习生,北京,1000-9999人,本科,7.5,9.0,,8.25
24,Python后端实习生-AI,深圳,0-20人,本科,5.4,9.0,,7.2
25,python开发实习生（后端开发）,北京,100-499人,本科,6.0,7.5,,6.75
26,后端研发实习生,北京,10000人以上,本科,7.2,10.8,,9.0
27,Python开发实习生,北京,20-99人,本科,6.0,9.0,,7.5
28,软件开发实习生2,长沙,10000人以上,本科,3.0,4.5,,3.75
29,Python实习生,杭州,20-99人,本科,3.6,4.5,,4.05
30,阿里巴巴-夸克事业部-数据开发实习生,杭州,10000人以上,学历不限,6.0,9.0,,7.5
31,pnc infra python实习生,北京,10000人以上,本科,80.0,160.0,,120.0
32,【华为OD】AI知识库开发工程师（实习）,杭州,10000人以上,本科,6.0,12.0,14.0,9.0
33,数据分析开发实习生,北京,1000-9999人,本科,4.5,7.2,,5.85
34,Python数据开发实习生,成都,100-499人,本科,6.0,15.0,,10.5
35,后端开发实习生（AIGC方向）,北京,0-20人,本科,6.0,10.5,,8.25
36,Python开发实习生,南京,20-99人,本科,6.0,9.0,,7.5
37,后端开发实习【提供转正hc】,北京,20-99人,本科,7.5,9.0,,8.25
38,Python实习,杭州,20-99人,本科,4.5,5.4,,4.95
39,Python开发暑期实习&秋招（24届内推）,上海,100-499人,硕士,4.5,9.0,,6.75
40,Python后端开发实习生,深圳,20-99人,学历不限,4.5,6.0,,5.25
41,python开发实习,深圳,20-99人,本科,3.6,9.0,,6.3
42,数据开发工程师（实习有转正机会）,北京,暂无,本科,15.0,30.0,,22.5
43,Python开发实习生,杭州,100-499人,本科,6.0,8.4,,7.2
44,Python开发实习生（场景生成方向）,北京,100-499人,硕士,4.5,7.5,,6.0
45,EL-现场信息系统开发实习生,江门,10000人以上,本科,3.9,4.8,,4.35
46,Java,北京,10000人以上,本科,6.0,11.1,,8.55
47,python开发实习生,北京,20-99人,本科,4.5,9.0,,6.75
48,软件开发实习生,长沙,10000人以上,本科,3.0,4.5,,3.75
49,Python工程师,上海,100-499人,本科,9.0,15.0,,12.0
50,Python实习生,上海,暂无,本科,4.5,9.0,,6.75
51,基础架构（CICD）工程师,上海,10000人以上,本科,9.0,13.5,,11.25
52,后端开发实习,上海,20-99人,硕士,4.5,6.0,,5.25
53,算法实习生,北京,20-99人,本科,6.0,12.0,,9.0
54,Python软件开发工程师,西安,10000人以上,本科,9.0,15.0,,12.0
55,Python,北京,20-99人,学历不限,3.0,6.0,,4.5
56,后端开发实习生-Python,北京,500-999人,本科,7.5,12.0,,9.75
57,百度研究院_Python研发实习生,北京,10000人以上,学历不限,7.5,12.0,,9.75
58,交易系统开发工程师,北京,20-99人,本科,15.0,30.0,,22.5
59,Python开发实习生（西安）,西安,1000-9999人,本科,4.5,4.8,,4.65
60,PYTHON实习生,南京,20-99人,本科,4.5,6.0,,5.25
61,Python开发实习生,深圳,500-999人,本科,6.0,9.0,,7.5
62,Python系统开发实习生,上海,100-499人,本科,6.0,15.0,,10.5
63,python开发实习生,杭州,100-499人,本科,6.0,8.4,,7.2
64,AI工程实习生,北京,500-999人,硕士,6.9,9.0,,7.95
65,MO-产线数字化实习生,上海,10000人以上,本科,4.8,5.1,,4.949999999999999
66,软件开发工程师(实习),北京,10000人以上,学历不限,7.8,9.0,,8.4
67,软件开发实习生（Tools &SCM）,南京,100-499人,硕士,6.0,8.4,,7.2
68,软件开发战略实习生,长沙,10000人以上,硕士,7.5,9.3,,8.4
69,python开发实习生,上海,100-499人,本科,12.0,18.0,,15.0
70,商业产品开发实习生,北京,100-499人,本科,6.0,9.0,,7.5
71,Python开发实习生（场景生成方向）,北京,500-999人,硕士,6.0,9.0,,7.5
72,平台开发实习生（Python方向）,杭州,10000人以上,本科,6.0,12.0,,9.0
73,算法实习生,北京,500-999人,本科,9.0,12.6,,10.8
74,Python实习生,北京,1000-9999人,本科,3.6,6.0,,4.8
75,量化开发实习生,北京,暂无,本科,15.0,30.0,,22.5
76,Python,深圳,10000人以上,本科,13.28,25.5,,19.39
77,自然语言处理部深圳组_算法实习生,深圳,10000人以上,本科,6.0,7.5,,6.75
78,机器视觉工程师,上海,20-99人,硕士,9.0,15.0,,12.0
79,Python,北京,500-999人,本科,13.28,25.5,,19.39
80,后端开发实习生（Python）,杭州,1000-9999人,本科,6.0,9.0,,7.5
81,python实习生,杭州,20-99人,本科,5.4,8.4,,6.9
82,Python数据开发实习生,成都,100-499人,本科,6.0,12.0,,9.0
83,数值后端策划（代码）,北京,500-999人,本科,9.0,10.5,,9.75
84,Python开发工程师（实习）,济南,10000人以上,本科,3.0,6.0,12.0,4.5
85,后端实习,杭州,20-99人,本科,6.0,7.5,,6.75
86,Python开发工程师(OCR方向),北京,500-999人,本科,9.0,15.0,,12.0
87,后端工程师（实习）,北京,20-99人,本科,12.0,15.0,,13.5
88,Python系统开发实习生,深圳,100-499人,本科,6.0,12.0,,9.0
89,2python实习生,北京,500-999人,硕士,4.5,7.8,,6.15
90,机器学习研究实习生,北京,暂无,硕士,15.0,30.0,,22.5
91,量化研究实习生,北京,暂无,本科,15.0,30.0,,22.5
92,深度学习算法实习生,北京,500-999人,硕士,8.1,12.0,,10.05
93,Python,上海,500-999人,本科,13.28,25.5,,19.39
94,Python,苏州,500-999人,本科,13.28,25.5,,19.39
95,算法实习生,杭州,20-99人,本科,4.5,8.4,,6.45
96,后端工程师,北京,20-99人,本科,12.0,15.0,,13.5
97,java/Python/C/C++/数据开发/算法/测试,杭州,10000人以上,本科,15.0,30.0,16.0,22.5
98,软件开发工程师,上海,10000人以上,硕士,12.0,22.0,12.0,17.0
99,python开发工程师,上海,1000-9999人,本科,15.0,35.0,12.0,25.0
100,Python开发工程师（社招）,上海,20-99人,本科,10.0,15.0,13.0,12.5
101,平台搭建-量化开发技术专家（python,上海,100-499人,本科,50.0,80.0,12.0,65.0
102,Python高级开发工程师,深圳,1000-9999人,本科,15.0,35.0,14.0,25.0
103,python开发,长沙,20-99人,大专,8.0,13.0,12.0,10.5
104,python开发工程师,上海,20-99人,本科,15.0,30.0,12.0,22.5
105,Python,重庆,100-499人,学历不限,7.0,10.0,12.0,8.5
106,阿里巴巴Python外包,杭州,10000人以上,本科,13.28,25.5,12.0,19.39
107,Python开发工程师,西安,10000人以上,学历不限,10.0,21.0,12.0,15.5
108,游戏服务端开发工程师,广州,20-99人,本科,12.0,24.0,14.0,18.0
109,Python开发工程师,西安,100-499人,本科,13.0,20.0,12.0,16.5
110,Python,杭州,10000人以上,本科,20.0,40.0,12.0,30.0
111,后端leader,北京,20-99人,本科,45.0,75.0,16.0,60.0
112,IT软件开发工程师,南京,1000-9999人,本科,15.0,25.0,14.0,20.0
113,python,广州,10000人以上,本科,20.0,40.0,16.0,30.0
114,Python开发工程师,广州,20-99人,本科,5.0,8.0,12.0,6.5
115,AI数据工程师,南京,20-99人,本科,15.0,25.0,14.0,20.0
116,Python数据开发工程师,上海,100-499人,本科,15.0,30.0,14.0,22.5
117,通用软件开发工程师Java/Python/C/C++/测试/算法工程师,上海,10000人以上,本科,15.0,30.0,15.0,22.5
118,中后台开发工程师（python-量化赛道）-北京,北京,20-99人,本科,13.28,25.5,12.0,19.39
119,python开发工程师,北京,1000-9999人,本科,15.0,35.0,12.0,25.0
120,后端开发工程师（AIGC方向）,北京,0-20人,本科,15.0,30.0,14.0,22.5
121,爬虫python工程师,上海,100-499人,本科,10.0,25.0,12.0,17.5
122,资深后端工程师,深圳,20-99人,本科,25.0,50.0,14.0,37.5
123,Python开发,上海,1000-9999人,本科,12.0,20.0,13.0,16.0
124,图像算法工程师,杭州,暂无,硕士,13.0,23.0,12.0,18.0
125,平台开发工程师 （python）-雷火事业群-平台创新中心-效能平台部,杭州,10000人以上,本科,13.28,25.5,12.0,19.39
126,Python开发工程师,上海,暂无,学历不限,40.0,60.0,18.0,50.0
127,后端工程师（周末双休，五险一金）,长沙,暂无,本科,6.0,10.0,12.0,8.0
128,开发工程师,广州,20-99人,本科,13.0,23.0,14.0,18.0
129,量化开发工程师（python）,北京,20-99人,硕士,20.0,40.0,15.0,30.0
130,游戏服务器开发工程师,深圳,500-999人,本科,11.0,20.0,12.0,15.5
131,python开发,北京,20-99人,硕士,35.0,55.0,16.0,45.0
132,研发工程师,杭州,1000-9999人,本科,15.0,40.0,15.0,27.5
133,Python,北京,10000人以上,本科,15.0,25.0,14.0,20.0
134,Python,南京,20-99人,本科,11.0,18.0,14.0,14.5
135,算法工程师,北京,20-99人,本科,25.0,50.0,12.0,37.5
136,Python系统开发工程师,成都,100-499人,本科,15.0,30.0,14.0,22.5
137,通用软件开发工程师Java/Python/C/C++/测试/算法工程师,深圳,10000人以上,本科,15.0,30.0,15.0,22.5
138,Python,上海,10000人以上,本科,12.0,24.0,15.0,18.0
139,python开发工程师,广州,1000-9999人,本科,15.0,35.0,12.0,25.0
140,python开发工程师,西安,1000-9999人,本科,15.0,19.0,12.0,17.0
141,量化开发工程师（Python）,上海,100-499人,本科,20.0,45.0,12.0,32.5
142,Python,长沙,20-99人,学历不限,9.0,12.0,12.0,10.5
143,python开发,上海,1000-9999人,本科,17.0,20.0,12.0,18.5
144,python,西安,10000人以上,本科,13.0,23.0,12.0,18.0
145,企业信息中心Python开发工程师,深圳,暂无,硕士,10.0,15.0,12.0,12.5
146,量化程序开发岗,北京,10000人以上,本科,15.0,30.0,12.0,22.5
147,高级Python开发工程师,北京,1000-9999人,学历不限,25.0,35.0,14.0,30.0
148,游戏工具链开发工程师,广州,20-99人,本科,13.0,23.0,14.0,18.0
149,python,成都,10000人以上,本科,12.0,24.0,14.0,18.0
150,软件工程师,重庆,20-99人,本科,10.0,25.0,12.0,17.5
151,Python高级开发,北京,20-99人,本科,40.0,60.0,16.0,50.0
152,研发工程师,上海,1000-9999人,本科,15.0,40.0,15.0,27.5
153,python开发,东莞,10000人以上,本科,8.0,19.0,12.0,13.5
154,量化研究员,北京,暂无,本科,13.28,25.5,12.0,19.39
155,软件开发工程师,杭州,1000-9999人,学历不限,13.28,25.5,,19.39
156,Python系统开发工程师,成都,100-499人,本科,15.0,30.0,14.0,22.5
157,通用软件开发工程师Java/Python/C/C++/测试/算法工程师,成都,10000人以上,本科,15.0,30.0,15.0,22.5
158,软件开发工程师,上海,10000人以上,学历不限,18.0,30.0,15.0,24.0
159,python开发工程师,深圳,1000-9999人,本科,15.0,35.0,12.0,25.0
160,Python开发工程师,苏州,1000-9999人,本科,13.28,25.5,12.0,19.39
161,Python开发工程师,上海,1000-9999人,本科,20.0,40.0,14.0,30.0
162,python工程师(远程兼职),广州,20-99人,学历不限,6.0,16.0,12.0,11.0
163,高级爬虫工程师,深圳,1000-9999人,本科,20.0,40.0,15.0,30.0
164,python开发,西安,10000人以上,本科,11.0,26.0,14.0,18.5
165,Python开发工程师,深圳,暂无,本科,20.0,40.0,16.0,30.0
166,自动化硬件测试工程师,杭州,10000人以上,本科,20.0,40.0,14.0,30.0
167,高级机器学习算法工程师,北京,0-20人,硕士,25.0,50.0,14.0,37.5
168,高级Python开发工程师,北京,1000-9999人,本科,13.28,25.5,12.0,19.39
169,OD-python,成都,10000人以上,本科,15.0,35.0,16.0,25.0
170,Python开发工程师（后端）,北京,100-499人,本科,13.28,25.5,12.0,19.39
171,人工智能研究专员,杭州,1000-9999人,硕士,13.28,25.5,12.0,19.39
172,研发工程师,北京,1000-9999人,本科,15.0,40.0,15.0,27.5
173,python,北京,10000人以上,本科,15.0,25.0,12.0,20.0
174,软件开发工程师,北京,暂无,本科,13.28,25.5,12.0,19.39
175,软件测试工程师,西安,1000-9999人,本科,15.0,30.0,16.0,22.5
176,后端开发,北京,500-999人,本科,13.0,25.0,16.0,19.0
177,通用软件开发工程师Java/Python/C/C++/测试/算法工程师,武汉,10000人以上,本科,15.0,30.0,15.0,22.5
178,后端开发工程师,上海,10000人以上,本科,20.0,40.0,15.0,30.0
179,python开发工程师,成都,1000-9999人,本科,15.0,35.0,12.0,25.0
180,QT开发工程师(T4619),上海,100-499人,本科,18.0,28.0,14.0,23.0
181,python开发工程师,成都,1000-9999人,本科,14.0,28.0,12.0,21.0
182,运维开发工程师（Python）（2023届校招）(J11214),苏州,1000-9999人,本科,13.0,15.0,12.0,14.0
183,Python工程师（语音识别，本部岗）,北京,1000-9999人,本科,9.0,11.0,12.0,10.0
184,Python开发工程师,上海,20-99人,本科,13.28,25.5,12.0,19.39
185,软件工程师-虚拟化研发工程师,北京,100-499人,本科,13.28,25.5,,19.39
186,自动化硬件测试工程师,东莞,10000人以上,本科,20.0,40.0,14.0,30.0
187,Python软件开发工程师,深圳,10000人以上,本科,13.0,29.0,14.0,21.0
188,python后端开发,深圳,10000人以上,本科,15.0,40.0,15.0,27.5
189,OD-python,北京,10000人以上,本科,15.0,35.0,16.0,25.0
190,Python工程师,深圳,10000人以上,本科,15.0,25.0,14.0,20.0
191,Python开发工程师,深圳,10000人以上,本科,15.0,30.0,14.0,22.5
192,研发工程师,西安,1000-9999人,本科,15.0,40.0,15.0,27.5
193,python,上海,10000人以上,本科,15.0,25.0,12.0,20.0
194,量化开发工程师,北京,暂无,本科,13.28,25.5,12.0,19.39
195,软件测试工程师,成都,1000-9999人,本科,15.0,30.0,16.0,22.5
196,Python开发/算法工程师/双休/社保全额/线上远程面试,北京,10000人以上,本科,15.0,30.0,16.0,22.5
197,【狂飙】软件开发工程师,上海,10000人以上,本科,20.0,30.0,12.0,25.0
198,Python,深圳,10000人以上,本科,15.0,40.0,14.0,27.5
199,Python,北京,10000人以上,本科,15.0,40.0,14.0,27.5
200,python开发工程师(D4774),上海,100-499人,本科,20.0,35.0,14.0,27.5
201,Python,南京,10000人以上,本科,15.0,40.0,14.0,27.5
202,Python,杭州,10000人以上,本科,15.0,40.0,14.0,27.5
203,应用开发工程师,北京,1000-9999人,本科,10.0,17.0,12.0,13.5
204,Python,成都,10000人以上,本科,15.0,40.0,14.0,27.5
205,Python,西安,10000人以上,本科,15.0,40.0,14.0,27.5
206,AI软件开发工程师,杭州,10000人以上,本科,20.0,30.0,16.0,25.0
207,软件开发工程师（Python）,深圳,10000人以上,本科,15.0,30.0,16.0,22.5
208,Python软件开发,北京,10000人以上,本科,15.0,30.0,14.0,22.5
209,OD-python,上海,10000人以上,本科,15.0,35.0,16.0,25.0
210,python,深圳,10000人以上,本科,12.0,30.0,14.0,21.0
211,java/C/C++/web/Python/测试/golang/算法,武汉,10000人以上,本科,15.0,30.0,15.0,22.5
212,云计算开发,杭州,1000-9999人,本科,15.0,30.0,12.0,22.5
213,python,广州,10000人以上,本科,15.0,25.0,12.0,20.0
214,java/C/C++/web/Python/测试/golang/算法,深圳,10000人以上,本科,15.0,30.0,15.0,22.5
215,java/C/C++/web/Python/测试/golang/算法,北京,10000人以上,本科,15.0,30.0,15.0,22.5
216,python,北京,10000人以上,本科,15.0,30.0,16.0,22.5
217,python开发工程师,西安,10000人以上,本科,15.0,30.0,16.0,22.5
218,python（数据开发）,北京,10000人以上,本科,15.0,40.0,16.0,27.5
219,C/C++/Java/Python软开,深圳,10000人以上,本科,12.0,30.0,15.0,21.0
220,软件开发工程师,杭州,10000人以上,本科,15.0,30.0,14.0,22.5
221,Python开发工程师,深圳,10000人以上,本科,12.0,35.0,14.0,23.5
222,通用软件开发工程师Java/Python/C/C++/测试/算法工程师,西安,10000人以上,本科,15.0,30.0,15.0,22.5
223,通用软件开发工程师Java/Python/C/C++/测试/算法工程师,北京,10000人以上,本科,15.0,30.0,15.0,22.5
224,通用软件开发工程师Java/Python/C/C++/测试/算法工程师,广州,10000人以上,本科,15.0,30.0,15.0,22.5
225,Python工程师,东莞,10000人以上,本科,10.0,30.0,14.0,20.0
226,Python工程师,西安,10000人以上,本科,10.0,30.0,14.0,20.0
227,Python工程师,成都,10000人以上,本科,10.0,30.0,14.0,20.0
228,java/Python/C/C++/数据开发/算法/测试,成都,10000人以上,本科,15.0,30.0,16.0,22.5
229,OD-python,南京,10000人以上,本科,15.0,35.0,16.0,25.0
230,Python工程师,北京,10000人以上,本科,15.0,30.0,16.0,22.5
231,Python工程师,上海,10000人以上,本科,15.0,30.0,16.0,22.5
232,Python工程师,深圳,10000人以上,本科,15.0,30.0,16.0,22.5
233,python,深圳,10000人以上,本科,15.0,25.0,12.0,20.0
234,Python工程师,成都,10000人以上,本科,15.0,30.0,16.0,22.5
235,Python工程师,南京,10000人以上,本科,15.0,30.0,16.0,22.5
236,Python工程师,武汉,10000人以上,本科,15.0,30.0,16.0,22.5
237,Python开发工程师,杭州,10000人以上,本科,15.0,30.0,15.0,22.5
238,Python软件开发工程师,北京,10000人以上,本科,15.0,30.0,15.0,22.5
239,Python开发工程师,西安,10000人以上,本科,15.0,40.0,13.0,27.5
240,Python开发工程师,西安,10000人以上,本科,15.0,40.0,13.0,27.5
241,python软件开发工程师 | OD岗 线上面试，六险一金，多地华为研究所可选择,深圳,10000人以上,本科,18.0,40.0,14.0,29.0
242,python软件开发工程师 | OD岗 线上面试，六险一金，多地华为研究所可选择,西安,10000人以上,本科,18.0,35.0,14.0,26.5
243,Python开发工程师,西安,10000人以上,本科,15.0,40.0,13.0,27.5
244,Python开发工程师,西安,10000人以上,本科,15.0,40.0,13.0,27.5
245,Python开发工程师,西安,10000人以上,本科,15.0,30.0,12.0,22.5
246,华为云python开发,杭州,10000人以上,本科,16.0,30.0,16.0,23.0
247,python,杭州,10000人以上,本科,15.0,25.0,12.0,20.0
248,python,南京,10000人以上,本科,15.0,25.0,12.0,20.0
249,Python开发工程师,成都,10000人以上,本科,16.0,26.0,14.0,21.0
250,python,成都,10000人以上,本科,15.0,25.0,12.0,20.0
251,python,武汉,10000人以上,本科,15.0,25.0,12.0,20.0
252,python,西安,10000人以上,本科,15.0,25.0,12.0,20.0
253,python,东莞,10000人以上,本科,15.0,25.0,12.0,20.0
254,python,深圳,10000人以上,本科,15.0,35.0,13.0,25.0
255,AI软件开发工程师,杭州,10000人以上,本科,15.0,30.0,14.0,22.5
256,python开发工程师,北京,10000人以上,本科,20.0,40.0,14.0,30.0
257,python开发工程师,杭州,10000人以上,本科,15.0,30.0,12.0,22.5
258,通用软件开发工程师,杭州,10000人以上,本科,16.0,30.0,16.0,23.0
259,python开发,上海,10000人以上,本科,15.0,25.0,12.0,20.0
260,软件测试工程师-华为OD,南京,10000人以上,本科,15.0,30.0,14.0,22.5
261,算法工程师,杭州,10000人以上,本科,16.0,30.0,14.0,23.0
262,Python软件开发工程师,深圳,10000人以上,本科,15.0,30.0,16.0,22.5
263,Python软件开发工程师,西安,10000人以上,本科,15.0,30.0,16.0,22.5
264,Python,西安,10000人以上,本科,15.0,25.0,12.0,20.0
265,软件开发工程师(Python),西安,10000人以上,本科,25.0,35.0,12.0,30.0
266,软件开发工程师(Python),深圳,10000人以上,本科,25.0,35.0,12.0,30.0
267,华为软件开发工程师（前端/后端/测开）,上海,10000人以上,本科,15.0,50.0,15.0,32.5
268,Python开发工程师,西安,10000人以上,本科,15.0,40.0,13.0,27.5
269,Python开发工程师,西安,10000人以上,本科,15.0,40.0,13.0,27.5
270,Python开发工程师,西安,10000人以上,本科,15.0,40.0,13.0,27.5
271,Python开发工程师,西安,10000人以上,本科,15.0,40.0,13.0,27.5
272,Python开发工程师,西安,10000人以上,本科,15.0,25.0,12.0,20.0
273,Python开发工程师-成都,成都,10000人以上,本科,15.0,25.0,14.0,20.0
274,Python开发工程师,上海,10000人以上,本科,15.0,25.0,12.0,20.0
275,python开发工程师,西安,10000人以上,本科,15.0,30.0,15.0,22.5
276,软件开发工程师（Python）,西安,10000人以上,本科,15.0,30.0,14.0,22.5
277,Python开发,西安,10000人以上,本科,15.0,28.0,15.0,21.5
278,python开发工程师,杭州,10000人以上,本科,15.0,25.0,14.0,20.0
279,python软件开发工程师,西安,10000人以上,本科,13.28,25.5,12.0,19.39
