,职位,地点,招聘人数,学历要求,最低月薪,最高月薪,发薪月份,平均薪资
0,web前端,上海,20-99人,本科,6.0,12.0,13.0,9.0
1,【2024校招】web前端工程师,北京,1000-9999人,本科,14.0,18.0,15.0,16.0
2,web前端,深圳,1000-9999人,本科,18.0,40.0,14.0,29.0
3,【2024校招】web前端开发工程师,北京,500-999人,本科,14.0,18.0,15.0,16.0
4,web前端开发工程师【2024届正式批专场】,北京,1000-9999人,学历不限,11.53,23.27,12.0,17.4
5,【2024届秋招】web前端开发工程师,北京,1000-9999人,本科,12.0,16.0,14.0,14.0
6,Web前端开发工程师【正式批专场】,北京,100-499人,学历不限,15.0,25.0,14.0,20.0
7,前端开发工程师（重庆）,重庆,1000-9999人,本科,11.53,23.27,12.0,17.4
8,24届-前端开发工程师,上海,500-999人,学历不限,11.53,23.27,12.0,17.4
9,web前端,深圳,100-499人,学历不限,10.0,20.0,12.0,15.0
10,航天宏图-web前端开发工程师,北京,10000人以上,本科,10.0,20.0,12.0,15.0
11,前端开发实习生,北京,1000-9999人,本科,4.5,9.0,,6.75
12,前端开发实习生,北京,10000人以上,本科,6.0,12.0,,9.0
13,提前批-Web前端实习生(J13948),北京,1000-9999人,本科,5.1,6.9,,6.0
14,web前端,上海,暂无,本科,4.5,6.0,,5.25
15,web前端开发实习生,北京,1000-9999人,本科,12.0,13.5,,12.75
16,前端工程师-实习,上海,0-20人,本科,9.0,15.0,,12.0
17,前端开发（高级）工程师—云平台方向（xiaozhao/shixi）,北京,10000人以上,本科,12.0,15.0,,13.5
18,webweb前端工程师,上海,20-99人,本科,6.0,9.0,,7.5
19,Web前端开发实习生,杭州,10000人以上,本科,7.2,10.8,,9.0
20,web前端实习生,上海,100-499人,本科,9.0,12.0,,10.5
21,web前端,北京,20-99人,大专,7.8,11.1,,9.45
22,前端开发工程师,北京,500-999人,本科,4.5,9.0,,6.75
23,【日常实习】Web前端工程师,北京,10000人以上,本科,11.53,23.27,,17.4
24,前端开发实习生,北京,10000人以上,本科,4.5,9.0,,6.75
25,web前端研发实习生,北京,500-999人,本科,7.5,9.0,,8.25
26,Webweb前端开发实习生【2024届】,深圳,500-999人,本科,6.0,7.5,,6.75
27,前端开发实习生,上海,1000-9999人,本科,8.1,9.6,,8.85
28,Web全栈工程师实习生,杭州,20-99人,本科,9.0,15.0,,12.0
29,区块链前端开发实习生,杭州,0-20人,本科,6.0,9.0,,7.5
30,web前端开发实习,上海,20-99人,本科,4.5,6.0,,5.25
31,web前端,上海,1000-9999人,学历不限,6.0,7.5,,6.75
32,【23暑期实习】WEB前端开发实习生(J10593),北京,500-999人,本科,4.5,6.0,,5.25
33,提前批-Web前端实习生(J14005),北京,1000-9999人,本科,4.8,7.5,,6.15
34,web前端,深圳,暂无,本科,4.5,6.0,,5.25
35,前端开发工程师,北京,1000-9999人,本科,4.5,6.9,,5.7
36,web前端,上海,10000人以上,本科,9.0,10.5,,9.75
37,字节高级/资深前端研发工程师-开发者服务（xiaozhao/shixi）,广州,10000人以上,本科,12.0,15.0,,13.5
38,webweb前端工程师,杭州,20-99人,本科,6.0,9.0,,7.5
39,Web前端开发,北京,1000-9999人,本科,6.0,6.9,,6.45
40,web前端实习生,北京,100-499人,本科,9.0,12.0,,10.5
41,web前端,上海,20-99人,大专,7.8,11.1,,9.45
42,前端开发工程师,上海,500-999人,本科,4.5,9.0,,6.75
43,【日常实习】实习-Web前端工程师,北京,10000人以上,本科,11.53,23.27,,17.4
44,Web 前端开发工程师,成都,暂无,本科,6.0,15.0,,10.5
45,web前端,深圳,20-99人,本科,4.5,5.4,,4.95
46,知乎前端开发实习生【急招】,北京,1000-9999人,本科,4.5,9.0,,6.75
47,前端开发实习生,苏州,20-99人,本科,3.0,7.5,,5.25
48,web前端开发 ,上海,20-99人,本科,4.5,6.0,,5.25
49,web前端开发,上海,20-99人,本科,4.5,6.0,,5.25
50,前端开发,北京,1000-9999人,本科,6.0,12.0,,9.0
51,前端开发实习生,深圳,20-99人,本科,12.0,13.2,,12.6
52,软件开发实习生（web前端）,南京,100-499人,硕士,6.0,7.5,,6.75
53,实习-前端开发（北京落户指标）J13764,北京,1000-9999人,本科,5.4,6.6,,6.0
54,web前端,广州,暂无,本科,4.5,6.0,,5.25
55,前端开发工程师,成都,1000-9999人,本科,4.5,6.9,,5.7
56,全栈工程师,北京,10000人以上,本科,9.0,15.0,,12.0
57,前端开发实习生,北京,100-499人,本科,6.0,15.0,,10.5
58,webweb前端工程师,苏州,20-99人,本科,6.0,9.0,,7.5
59,阿里云2024届校园暑期实习招聘,北京,10000人以上,硕士,12.0,13.5,,12.75
60,web前端实习生,深圳,100-499人,本科,9.0,12.0,,10.5
61,web开发岗（23届可转正）,上海,100-499人,本科,7.5,9.0,,8.25
62,前端开发工程师,广州,500-999人,本科,4.5,9.0,,6.75
63,前端实习生,深圳,20-99人,本科,4.5,9.0,,6.75
64,web前端开发实习生,广州,1000-9999人,学历不限,3.3,3.6,,3.45
65,前端开发工程师,北京,20-99人,本科,9.0,15.0,,12.0
66,前端工程师（实习）(J10291),深圳,100-499人,本科,11.53,23.27,,17.4
67,web前端,杭州,10000人以上,本科,11.53,23.27,,17.4
68,web前端实习速来宝子们,上海,1000-9999人,本科,6.0,10.8,,8.4
69,Webweb前端研发实习生,上海,1000-9999人,本科,12.0,13.5,,12.75
70,前端开发实习生,北京,1000-9999人,本科,6.0,12.0,,9.0
71,web前端开发（包含秋招）,上海,10000人以上,本科,7.8,12.0,,9.9
72,web前端校招生（实习）,广州,100-499人,本科,6.0,6.3,13.0,6.15
73,提前批-Web前端实习生(J13948),北京,1000-9999人,本科,5.1,6.9,,6.0
74,前端开发工程师（实习）,上海,20-99人,本科,4.5,7.2,15.0,5.85
75,前端开发工程师,大连,1000-9999人,本科,4.5,6.9,,5.7
76,前端实习生招聘,北京,10000人以上,学历不限,7.5,9.0,,8.25
77,前端开发实习生,北京,100-499人,学历不限,7.5,12.0,,9.75
78,web前端工程师（实习）,深圳,20-99人,学历不限,5.4,7.8,12.0,6.6
79,阿里云2024届校园暑期实习招聘,杭州,10000人以上,硕士,12.0,13.5,,12.75
80,web前端开发实习生,北京,0-20人,本科,4.5,7.5,,6.0
81,开发实习生,深圳,20-99人,本科,6.0,9.0,,7.5
82,前端开发工程师,深圳,500-999人,本科,4.5,9.0,,6.75
83,Web前端开发实习生,上海,20-99人,本科,4.5,6.0,,5.25
84,React前端工程师（可远程）,北京,20-99人,本科,6.0,10.5,,8.25
85,南通前端实习生,南通,20-99人,本科,4.5,6.0,,5.25
86,web前端开发实习生,杭州,100-499人,本科,6.0,10.5,,8.25
87,前端开发工程师,杭州,500-999人,本科,4.5,9.0,,6.75
88,前端开发工程师,西安,500-999人,本科,4.5,9.0,,6.75
89,前端开发工程师,厦门,500-999人,本科,4.5,9.0,,6.75
90,前端开发实习,北京,1000-9999人,学历不限,7.8,15.0,,11.4
91,前端开发工程师（2024届暑期实习生）,深圳,10000人以上,本科,6.0,6.9,,6.45
92,前端开发工程师,武汉,500-999人,本科,4.5,9.0,,6.75
93,前端实习生(J14100),北京,1000-9999人,本科,4.5,7.5,,6.0
94,前端开发工程师,南京,500-999人,本科,4.5,9.0,,6.75
95,前端工程师（J13747),大连,1000-9999人,本科,4.5,6.0,,5.25
96,前端开发工程师,成都,500-999人,本科,4.5,9.0,,6.75
97,前端开发实习,广州,1000-9999人,学历不限,7.8,15.0,,11.4
98,23校招-前端工程师（J13747),大连,1000-9999人,本科,4.5,6.0,,5.25
99,前端开发实习生,杭州,10000人以上,本科,6.0,7.5,,6.75
100,前端工程师（J13747),大连,1000-9999人,本科,4.5,6.0,,5.25
101,web前端开发工程师,北京,10000人以上,本科,12.0,45.0,16.0,28.5
102,新浪移动前端基础架构组-前端开发工程师,北京,1000-9999人,本科,15.0,35.0,14.0,25.0
103,web前端开发工程师,北京,10000人以上,本科,11.0,35.0,14.0,23.0
104,webweb前端开发,广州,20-99人,大专,8.0,14.0,12.0,11.0
105,web前端（社招）,上海,20-99人,本科,10.0,15.0,13.0,12.5
106,WEB前端开发工程师,杭州,20-99人,本科,8.0,13.0,12.0,10.5
107,前端实习生(J14163),北京,1000-9999人,本科,3.0,5.0,12.0,4.0
108,前端开发,北京,10000人以上,本科,16.0,30.0,13.0,23.0
109,Web前端开发工程师（代发）,西安,500-999人,本科,13.0,40.0,14.0,26.5
110,前端开发专家,北京,暂无,硕士,15.0,25.0,12.0,20.0
111,前端研发工程师-抖音平台策略-939,北京,10000人以上,本科,20.0,40.0,12.0,30.0
112,web前端,深圳,1000-9999人,本科,20.0,40.0,15.0,30.0
113,web前端开发工程师,深圳,暂无,本科,14.0,28.0,13.0,21.0
114,web前端,广州,10000人以上,本科,15.0,40.0,14.0,27.5
115,金融平台-美股清结算系统Web前端开发OTA系统工程师,深圳,1000-9999人,本科,11.53,23.27,12.0,17.4
116,React前端工程师,上海,暂无,本科,15.0,20.0,13.0,17.5
117,前端开发工程师,北京,20-99人,本科,11.53,23.27,12.0,17.4
118,前端可视化工程师(J10898),杭州,500-999人,本科,18.0,25.0,13.0,21.5
119,web前端开发,北京,20-99人,本科,15.0,30.0,15.0,22.5
120,web前端工程师,西安,1000-9999人,本科,11.53,23.27,12.0,17.4
121,web前端开发工程师,深圳,10000人以上,本科,12.0,45.0,16.0,28.5
122,Web前端高级研发工程师,南京,100-499人,本科,15.0,30.0,14.0,22.5
123,web前端开发工程师,上海,10000人以上,本科,11.0,35.0,14.0,23.0
124,前端开发工程师,杭州,1000-9999人,本科,12.0,20.0,12.0,16.0
125,web前端开发（零经验）,上海,20-99人,本科,6.0,12.0,13.0,9.0
126,WEB前端开发工程师,西安,20-99人,本科,8.0,13.0,12.0,10.5
127,前端工程师开发,上海,20-99人,本科,8.0,15.0,13.0,11.5
128,web前端,上海,1000-9999人,本科,11.53,23.27,12.0,17.4
129,高级web前端开发工程师,杭州,1000-9999人,本科,15.0,35.0,14.0,25.0
130,web前端,南京,10000人以上,本科,11.53,23.27,,17.4
131,前端开发工程师-业务架构与平台方向-今日头条-nx0,广州,10000人以上,本科,20.0,40.0,12.0,30.0
132,web前端,西安,1000-9999人,本科,20.0,40.0,15.0,30.0
133,web前端—社招OD岗,西安,1000-9999人,本科,18.0,35.0,16.0,26.5
134,web前端,东莞,10000人以上,本科,15.0,40.0,14.0,27.5
135,网站前端开发工程师,广州,20-99人,本科,12.0,24.0,12.0,18.0
136,「社招」高级前端工程师,广州,1000-9999人,本科,11.53,23.27,12.0,17.4
137,web前端开发工程师（宁波）,宁波,20-99人,本科,9.0,20.0,13.0,14.5
138,【快手】前端开发,北京,10000人以上,本科,11.53,23.27,12.0,17.4
139,大淘宝内容技术web前端开发,杭州,10000人以上,本科,11.53,23.27,12.0,17.4
140,web前端,杭州,100-499人,本科,16.0,25.0,14.0,20.5
141,云服务Web开发工程师,深圳,10000人以上,本科,15.0,35.0,12.0,25.0
142,web前端,上海,1000-9999人,本科,10.0,18.0,12.0,14.0
143,web前端开发工程师,杭州,10000人以上,本科,11.0,35.0,14.0,23.0
144,Web前端开发工程师,济南,100-499人,本科,8.0,14.0,14.0,11.0
145,web前端,东莞,20-99人,学历不限,8.0,12.0,13.0,10.0
146,WEB前端开发工程师,济南,20-99人,本科,8.0,13.0,12.0,10.5
147,WEB前端开发工程师（可一直远程办公）,苏州,20-99人,学历不限,15.0,30.0,14.0,22.5
148,前端开发工程师,上海,1000-9999人,学历不限,30.0,60.0,16.0,45.0
149,高级web前端开发工程师,上海,1000-9999人,本科,15.0,50.0,15.0,32.5
150,web前端工程师,长沙,20-99人,本科,11.0,21.0,16.0,16.0
151,web前端开发工程师-音乐-luu,上海,10000人以上,本科,25.0,50.0,12.0,37.5
152,web前端,东莞,1000-9999人,本科,20.0,40.0,15.0,30.0
153,web前端—社招OD岗,杭州,1000-9999人,本科,18.0,35.0,16.0,26.5
154,web前端,深圳,10000人以上,本科,15.0,40.0,14.0,27.5
155,华为OD前端开发,成都,1000-9999人,本科,14.0,30.0,14.0,22.0
156,前端开发工程师,成都,20-99人,大专,6.0,10.0,12.0,8.0
157,前端研发工程师,北京,10000人以上,学历不限,20.0,40.0,12.0,30.0
158,web前端开发,武汉,1000-9999人,本科,15.0,30.0,12.0,22.5
159,大淘宝内容技术web前端开发,北京,10000人以上,本科,11.53,23.27,12.0,17.4
160,web前端开发,杭州,100-499人,本科,15.0,25.0,14.0,20.0
161,web前端开发,深圳,10000人以上,本科,15.0,30.0,16.0,22.5
162,前端开发工程师,北京,100-499人,本科,15.0,25.0,15.0,20.0
163,web前端开发工程师,南京,10000人以上,本科,11.0,35.0,14.0,23.0
164,农银金科Web开发岗,北京,10000人以上,本科,11.53,23.27,12.0,17.4
165,web前端开发工程师,北京,1000-9999人,硕士,10.0,25.0,14.0,17.5
166,前端研发实习生,北京,500-999人,本科,6.0,10.0,12.0,8.0
167,高级前端开发工程师,贵阳,20-99人,本科,8.0,15.0,12.0,11.5
168,高级Web前端开发工程师,上海,1000-9999人,本科,25.0,50.0,18.0,37.5
169,软件工程师-Web前端,北京,100-499人,本科,11.53,23.27,,17.4
170,前端开发工程师,杭州,1000-9999人,硕士,17.0,30.0,15.0,23.5
171,web前端-字节-商业化,北京,10000人以上,学历不限,11.53,23.27,12.0,17.4
172,web前端,西安,1000-9999人,本科,18.0,40.0,14.0,29.0
173,web前端—社招OD岗,深圳,1000-9999人,本科,18.0,35.0,16.0,26.5
174,web前端,济南,10000人以上,本科,15.0,40.0,14.0,27.5
175,webweb前端,成都,1000-9999人,本科,15.0,30.0,15.0,22.5
176,云平台开发工程师-Web可视化方向,北京,1000-9999人,本科,16.0,35.0,12.0,25.5
177,web前端开发工程师,成都,10000人以上,本科,11.0,35.0,14.0,23.0
178,web前端开发工程师,深圳,10000人以上,本科,11.0,35.0,14.0,23.0
179,web前端开发工程师,东莞,10000人以上,本科,15.0,35.0,14.0,25.0
180,web前端开发,杭州,10000人以上,本科,15.0,30.0,16.0,22.5
181,web前端开发,南京,10000人以上,本科,15.0,30.0,16.0,22.5
182,web前端,西安,10000人以上,本科,15.0,30.0,16.0,22.5
183,web前端,深圳,10000人以上,本科,15.0,30.0,16.0,22.5
184,web前端,北京,10000人以上,本科,15.0,30.0,16.0,22.5
185,web前端开发工程师,西安,1000-9999人,硕士,10.0,25.0,14.0,17.5
186,web前端,深圳,10000人以上,本科,15.0,40.0,14.0,27.5
187,web前端,北京,10000人以上,本科,15.0,40.0,14.0,27.5
188,web前端,杭州,10000人以上,本科,15.0,40.0,14.0,27.5
189,web前端,南京,10000人以上,本科,15.0,40.0,14.0,27.5
190,web前端,成都,10000人以上,本科,15.0,40.0,14.0,27.5
191,web前端,西安,10000人以上,本科,15.0,40.0,14.0,27.5
192,WEB前端开发工程师,深圳,1000-9999人,本科,15.0,25.0,14.0,20.0
193,WEB开发（华为云）,北京,10000人以上,本科,12.0,30.0,15.0,21.0
194,web前端,西安,10000人以上,本科,15.0,40.0,14.0,27.5
195,webweb前端,上海,1000-9999人,本科,15.0,30.0,15.0,22.5
196,web前端,深圳,10000人以上,本科,12.0,24.0,14.0,18.0
197,前端开发工程师,深圳,10000人以上,本科,15.0,30.0,14.0,22.5
198,前端开发工程师,广州,10000人以上,本科,15.0,30.0,14.0,22.5
199,前端开发工程师,南京,10000人以上,本科,15.0,30.0,14.0,22.5
200,前端开发工程师,西安,10000人以上,本科,15.0,30.0,14.0,22.5
201,前端开发工程师,东莞,10000人以上,本科,15.0,30.0,14.0,22.5
202,前端开发工程师,北京,10000人以上,本科,15.0,30.0,14.0,22.5
203,前端开发工程师,杭州,10000人以上,本科,15.0,40.0,14.0,27.5
204,前端开发工程师,南京,10000人以上,本科,15.0,40.0,14.0,27.5
205,前端开发工程师,深圳,10000人以上,本科,15.0,40.0,14.0,27.5
206,前端开发工程师,东莞,10000人以上,本科,15.0,40.0,14.0,27.5
207,前端开发工程师,成都,10000人以上,本科,15.0,40.0,14.0,27.5
208,前端开发工程师,西安,10000人以上,本科,15.0,40.0,14.0,27.5
209,前端开发工程师,武汉,10000人以上,本科,15.0,40.0,14.0,27.5
210,web前端,深圳,10000人以上,本科,10.0,35.0,16.0,22.5
211,前端开发工程师（可接受23届，六险一金）,西安,10000人以上,本科,15.0,30.0,12.0,22.5
212,WEB前端开发工程师,南京,1000-9999人,本科,15.0,25.0,14.0,20.0
213,webweb前端,北京,10000人以上,本科,15.0,30.0,14.0,22.5
214,web前端,北京,10000人以上,本科,15.0,40.0,14.0,27.5
215,前端web开发工程师,成都,1000-9999人,本科,14.0,28.0,12.0,21.0
216,webweb前端,上海,10000人以上,本科,15.0,30.0,14.0,22.5
217,webweb前端,广州,10000人以上,本科,15.0,30.0,14.0,22.5
218,webweb前端,深圳,10000人以上,本科,15.0,30.0,14.0,22.5
219,webweb前端,西安,10000人以上,本科,15.0,30.0,14.0,22.5
220,webweb前端,东莞,10000人以上,本科,15.0,30.0,14.0,22.5
221,web前端,上海,10000人以上,本科,15.0,40.0,14.0,27.5
222,web前端,成都,10000人以上,本科,15.0,40.0,14.0,27.5
223,web前端开发工程师——外企德科,深圳,10000人以上,本科,15.0,30.0,16.0,22.5
224,web前端开发,北京,10000人以上,本科,15.0,30.0,15.0,22.5
225,web前端,北京,10000人以上,本科,15.0,30.0,15.0,22.5
226,前端开发工程师,西安,10000人以上,本科,10.0,30.0,16.0,20.0
227,华为招聘前端开发(OD),深圳,10000人以上,本科,20.0,40.0,16.0,30.0
228,前端开发（可线上面试）,深圳,10000人以上,本科,11.53,23.27,12.0,17.4
229,软件开发（前端）,东莞,10000人以上,本科,15.0,35.0,14.0,25.0
230,软件开发工程师（web前端、web后端）,东莞,10000人以上,本科,15.0,40.0,14.0,27.5
231,华为云-前端开发德科OD,成都,10000人以上,本科,15.0,30.0,16.0,22.5
232,华为云-前端开发德科OD,深圳,10000人以上,本科,15.0,30.0,16.0,22.5
233,华为云-前端开发德科OD,北京,10000人以上,本科,15.0,30.0,16.0,22.5
234,华为云-前端开发德科OD,西安,10000人以上,本科,15.0,30.0,16.0,22.5
235,华为云-前端开发德科OD,杭州,10000人以上,本科,15.0,30.0,16.0,22.5
236,华为云-前端开发德科OD,南京,10000人以上,本科,15.0,30.0,16.0,22.5
237,前端开发工程师,深圳,10000人以上,本科,20.0,40.0,14.0,30.0
238,前端开发工程师,西安,10000人以上,本科,20.0,40.0,14.0,30.0
239,前端开发工程师,武汉,10000人以上,本科,20.0,40.0,14.0,30.0
240,前端开发工程师,北京,10000人以上,本科,20.0,40.0,14.0,30.0
241,前端开发工程师,上海,10000人以上,本科,20.0,40.0,14.0,30.0
242,前端开发工程师,杭州,10000人以上,本科,20.0,40.0,14.0,30.0
243,华为OD web前端,深圳,10000人以上,本科,15.0,30.0,14.0,22.5
244,华为OD web前端,杭州,10000人以上,本科,15.0,30.0,14.0,22.5
245,web前端开发工程,深圳,10000人以上,本科,15.0,30.0,15.0,22.5
246,web前端开发工程,南京,10000人以上,本科,15.0,30.0,15.0,22.5
247,web前端开发工程,西安,10000人以上,本科,15.0,30.0,15.0,22.5
248,Web前端开发工程师【OD】,成都,10000人以上,本科,15.0,25.0,14.0,20.0
249,web前端,西安,10000人以上,本科,13.0,20.0,12.0,16.5
250,软件开发工程师（前端）,西安,10000人以上,本科,20.0,35.0,12.0,27.5
251,React/JS开发大数据开发工程师-OD,北京,10000人以上,本科,15.0,30.0,15.0,22.5
252,Web前端,东莞,10000人以上,本科,15.0,25.0,12.0,20.0
253,前端开发工程师,武汉,10000人以上,学历不限,15.0,30.0,12.0,22.5
254,前端开发工程师,武汉,10000人以上,本科,9.0,35.0,14.0,22.0
255,Web前端开发工程师-成都,成都,10000人以上,本科,15.0,25.0,12.0,20.0
256,Web前端开发工程师,上海,10000人以上,本科,15.0,25.0,12.0,20.0
257,Web前端开发工程师,西安,10000人以上,本科,15.0,25.0,12.0,20.0
258,web前端工程师,西安,10000人以上,本科,15.0,30.0,14.0,22.5
259,前端开发工程师-科锐：西安华为OD招聘,西安,10000人以上,本科,10.0,40.0,15.0,25.0
260,软件开发工程师（前端）,西安,10000人以上,本科,15.0,30.0,14.0,22.5
261,web前端高级工程师,西安,10000人以上,本科,11.53,23.27,12.0,17.4
262,JS软件开发工程师,东莞,10000人以上,本科,15.0,25.0,15.0,20.0
